{"type":"FeatureCollection","features":[{"type":"Feature","geometry":null,"properties":{"risk_score":1.7746577356938864,"verdict":"RED_BLOCKS_DRAINAGE","lost_frac":0,"flow_frac":1.0,"upstream_km2":7.036657220667058,"hand_m":50,"area_in_meters":186.51280212402344,"confidence":0.8125}},{"type":"Feature","geometry":null,"properties":{"risk_score":1.2338736348166532,"verdict":"RED_BLOCKS_DRAINAGE","lost_frac":0,"flow_frac":1.0,"upstream_km2":3.258685350418091,"hand_m":50,"area_in_meters":50.91469955444336,"confidence":0.8125}},{"type":"Feature","geometry":null,"properties":{"risk_score":30.538655242299917,"verdict":"AMBER_PARTIAL","lost_frac":0,"flow_frac":0.38461538461538464,"upstream_km2":10.554381252481388,"hand_m":0.33846341646634615,"area_in_meters":55.06570053100586,"confidence":0.8125}},{"type":"Feature","geometry":null,"properties":{"risk_score":1.0358857361639484,"verdict":"RED_BLOCKS_DRAINAGE","lost_frac":0,"flow_frac":1.0,"upstream_km2":2.3752171993255615,"hand_m":50,"area_in_meters":51.380699157714844,"confidence":0.8125}},{"type":"Feature","geometry":null,"properties":{"risk_score":45.16438053392602,"verdict":"RED_BLOCKS_DRAINAGE","lost_frac":0,"flow_frac":0.5588235294117647,"upstream_km2":16.221079547506047,"hand_m":0.5293902228860294,"area_in_meters":118.12550354003906,"confidence":0.875}},{"type":"Feature","geometry":null,"properties":{"risk_score":2.707563243983808,"verdict":"RED_BLOCKS_DRAINAGE","lost_frac":0,"flow_frac":1.0,"upstream_km2":23.03572654724121,"hand_m":50,"area_in_meters":43.366798400878906,"confidence":0.7555999755859375}},{"type":"Feature","geometry":null,"properties":{"risk_score":1.0124383803323538,"verdict":"RED_BLOCKS_DRAINAGE","lost_frac":0,"flow_frac":1.0,"upstream_km2":2.2835495471954346,"hand_m":50,"area_in_meters":75.2426986694336,"confidence":0.7555999755859375}},{"type":"Feature","geometry":null,"properties":{"risk_score":3.664834538806008,"verdict":"RED_BLOCKS_DRAINAGE","lost_frac":0,"flow_frac":1.0,"upstream_km2":72.9717025756836,"hand_m":50,"area_in_meters":48.108699798583984,"confidence":0.8180999755859375}},{"type":"Feature","geometry":null,"properties":{"risk_score":4.1442745723206755,"verdict":"AMBER_PARTIAL","lost_frac":0,"flow_frac":0.3888888888888889,"upstream_km2":0.944976447460552,"hand_m":1.7111036512586806,"area_in_meters":60.410701751708984,"confidence":0.8180999755859375}},{"type":"Feature","geometry":null,"properties":{"risk_score":3.410753418582171,"verdict":"RED_BLOCKS_DRAINAGE","lost_frac":0,"flow_frac":1.0,"upstream_km2":53.88886411623522,"hand_m":50,"area_in_meters":97.07479858398438,"confidence":0.8180999755859375}},{"type":"Feature","geometry":null,"properties":{"risk_score":2.726258167272088,"verdict":"RED_BLOCKS_DRAINAGE","lost_frac":0,"flow_frac":1.0,"upstream_km2":23.569236755371094,"hand_m":50,"area_in_meters":66.17649841308594,"confidence":0.8180999755859375}},{"type":"Feature","geometry":null,"properties":{"risk_score":1.9758507251855266,"verdict":"RED_BLOCKS_DRAINAGE","lost_frac":0,"flow_frac":1.0,"upstream_km2":9.178502082824707,"hand_m":50,"area_in_meters":199.86700439453125,"confidence":0.8805999755859375}},{"type":"Feature","geometry":null,"properties":{"risk_score":1.2050599037414342,"verdict":"RED_BLOCKS_DRAINAGE","lost_frac":0,"flow_frac":1.0,"upstream_km2":3.116997003555298,"hand_m":50,"area_in_meters":123.11139678955078,"confidence":0.8805999755859375}},{"type":"Feature","geometry":null,"properties":{"risk_score":138.68216278119897,"verdict":"RED_BLOCKS_DRAINAGE","lost_frac":0,"flow_frac":0.989247311827957,"upstream_km2":26.04232775684326,"hand_m":0.021505376344086023,"area_in_meters":321.1440124511719,"confidence":0.9430999755859375}},{"type":"Feature","geometry":null,"properties":{"risk_score":1.2254810334339632,"verdict":"RED_BLOCKS_DRAINAGE","lost_frac":0,"flow_frac":1.0,"upstream_km2":3.2169196605682373,"hand_m":50,"area_in_meters":77.24539947509766,"confidence":0.8694000244140625}},{"type":"Feature","geometry":null,"properties":{"risk_score":2.7994755610117856,"verdict":"RED_BLOCKS_DRAINAGE","lost_frac":0,"flow_frac":1.0,"upstream_km2":25.775188446044922,"hand_m":50,"area_in_meters":83.49629974365234,"confidence":0.8694000244140625}},{"type":"Feature","geometry":null,"properties":{"risk_score":1.6883625978770795,"verdict":"GREEN_CLEAR","lost_frac":0,"flow_frac":0.08888888888888888,"upstream_km2":2.1727918337202734,"hand_m":1.6399888780381944,"area_in_meters":153.2667999267578,"confidence":0.8694000244140625}},{"type":"Feature","geometry":null,"properties":{"risk_score":1.3254319474144531,"verdict":"RED_BLOCKS_DRAINAGE","lost_frac":0,"flow_frac":1.0,"upstream_km2":3.742095470428467,"hand_m":50,"area_in_meters":153.51600646972656,"confidence":0.7042999863624573}},{"type":"Feature","geometry":null,"properties":{"risk_score":2.7092155550254176,"verdict":"RED_BLOCKS_DRAINAGE","lost_frac":0,"flow_frac":1.0,"upstream_km2":23.08240928649902,"hand_m":50,"area_in_meters":232.20970153808594,"confidence":0.7667999863624573}},{"type":"Feature","geometry":null,"properties":{"risk_score":2.912502145589217,"verdict":"RED_BLOCKS_DRAINAGE","lost_frac":0,"flow_frac":1.0,"upstream_km2":29.5756778717041,"hand_m":50,"area_in_meters":53.794700622558594,"confidence":0.8292999863624573}},{"type":"Feature","geometry":null,"properties":{"risk_score":2.384922637330153,"verdict":"RED_BLOCKS_DRAINAGE","lost_frac":0,"flow_frac":1.0,"upstream_km2":15.455479621887207,"hand_m":50,"area_in_meters":61.74879837036133,"confidence":0.8292999863624573}},{"type":"Feature","geometry":null,"properties":{"risk_score":1.3072678083372562,"verdict":"RED_BLOCKS_DRAINAGE","lost_frac":0,"flow_frac":1.0,"upstream_km2":3.6420154571533203,"hand_m":50,"area_in_meters":385.123291015625,"confidence":0.8917999863624573}},{"type":"Feature","geometry":null,"properties":{"risk_score":2.9139885607176033,"verdict":"RED_BLOCKS_DRAINAGE","lost_frac":0,"flow_frac":1.0,"upstream_km2":29.62909507751465,"hand_m":50,"area_in_meters":100.70999908447266,"confidence":0.7612000107765198}},{"type":"Feature","geometry":null,"properties":{"risk_score":1.0147431240022355,"verdict":"RED_BLOCKS_DRAINAGE","lost_frac":0,"flow_frac":1.0,"upstream_km2":2.2924485206604004,"hand_m":50,"area_in_meters":195.70919799804688,"confidence":0.8237000107765198}},{"type":"Feature","geometry":null,"properties":{"risk_score":11.61530533497546,"verdict":"AMBER_PARTIAL","lost_frac":0,"flow_frac":0.19047619047619047,"upstream_km2":14.929059268285831,"hand_m":0.971438453311012,"area_in_meters":82.68840026855469,"confidence":0.8862000107765198}},{"type":"Feature","geometry":null,"properties":{"risk_score":1.0483981008233028,"verdict":"RED_BLOCKS_DRAINAGE","lost_frac":0,"flow_frac":1.0,"upstream_km2":2.4251770973205566,"hand_m":50,"area_in_meters":68.16729736328125,"confidence":0.715499997138977}},{"type":"Feature","geometry":null,"properties":{"risk_score":13.587552397688327,"verdict":"AMBER_PARTIAL","lost_frac":0,"flow_frac":0.33333333333333337,"upstream_km2":2.2834743323425455,"hand_m":0.2666829427083333,"area_in_meters":157.5771026611328,"confidence":0.777999997138977}},{"type":"Feature","geometry":null,"properties":{"risk_score":70.17522773956152,"verdict":"RED_BLOCKS_DRAINAGE","lost_frac":0,"flow_frac":0.6,"upstream_km2":17.32868282198906,"hand_m":0.07998046875,"area_in_meters":152.90109252929688,"confidence":0.840499997138977}},{"type":"Feature","geometry":null,"properties":{"risk_score":2.9424738532717676,"verdict":"RED_BLOCKS_DRAINAGE","lost_frac":0,"flow_frac":1.0,"upstream_km2":30.670991897583008,"hand_m":50,"area_in_meters":186.4176025390625,"confidence":0.840499997138977}},{"type":"Feature","geometry":null,"properties":{"risk_score":15.823072659099838,"verdict":"RED_BLOCKS_DRAINAGE","lost_frac":0,"flow_frac":0.6363636363636364,"upstream_km2":2.110077966343273,"hand_m":0.9818004261363636,"area_in_meters":77.70670318603516,"confidence":0.840499997138977}},{"type":"Feature","geometry":null,"properties":{"risk_score":2.1127822565205743,"verdict":"RED_BLOCKS_DRAINAGE","lost_frac":0,"flow_frac":1.0,"upstream_km2":10.954156875610352,"hand_m":50,"area_in_meters":78.86229705810547,"confidence":0.840499997138977}},{"type":"Feature","geometry":null,"properties":{"risk_score":2.807346376073556,"verdict":"RED_BLOCKS_DRAINAGE","lost_frac":0,"flow_frac":1.0,"upstream_km2":26.023814543238228,"hand_m":50,"area_in_meters":178.55560302734375,"confidence":0.840499997138977}},{"type":"Feature","geometry":null,"properties":{"risk_score":3.5869388063987198,"verdict":"AMBER_PARTIAL","lost_frac":0,"flow_frac":0.24324324324324326,"upstream_km2":7.103754936943988,"hand_m":5.162129170185811,"area_in_meters":130.69129943847656,"confidence":0.840499997138977}},{"type":"Feature","geometry":null,"properties":{"risk_score":2.8429107121978765,"verdict":"RED_BLOCKS_DRAINAGE","lost_frac":0,"flow_frac":1.0,"upstream_km2":27.176332473754883,"hand_m":50,"area_in_meters":299.8844909667969,"confidence":0.902999997138977}},{"type":"Feature","geometry":null,"properties":{"risk_score":2.9139885607176033,"verdict":"RED_BLOCKS_DRAINAGE","lost_frac":0,"flow_frac":1.0,"upstream_km2":29.62909507751465,"hand_m":50,"area_in_meters":122.62220001220703,"confidence":0.7210999727249146}},{"type":"Feature","geometry":null,"properties":{"risk_score":1.2338736348166532,"verdict":"RED_BLOCKS_DRAINAGE","lost_frac":0,"flow_frac":1.0,"upstream_km2":3.258685350418091,"hand_m":50,"area_in_meters":70.83509826660156,"confidence":0.7835999727249146}},{"type":"Feature","geometry":null,"properties":{"risk_score":2.746734327379937,"verdict":"RED_BLOCKS_DRAINAGE","lost_frac":0,"flow_frac":1.0,"upstream_km2":24.167177200317383,"hand_m":50,"area_in_meters":74.02839660644531,"confidence":0.8460999727249146}},{"type":"Feature","geometry":null,"properties":{"risk_score":1.368782253536659,"verdict":"AMBER_PARTIAL","lost_frac":0.16216216216216217,"flow_frac":0.16216216216216217,"upstream_km2":0.3611596840609973,"hand_m":0.586445576435811,"area_in_meters":242.28399658203125,"confidence":0.8460999727249146}},{"type":"Feature","geometry":null,"properties":{"risk_score":1.0789346998056413,"verdict":"RED_BLOCKS_DRAINAGE","lost_frac":0,"flow_frac":1.0,"upstream_km2":2.550231695175171,"hand_m":50,"area_in_meters":181.45889282226562,"confidence":0.9085999727249146}},{"type":"Feature","geometry":null,"properties":{"risk_score":75.92194391375324,"verdict":"RED_BLOCKS_DRAINAGE","lost_frac":0,"flow_frac":0.6666666666666666,"upstream_km2":18.528061979760725,"hand_m":0.13332112630208331,"area_in_meters":133.68190002441406,"confidence":0.9085999727249146}},{"type":"Feature","geometry":null,"properties":{"risk_score":8.532721446220734,"verdict":"AMBER_PARTIAL","lost_frac":0,"flow_frac":0.33774834437086093,"upstream_km2":9.12797602347487,"hand_m":2.9801324503311255,"area_in_meters":521.0316772460938,"confidence":0.7724000215530396}},{"type":"Feature","geometry":null,"properties":{"risk_score":7.284109090694907,"verdict":"AMBER_PARTIAL","lost_frac":0,"flow_frac":0.3225806451612903,"upstream_km2":5.191338165152458,"hand_m":2.5064598821824595,"area_in_meters":107.94889831542969,"confidence":0.8349000215530396}},{"type":"Feature","geometry":null,"properties":{"risk_score":13.637545947733301,"verdict":"RED_BLOCKS_DRAINAGE","lost_frac":0,"flow_frac":0.5168539325842697,"upstream_km2":1.1392480970015015,"hand_m":0.25166783707865165,"area_in_meters":316.61810302734375,"confidence":0.8349000215530396}},{"type":"Feature","geometry":null,"properties":{"risk_score":7.562479590438007,"verdict":"AMBER_PARTIAL","lost_frac":0,"flow_frac":0.3333333333333333,"upstream_km2":3.629156853382786,"hand_m":1.9333496093749998,"area_in_meters":42.398399353027344,"confidence":0.7267000079154968}},{"type":"Feature","geometry":null,"properties":{"risk_score":2.747017985395026,"verdict":"RED_BLOCKS_DRAINAGE","lost_frac":0,"flow_frac":1.0,"upstream_km2":24.175561904907227,"hand_m":50,"area_in_meters":181.64109802246094,"confidence":0.7892000079154968}},{"type":"Feature","geometry":null,"properties":{"risk_score":2.7994755610117856,"verdict":"RED_BLOCKS_DRAINAGE","lost_frac":0,"flow_frac":1.0,"upstream_km2":25.775188446044922,"hand_m":50,"area_in_meters":106.90540313720703,"confidence":0.7892000079154968}},{"type":"Feature","geometry":null,"properties":{"risk_score":1.0483981008233028,"verdict":"RED_BLOCKS_DRAINAGE","lost_frac":0,"flow_frac":1.0,"upstream_km2":2.4251770973205566,"hand_m":50,"area_in_meters":71.60790252685547,"confidence":0.7892000079154968}},{"type":"Feature","geometry":null,"properties":{"risk_score":2.7279899493783475,"verdict":"RED_BLOCKS_DRAINAGE","lost_frac":0,"flow_frac":1.0,"upstream_km2":23.619253158569336,"hand_m":50,"area_in_meters":214.1721954345703,"confidence":0.7892000079154968}},{"type":"Feature","geometry":null,"properties":{"risk_score":1.0543179353820649,"verdict":"RED_BLOCKS_DRAINAGE","lost_frac":0,"flow_frac":0.9230769230769231,"upstream_km2":2.8239363899024634,"hand_m":50,"area_in_meters":56.92620086669922,"confidence":0.7892000079154968}},{"type":"Feature","geometry":null,"properties":{"risk_score":3.665416469974476,"verdict":"RED_BLOCKS_DRAINAGE","lost_frac":0,"flow_frac":1.0,"upstream_km2":73.02227007756467,"hand_m":50,"area_in_meters":223.91720581054688,"confidence":0.9142000079154968}},{"type":"Feature","geometry":null,"properties":{"risk_score":1.0015619133127636,"verdict":"RED_BLOCKS_DRAINAGE","lost_frac":0,"flow_frac":1.0,"upstream_km2":2.241877317428589,"hand_m":50,"area_in_meters":62.32709884643555,"confidence":0.7322999835014343}},{"type":"Feature","geometry":null,"properties":{"risk_score":2.754111722614967,"verdict":"RED_BLOCKS_DRAINAGE","lost_frac":0,"flow_frac":1.0,"upstream_km2":24.386157989501953,"hand_m":50,"area_in_meters":184.71670532226562,"confidence":0.7947999835014343}},{"type":"Feature","geometry":null,"properties":{"risk_score":2.7574605196361532,"verdict":"RED_BLOCKS_DRAINAGE","lost_frac":0,"flow_frac":1.0,"upstream_km2":24.486186981201172,"hand_m":50,"area_in_meters":245.83030700683594,"confidence":0.8572999835014343}},{"type":"Feature","geometry":null,"properties":{"risk_score":1.0147431240022355,"verdict":"RED_BLOCKS_DRAINAGE","lost_frac":0,"flow_frac":1.0,"upstream_km2":2.2924485206604004,"hand_m":50,"area_in_meters":136.21719360351562,"confidence":0.8572999835014343}},{"type":"Feature","geometry":null,"properties":{"risk_score":3.728689473464577,"verdict":"RED_BLOCKS_DRAINAGE","lost_frac":0,"flow_frac":1.0,"upstream_km2":78.7318115234375,"hand_m":50,"area_in_meters":1033.440673828125,"confidence":0.9197999835014343}},{"type":"Feature","geometry":null,"properties":{"risk_score":52.301931452098614,"verdict":"RED_BLOCKS_DRAINAGE","lost_frac":0,"flow_frac":0.9761904761904762,"upstream_km2":2.62024157072994,"hand_m":0.042856852213541664,"area_in_meters":142.76840209960938,"confidence":0.8059999942779541}},{"type":"Feature","geometry":null,"properties":{"risk_score":1.3591785419052378,"verdict":"RED_BLOCKS_DRAINAGE","lost_frac":0,"flow_frac":1.0,"upstream_km2":3.9337944984436035,"hand_m":50,"area_in_meters":362.5143127441406,"confidence":0.9309999942779541}},{"type":"Feature","geometry":null,"properties":{"risk_score":1.9114071389629308,"verdict":"RED_BLOCKS_DRAINAGE","lost_frac":0,"flow_frac":1.0,"upstream_km2":8.4366455078125,"hand_m":50,"area_in_meters":48.25559997558594,"confidence":0.7379000186920166}},{"type":"Feature","geometry":null,"properties":{"risk_score":2.896901136240221,"verdict":"RED_BLOCKS_DRAINAGE","lost_frac":0,"flow_frac":1.0,"upstream_km2":29.020614624023438,"hand_m":50,"area_in_meters":209.74789428710938,"confidence":0.7379000186920166}},{"type":"Feature","geometry":null,"properties":{"risk_score":2.707563243983808,"verdict":"RED_BLOCKS_DRAINAGE","lost_frac":0,"flow_frac":1.0,"upstream_km2":23.03572654724121,"hand_m":50,"area_in_meters":93.69309997558594,"confidence":0.8004000186920166}},{"type":"Feature","geometry":null,"properties":{"risk_score":42.87060162779412,"verdict":"RED_BLOCKS_DRAINAGE","lost_frac":0,"flow_frac":0.5769230769230769,"upstream_km2":13.46650382815502,"hand_m":0.5615375225360577,"area_in_meters":92.24759674072266,"confidence":0.8004000186920166}},{"type":"Feature","geometry":null,"properties":{"risk_score":2.734882007150012,"verdict":"RED_BLOCKS_DRAINAGE","lost_frac":0,"flow_frac":1.0,"upstream_km2":23.819316864013672,"hand_m":50,"area_in_meters":55.28620147705078,"confidence":0.8004000186920166}},{"type":"Feature","geometry":null,"properties":{"risk_score":1.0789346998056413,"verdict":"RED_BLOCKS_DRAINAGE","lost_frac":0,"flow_frac":1.0,"upstream_km2":2.550231695175171,"hand_m":50,"area_in_meters":54.08089828491211,"confidence":0.8004000186920166}},{"type":"Feature","geometry":null,"properties":{"risk_score":1.7822664623711828,"verdict":"RED_BLOCKS_DRAINAGE","lost_frac":0,"flow_frac":1.0,"upstream_km2":7.1087870597839355,"hand_m":50,"area_in_meters":103.32420349121094,"confidence":0.8004000186920166}},{"type":"Feature","geometry":null,"properties":{"risk_score":6.369868355524222,"verdict":"AMBER_PARTIAL","lost_frac":0,"flow_frac":0.28178694158075607,"upstream_km2":7.717943311656134,"hand_m":3.16015499154317,"area_in_meters":1004.1669921875,"confidence":0.9254000186920166}},{"type":"Feature","geometry":null,"properties":{"risk_score":2.746734327379937,"verdict":"RED_BLOCKS_DRAINAGE","lost_frac":0,"flow_frac":1.0,"upstream_km2":24.167177200317383,"hand_m":50,"area_in_meters":189.69459533691406,"confidence":0.7547000050544739}},{"type":"Feature","geometry":null,"properties":{"risk_score":1.1901941746204636,"verdict":"RED_BLOCKS_DRAINAGE","lost_frac":0,"flow_frac":1.0,"upstream_km2":3.045749871961532,"hand_m":50,"area_in_meters":112.85079956054688,"confidence":0.8172000050544739}},{"type":"Feature","geometry":null,"properties":{"risk_score":2.8074058353368185,"verdict":"RED_BLOCKS_DRAINAGE","lost_frac":0,"flow_frac":1.0,"upstream_km2":26.02570152282715,"hand_m":50,"area_in_meters":520.7655029296875,"confidence":0.9422000050544739}},{"type":"Feature","geometry":null,"properties":{"risk_score":2.726258167272088,"verdict":"RED_BLOCKS_DRAINAGE","lost_frac":0,"flow_frac":1.0,"upstream_km2":23.569236755371094,"hand_m":50,"area_in_meters":67.27439880371094,"confidence":0.7602999806404114}},{"type":"Feature","geometry":null,"properties":{"risk_score":2.1718419093465227,"verdict":"RED_BLOCKS_DRAINAGE","lost_frac":0,"flow_frac":1.0,"upstream_km2":11.812662124633789,"hand_m":50,"area_in_meters":84.77320098876953,"confidence":0.8227999806404114}},{"type":"Feature","geometry":null,"properties":{"risk_score":1.2271810506247398,"verdict":"RED_BLOCKS_DRAINAGE","lost_frac":0,"flow_frac":1.0,"upstream_km2":3.225346565246582,"hand_m":50,"area_in_meters":102.1052017211914,"confidence":0.8852999806404114}},{"type":"Feature","geometry":null,"properties":{"risk_score":2.728566428327632,"verdict":"RED_BLOCKS_DRAINAGE","lost_frac":0,"flow_frac":1.0,"upstream_km2":23.63592529296875,"hand_m":50,"area_in_meters":85.0718002319336,"confidence":0.8852999806404114}},{"type":"Feature","geometry":null,"properties":{"risk_score":92.96020462902595,"verdict":"RED_BLOCKS_DRAINAGE","lost_frac":0,"flow_frac":0.9607843137254902,"upstream_km2":10.44482011212876,"hand_m":0.0941186044730392,"area_in_meters":177.13499450683594,"confidence":0.8741000294685364}},{"type":"Feature","geometry":null,"properties":{"risk_score":2.815768104795779,"verdict":"RED_BLOCKS_DRAINAGE","lost_frac":0,"flow_frac":1.0,"upstream_km2":26.292400360107422,"hand_m":50,"area_in_meters":59.122100830078125,"confidence":0.8741000294685364}},{"type":"Feature","geometry":null,"properties":{"risk_score":1.8058181734407701,"verdict":"RED_BLOCKS_DRAINAGE","lost_frac":0,"flow_frac":1.0,"upstream_km2":7.336183547973633,"hand_m":50,"area_in_meters":98.52110290527344,"confidence":0.8741000294685364}},{"type":"Feature","geometry":null,"properties":{"risk_score":3.4571319472223534,"verdict":"AMBER_PARTIAL","lost_frac":0,"flow_frac":0.23529411764705882,"upstream_km2":6.537845499156153,"hand_m":4.970588235294118,"area_in_meters":76.04499816894531,"confidence":0.8741000294685364}},{"type":"Feature","geometry":null,"properties":{"risk_score":2.728566428327632,"verdict":"RED_BLOCKS_DRAINAGE","lost_frac":0,"flow_frac":1.0,"upstream_km2":23.63592529296875,"hand_m":50,"area_in_meters":60.860801696777344,"confidence":0.7034000158309937}},{"type":"Feature","geometry":null,"properties":{"risk_score":2.7531828599866013,"verdict":"RED_BLOCKS_DRAINAGE","lost_frac":0,"flow_frac":1.0,"upstream_km2":24.358482360839844,"hand_m":50,"area_in_meters":113.4541015625,"confidence":0.7659000158309937}},{"type":"Feature","geometry":null,"properties":{"risk_score":2.860333540653563,"verdict":"RED_BLOCKS_DRAINAGE","lost_frac":0,"flow_frac":1.0,"upstream_km2":27.758756637573242,"hand_m":50,"area_in_meters":136.49879455566406,"confidence":0.7659000158309937}},{"type":"Feature","geometry":null,"properties":{"risk_score":1.218722239743642,"verdict":"RED_BLOCKS_DRAINAGE","lost_frac":0,"flow_frac":1.0,"upstream_km2":3.1835825443267822,"hand_m":50,"area_in_meters":57.57789993286133,"confidence":0.7659000158309937}},{"type":"Feature","geometry":null,"properties":{"risk_score":7.629586553220974,"verdict":"AMBER_PARTIAL","lost_frac":0,"flow_frac":0.5,"upstream_km2":1.283449962735176,"hand_m":1.350006103515625,"area_in_meters":55.16749954223633,"confidence":0.8284000158309937}},{"type":"Feature","geometry":null,"properties":{"risk_score":2.4419479382236187,"verdict":"RED_BLOCKS_DRAINAGE","lost_frac":0,"flow_frac":0.9130434782608695,"upstream_km2":22.12077292184467,"hand_m":50,"area_in_meters":80.15679931640625,"confidence":0.8284000158309937}},{"type":"Feature","geometry":null,"properties":{"risk_score":2.7122756430907033,"verdict":"RED_BLOCKS_DRAINAGE","lost_frac":0,"flow_frac":1.0,"upstream_km2":23.169105529785156,"hand_m":50,"area_in_meters":135.89480590820312,"confidence":0.8284000158309937}},{"type":"Feature","geometry":null,"properties":{"risk_score":5.977061200341116,"verdict":"AMBER_PARTIAL","lost_frac":0,"flow_frac":0.21296296296296297,"upstream_km2":6.534795322843517,"hand_m":2.125009607385706,"area_in_meters":372.48150634765625,"confidence":0.8909000158309937}},{"type":"Feature","geometry":null,"properties":{"risk_score":1.6122044674344966,"verdict":"AMBER_PARTIAL","lost_frac":0,"flow_frac":0.2777777777777778,"upstream_km2":1.0200054887164798,"hand_m":4.261128743489583,"area_in_meters":68.69770050048828,"confidence":0.8339999914169312}},{"type":"Feature","geometry":null,"properties":{"risk_score":17.88051492427187,"verdict":"RED_BLOCKS_DRAINAGE","lost_frac":0,"flow_frac":0.7058823529411764,"upstream_km2":1.896759185446974,"hand_m":0.823525821461397,"area_in_meters":179.827392578125,"confidence":0.8964999914169312}},{"type":"Feature","geometry":null,"properties":{"risk_score":38.6180485888755,"verdict":"RED_BLOCKS_DRAINAGE","lost_frac":0,"flow_frac":0.6915887850467289,"upstream_km2":15.984049174629986,"hand_m":1.2028112678884344,"area_in_meters":372.97589111328125,"confidence":0.8964999914169312}},{"type":"Feature","geometry":null,"properties":{"risk_score":2.7537424114100904,"verdict":"RED_BLOCKS_DRAINAGE","lost_frac":0,"flow_frac":1.0,"upstream_km2":24.375150680541992,"hand_m":50,"area_in_meters":188.1990966796875,"confidence":0.7827000021934509}},{"type":"Feature","geometry":null,"properties":{"risk_score":4.46264012909215,"verdict":"RED_BLOCKS_DRAINAGE","lost_frac":0,"flow_frac":1.0,"upstream_km2":187.77586364746094,"hand_m":50,"area_in_meters":153.1074981689453,"confidence":0.8452000021934509}},{"type":"Feature","geometry":null,"properties":{"risk_score":2.785038840051561,"verdict":"RED_BLOCKS_DRAINAGE","lost_frac":0,"flow_frac":1.0,"upstream_km2":25.32508659362793,"hand_m":50,"area_in_meters":256.5386047363281,"confidence":0.8452000021934509}},{"type":"Feature","geometry":null,"properties":{"risk_score":1.192906154598093,"verdict":"RED_BLOCKS_DRAINAGE","lost_frac":0,"flow_frac":1.0,"upstream_km2":3.058655023574829,"hand_m":50,"area_in_meters":94.08450317382812,"confidence":0.8452000021934509}},{"type":"Feature","geometry":null,"properties":{"risk_score":12.403655737006202,"verdict":"AMBER_PARTIAL","lost_frac":0,"flow_frac":0.25,"upstream_km2":5.2208844784181565,"hand_m":0.60003662109375,"area_in_meters":79.0781021118164,"confidence":0.7257999777793884}},{"type":"Feature","geometry":null,"properties":{"risk_score":29.961460314708905,"verdict":"RED_BLOCKS_DRAINAGE","lost_frac":0,"flow_frac":0.6538461538461539,"upstream_km2":13.86010335217445,"hand_m":1.5576923076923075,"area_in_meters":283.8172912597656,"confidence":0.7882999777793884}},{"type":"Feature","geometry":null,"properties":{"risk_score":23.842165562439813,"verdict":"RED_BLOCKS_DRAINAGE","lost_frac":0,"flow_frac":0.6511627906976744,"upstream_km2":3.4375785435874793,"hand_m":0.7674461187318314,"area_in_meters":156.3582000732422,"confidence":0.8507999777793884}},{"type":"Feature","geometry":null,"properties":{"risk_score":1.1104182891191237,"verdict":"RED_BLOCKS_DRAINAGE","lost_frac":0,"flow_frac":1.0,"upstream_km2":2.6839466094970703,"hand_m":50,"area_in_meters":217.3148956298828,"confidence":0.8507999777793884}},{"type":"Feature","geometry":null,"properties":{"risk_score":18.774100106913053,"verdict":"AMBER_PARTIAL","lost_frac":0,"flow_frac":0.3835616438356165,"upstream_km2":11.385707731741444,"hand_m":1.2328767123287674,"area_in_meters":266.6466064453125,"confidence":0.8507999777793884}},{"type":"Feature","geometry":null,"properties":{"risk_score":1.8334655301663123,"verdict":"RED_BLOCKS_DRAINAGE","lost_frac":0,"flow_frac":1.0,"upstream_km2":7.611274242401123,"hand_m":50,"area_in_meters":114.8949966430664,"confidence":0.8507999777793884}},{"type":"Feature","geometry":null,"properties":{"risk_score":90.83082691618036,"verdict":"RED_BLOCKS_DRAINAGE","lost_frac":0,"flow_frac":0.9133858267716535,"upstream_km2":10.802186287675552,"hand_m":0.07795487050935039,"area_in_meters":439.1720886230469,"confidence":0.7146000266075134}},{"type":"Feature","geometry":null,"properties":{"risk_score":2.7531828599866013,"verdict":"RED_BLOCKS_DRAINAGE","lost_frac":0,"flow_frac":1.0,"upstream_km2":24.358482360839844,"hand_m":50,"area_in_meters":144.3842010498047,"confidence":0.7146000266075134}},{"type":"Feature","geometry":null,"properties":{"risk_score":2.711688025763225,"verdict":"RED_BLOCKS_DRAINAGE","lost_frac":0,"flow_frac":1.0,"upstream_km2":23.152433395385742,"hand_m":50,"area_in_meters":50.487998962402344,"confidence":0.7771000266075134}},{"type":"Feature","geometry":null,"properties":{"risk_score":1.0400836295383193,"verdict":"RED_BLOCKS_DRAINAGE","lost_frac":0,"flow_frac":1.0,"upstream_km2":2.391896963119507,"hand_m":50,"area_in_meters":115.31729888916016,"confidence":0.7771000266075134}},{"type":"Feature","geometry":null,"properties":{"risk_score":1.1928882961028775,"verdict":"RED_BLOCKS_DRAINAGE","lost_frac":0,"flow_frac":1.0,"upstream_km2":3.05856990814209,"hand_m":50,"area_in_meters":71.15540313720703,"confidence":0.7771000266075134}},{"type":"Feature","geometry":null,"properties":{"risk_score":2.384922637330153,"verdict":"RED_BLOCKS_DRAINAGE","lost_frac":0,"flow_frac":1.0,"upstream_km2":15.455479621887207,"hand_m":50,"area_in_meters":121.63059997558594,"confidence":0.8396000266075134}},{"type":"Feature","geometry":null,"properties":{"risk_score":12.580402440028948,"verdict":"AMBER_PARTIAL","lost_frac":0,"flow_frac":0.36507936507936506,"upstream_km2":8.529910802841188,"hand_m":1.8412853422619047,"area_in_meters":217.8157958984375,"confidence":0.8396000266075134}},{"type":"Feature","geometry":null,"properties":{"risk_score":32.93027823777073,"verdict":"AMBER_PARTIAL","lost_frac":0,"flow_frac":0.5,"upstream_km2":11.209423611406235,"hand_m":0.649993896484375,"area_in_meters":123.27100372314453,"confidence":0.8396000266075134}},{"type":"Feature","geometry":null,"properties":{"risk_score":2.166283537285706,"verdict":"RED_BLOCKS_DRAINAGE","lost_frac":0,"flow_frac":1.0,"upstream_km2":11.729302406311035,"hand_m":50,"area_in_meters":567.1574096679688,"confidence":0.9021000266075134}},{"type":"Feature","geometry":null,"properties":{"risk_score":1.2221083421189252,"verdict":"RED_BLOCKS_DRAINAGE","lost_frac":0,"flow_frac":1.0,"upstream_km2":3.2002511024475098,"hand_m":50,"area_in_meters":76.94059753417969,"confidence":0.7314000129699707}},{"type":"Feature","geometry":null,"properties":{"risk_score":1.3285108105246275,"verdict":"RED_BLOCKS_DRAINAGE","lost_frac":0,"flow_frac":1.0,"upstream_km2":3.7592718601226807,"hand_m":50,"area_in_meters":67.72630310058594,"confidence":0.7939000129699707}},{"type":"Feature","geometry":null,"properties":{"risk_score":57.36911222512398,"verdict":"RED_BLOCKS_DRAINAGE","lost_frac":0,"flow_frac":0.5789473684210527,"upstream_km2":12.065028878811159,"hand_m":0.1263363486842105,"area_in_meters":82.21690368652344,"confidence":0.7939000129699707}},{"type":"Feature","geometry":null,"properties":{"risk_score":4.462638914546952,"verdict":"RED_BLOCKS_DRAINAGE","lost_frac":0,"flow_frac":1.0,"upstream_km2":187.77559440366684,"hand_m":50,"area_in_meters":113.36640167236328,"confidence":0.8564000129699707}},{"type":"Feature","geometry":null,"properties":{"risk_score":3.7119674972146903,"verdict":"RED_BLOCKS_DRAINAGE","lost_frac":0,"flow_frac":1.0,"upstream_km2":77.181396484375,"hand_m":50,"area_in_meters":296.5545959472656,"confidence":0.8564000129699707}},{"type":"Feature","geometry":null,"properties":{"risk_score":2.9495035046073714,"verdict":"AMBER_PARTIAL","lost_frac":0,"flow_frac":0.2289156626506024,"upstream_km2":2.5166170080024077,"hand_m":3.2385636295180724,"area_in_meters":294.78289794921875,"confidence":0.7369999885559082}},{"type":"Feature","geometry":null,"properties":{"risk_score":1.7790144442447822,"verdict":"RED_BLOCKS_DRAINAGE","lost_frac":0,"flow_frac":1.0,"upstream_km2":7.077879428863525,"hand_m":50,"area_in_meters":163.39129638671875,"confidence":0.7369999885559082}},{"type":"Feature","geometry":null,"properties":{"risk_score":3.5241454659069777,"verdict":"AMBER_PARTIAL","lost_frac":0,"flow_frac":0.38000000000000006,"upstream_km2":0.9510929423570634,"hand_m":2.1299963378906255,"area_in_meters":158.73069763183594,"confidence":0.7369999885559082}},{"type":"Feature","geometry":null,"properties":{"risk_score":23.616292099958198,"verdict":"RED_BLOCKS_DRAINAGE","lost_frac":0,"flow_frac":0.7837837837837839,"upstream_km2":2.000632208746833,"hand_m":0.5837864231418919,"area_in_meters":117.6709976196289,"confidence":0.7994999885559082}},{"type":"Feature","geometry":null,"properties":{"risk_score":1.7993186765463065,"verdict":"GREEN_CLEAR","lost_frac":0,"flow_frac":0.13513513513513514,"upstream_km2":6.602335629934395,"hand_m":5.616220835092905,"area_in_meters":138.4674072265625,"confidence":0.8619999885559082}},{"type":"Feature","geometry":null,"properties":{"risk_score":1.8058181734407701,"verdict":"RED_BLOCKS_DRAINAGE","lost_frac":0,"flow_frac":1.0,"upstream_km2":7.336183547973633,"hand_m":50,"area_in_meters":90.51219940185547,"confidence":0.8619999885559082}},{"type":"Feature","geometry":null,"properties":{"risk_score":2.754950157303483,"verdict":"RED_BLOCKS_DRAINAGE","lost_frac":0,"flow_frac":1.0,"upstream_km2":24.411165237426758,"hand_m":50,"area_in_meters":198.65960693359375,"confidence":0.8619999885559082}},{"type":"Feature","geometry":null,"properties":{"risk_score":2.9462753010329727,"verdict":"RED_BLOCKS_DRAINAGE","lost_frac":0,"flow_frac":1.0,"upstream_km2":30.81269073486328,"hand_m":50,"area_in_meters":48.67129898071289,"confidence":0.7426000237464905}},{"type":"Feature","geometry":null,"properties":{"risk_score":1.32092996898325,"verdict":"RED_BLOCKS_DRAINAGE","lost_frac":0,"flow_frac":1.0,"upstream_km2":3.7170913219451904,"hand_m":50,"area_in_meters":178.05479431152344,"confidence":0.8051000237464905}},{"type":"Feature","geometry":null,"properties":{"risk_score":1.1929829868770292,"verdict":"RED_BLOCKS_DRAINAGE","lost_frac":0,"flow_frac":1.0,"upstream_km2":3.059021234512329,"hand_m":50,"area_in_meters":49.432701110839844,"confidence":0.8051000237464905}},{"type":"Feature","geometry":null,"properties":{"risk_score":2.7574605196361532,"verdict":"RED_BLOCKS_DRAINAGE","lost_frac":0,"flow_frac":1.0,"upstream_km2":24.486186981201172,"hand_m":50,"area_in_meters":212.5417022705078,"confidence":0.8676000237464905}},{"type":"Feature","geometry":null,"properties":{"risk_score":1.1964730367849845,"verdict":"RED_BLOCKS_DRAINAGE","lost_frac":0,"flow_frac":1.0,"upstream_km2":3.075690984725952,"hand_m":50,"area_in_meters":165.4844970703125,"confidence":0.8676000237464905}},{"type":"Feature","geometry":null,"properties":{"risk_score":1.0082505075556958,"verdict":"RED_BLOCKS_DRAINAGE","lost_frac":0,"flow_frac":1.0,"upstream_km2":2.2674410343170166,"hand_m":50,"area_in_meters":85.4844970703125,"confidence":0.8676000237464905}},{"type":"Feature","geometry":null,"properties":{"risk_score":2.746734327379937,"verdict":"RED_BLOCKS_DRAINAGE","lost_frac":0,"flow_frac":1.0,"upstream_km2":24.167177200317383,"hand_m":50,"area_in_meters":89.55799865722656,"confidence":0.810699999332428}},{"type":"Feature","geometry":null,"properties":{"risk_score":2.7994755610117856,"verdict":"RED_BLOCKS_DRAINAGE","lost_frac":0,"flow_frac":1.0,"upstream_km2":25.775188446044922,"hand_m":50,"area_in_meters":163.2957000732422,"confidence":0.810699999332428}},{"type":"Feature","geometry":null,"properties":{"risk_score":1.47794237446647,"verdict":"AMBER_PARTIAL","lost_frac":0,"flow_frac":0.25,"upstream_km2":0.556440448621288,"hand_m":2.25,"area_in_meters":87.50479888916016,"confidence":0.873199999332428}},{"type":"Feature","geometry":null,"properties":{"risk_score":2.6975814929924886,"verdict":"RED_BLOCKS_DRAINAGE","lost_frac":0,"flow_frac":1.0,"upstream_km2":22.755630493164062,"hand_m":50,"area_in_meters":61.252201080322266,"confidence":0.7537999749183655}},{"type":"Feature","geometry":null,"properties":{"risk_score":2.625733414849012,"verdict":"RED_BLOCKS_DRAINAGE","lost_frac":0,"flow_frac":1.0,"upstream_km2":20.833534240722656,"hand_m":50,"area_in_meters":101.02339935302734,"confidence":0.8162999749183655}},{"type":"Feature","geometry":null,"properties":{"risk_score":4.122818897183657,"verdict":"AMBER_PARTIAL","lost_frac":0,"flow_frac":0.2134831460674157,"upstream_km2":16.794991310602157,"hand_m":5.4741505826457155,"area_in_meters":319.7817077636719,"confidence":0.8162999749183655}},{"type":"Feature","geometry":null,"properties":{"risk_score":1.8506120877901737,"verdict":"RED_BLOCKS_DRAINAGE","lost_frac":0,"flow_frac":1.0,"upstream_km2":7.786424160003662,"hand_m":50,"area_in_meters":125.16549682617188,"confidence":0.8162999749183655}},{"type":"Feature","geometry":null,"properties":{"risk_score":44.879119010592824,"verdict":"RED_BLOCKS_DRAINAGE","lost_frac":0,"flow_frac":0.8913043478260869,"upstream_km2":3.313965606219743,"hand_m":0.2608722189198369,"area_in_meters":144.69580078125,"confidence":0.8162999749183655}},{"type":"Feature","geometry":null,"properties":{"risk_score":1.5678262338901194,"verdict":"GREEN_CLEAR","lost_frac":0,"flow_frac":0.08333333333333333,"upstream_km2":2.029177756048739,"hand_m":1.558344523111979,"area_in_meters":211.92919921875,"confidence":0.8162999749183655}},{"type":"Feature","geometry":null,"properties":{"risk_score":32.43647165850207,"verdict":"AMBER_PARTIAL","lost_frac":0,"flow_frac":0.5,"upstream_km2":11.672081443015486,"hand_m":0.70001220703125,"area_in_meters":55.09870147705078,"confidence":0.8162999749183655}},{"type":"Feature","geometry":null,"properties":{"risk_score":1.2981260632247051,"verdict":"RED_BLOCKS_DRAINAGE","lost_frac":0,"flow_frac":1.0,"upstream_km2":3.5924484729766846,"hand_m":50,"area_in_meters":49.3380012512207,"confidence":0.8787999749183655}},{"type":"Feature","geometry":null,"properties":{"risk_score":1.0015619133127636,"verdict":"RED_BLOCKS_DRAINAGE","lost_frac":0,"flow_frac":1.0,"upstream_km2":2.241877317428589,"hand_m":50,"area_in_meters":91.84989929199219,"confidence":0.8787999749183655}},{"type":"Feature","geometry":null,"properties":{"risk_score":1.8168169333870148,"verdict":"RED_BLOCKS_DRAINAGE","lost_frac":0,"flow_frac":1.0,"upstream_km2":7.444552421569824,"hand_m":50,"area_in_meters":120.97059631347656,"confidence":0.8787999749183655}},{"type":"Feature","geometry":null,"properties":{"risk_score":2.1068234388346068,"verdict":"RED_BLOCKS_DRAINAGE","lost_frac":0,"flow_frac":1.0,"upstream_km2":10.87079906463623,"hand_m":50,"area_in_meters":79.37210083007812,"confidence":0.7594000101089478}},{"type":"Feature","geometry":null,"properties":{"risk_score":39.88834324643805,"verdict":"RED_BLOCKS_DRAINAGE","lost_frac":0,"flow_frac":0.7272727272727273,"upstream_km2":20.197278663516045,"hand_m":1.4181685014204546,"area_in_meters":137.79660034179688,"confidence":0.8219000101089478}},{"type":"Feature","geometry":null,"properties":{"risk_score":1.1104182891191237,"verdict":"RED_BLOCKS_DRAINAGE","lost_frac":0,"flow_frac":1.0,"upstream_km2":2.6839466094970703,"hand_m":50,"area_in_meters":107.79319763183594,"confidence":0.8219000101089478}},{"type":"Feature","geometry":null,"properties":{"risk_score":2.8590987292321377,"verdict":"RED_BLOCKS_DRAINAGE","lost_frac":0,"flow_frac":1.0,"upstream_km2":27.717084884643555,"hand_m":50,"area_in_meters":87.34400177001953,"confidence":0.8219000101089478}},{"type":"Feature","geometry":null,"properties":{"risk_score":7.185450063531613,"verdict":"RED_BLOCKS_DRAINAGE","lost_frac":0,"flow_frac":0.6666666666666666,"upstream_km2":1.3639826262369752,"hand_m":2.4666748046875,"area_in_meters":109.76349639892578,"confidence":0.8844000101089478}},{"type":"Feature","geometry":null,"properties":{"risk_score":3.724495036131079,"verdict":"RED_BLOCKS_DRAINAGE","lost_frac":0,"flow_frac":1.0,"upstream_km2":78.34004974365234,"hand_m":50,"area_in_meters":138.42860412597656,"confidence":0.7024999856948853}},{"type":"Feature","geometry":null,"properties":{"risk_score":60.47072296472719,"verdict":"RED_BLOCKS_DRAINAGE","lost_frac":0,"flow_frac":0.7727272727272727,"upstream_km2":5.31472318221561,"hand_m":0.022735595703125003,"area_in_meters":68.07209777832031,"confidence":0.7024999856948853}},{"type":"Feature","geometry":null,"properties":{"risk_score":15.323540088056092,"verdict":"RED_BLOCKS_DRAINAGE","lost_frac":0,"flow_frac":0.5862068965517241,"upstream_km2":1.8582442824182839,"hand_m":0.7448225350215517,"area_in_meters":104.02960205078125,"confidence":0.7649999856948853}},{"type":"Feature","geometry":null,"properties":{"risk_score":1.0015619133127636,"verdict":"RED_BLOCKS_DRAINAGE","lost_frac":0,"flow_frac":1.0,"upstream_km2":2.241877317428589,"hand_m":50,"area_in_meters":65.50879669189453,"confidence":0.7649999856948853}},{"type":"Feature","geometry":null,"properties":{"risk_score":1.0379858295247464,"verdict":"RED_BLOCKS_DRAINAGE","lost_frac":0,"flow_frac":1.0,"upstream_km2":2.3835513591766357,"hand_m":50,"area_in_meters":41.98910140991211,"confidence":0.7649999856948853}},{"type":"Feature","geometry":null,"properties":{"risk_score":2.172395762621602,"verdict":"RED_BLOCKS_DRAINAGE","lost_frac":0,"flow_frac":1.0,"upstream_km2":11.820998191833496,"hand_m":50,"area_in_meters":108.27839660644531,"confidence":0.8899999856948853}},{"type":"Feature","geometry":null,"properties":{"risk_score":1.7528822732789648,"verdict":"RED_BLOCKS_DRAINAGE","lost_frac":0,"flow_frac":1.0,"upstream_km2":6.833754539489746,"hand_m":50,"area_in_meters":132.70509338378906,"confidence":0.7817999720573425}},{"type":"Feature","geometry":null,"properties":{"risk_score":1.0919709593912241,"verdict":"RED_BLOCKS_DRAINAGE","lost_frac":0,"flow_frac":1.0,"upstream_km2":2.6049993378775462,"hand_m":50,"area_in_meters":150.48899841308594,"confidence":0.7817999720573425}},{"type":"Feature","geometry":null,"properties":{"risk_score":45.89931870930503,"verdict":"RED_BLOCKS_DRAINAGE","lost_frac":0,"flow_frac":0.75,"upstream_km2":18.28344658366405,"hand_m":1.1000061035156248,"area_in_meters":128.076904296875,"confidence":0.8442999720573425}},{"type":"Feature","geometry":null,"properties":{"risk_score":2.9139885607176033,"verdict":"RED_BLOCKS_DRAINAGE","lost_frac":0,"flow_frac":1.0,"upstream_km2":29.62909507751465,"hand_m":50,"area_in_meters":73.86750030517578,"confidence":0.8442999720573425}},{"type":"Feature","geometry":null,"properties":{"risk_score":16.60391869700089,"verdict":"AMBER_PARTIAL","lost_frac":0,"flow_frac":0.43333333333333335,"upstream_km2":1.670470857868592,"hand_m":0.11331990559895834,"area_in_meters":119.7667007446289,"confidence":0.8442999720573425}},{"type":"Feature","geometry":null,"properties":{"risk_score":11.397672824672144,"verdict":"AMBER_PARTIAL","lost_frac":0,"flow_frac":0.3870967741935484,"upstream_km2":28.33934244450422,"hand_m":3.9838709677419355,"area_in_meters":233.11109924316406,"confidence":0.9067999720573425}},{"type":"Feature","geometry":null,"properties":{"risk_score":85.62528591334689,"verdict":"RED_BLOCKS_DRAINAGE","lost_frac":0,"flow_frac":0.9230769230769231,"upstream_km2":10.37754801660776,"hand_m":0.13846529447115385,"area_in_meters":43.2151985168457,"confidence":0.7081000208854675}},{"type":"Feature","geometry":null,"properties":{"risk_score":1.3762685383551319,"verdict":"RED_BLOCKS_DRAINAGE","lost_frac":0,"flow_frac":1.0,"upstream_km2":4.033811569213867,"hand_m":50,"area_in_meters":134.13299560546875,"confidence":0.7706000208854675}},{"type":"Feature","geometry":null,"properties":{"risk_score":7.31333101391098,"verdict":"AMBER_PARTIAL","lost_frac":0,"flow_frac":0.2692307692307692,"upstream_km2":0.9565170309864558,"hand_m":0.07305908203125,"area_in_meters":184.3323974609375,"confidence":0.7706000208854675}},{"type":"Feature","geometry":null,"properties":{"risk_score":2.8927771974096195,"verdict":"RED_BLOCKS_DRAINAGE","lost_frac":0,"flow_frac":1.0,"upstream_km2":28.875581741333008,"hand_m":50,"area_in_meters":145.85650634765625,"confidence":0.7706000208854675}},{"type":"Feature","geometry":null,"properties":{"risk_score":2.8047864828025286,"verdict":"RED_BLOCKS_DRAINAGE","lost_frac":0,"flow_frac":1.0,"upstream_km2":25.942699432373047,"hand_m":50,"area_in_meters":83.64669799804688,"confidence":0.7706000208854675}},{"type":"Feature","geometry":null,"properties":{"risk_score":12.974771702999114,"verdict":"AMBER_PARTIAL","lost_frac":0,"flow_frac":0.3333333333333333,"upstream_km2":9.280700085063776,"hand_m":1.5999755859375,"area_in_meters":187.81350708007812,"confidence":0.8331000208854675}},{"type":"Feature","geometry":null,"properties":{"risk_score":2.9139885607176033,"verdict":"RED_BLOCKS_DRAINAGE","lost_frac":0,"flow_frac":1.0,"upstream_km2":29.62909507751465,"hand_m":50,"area_in_meters":162.48379516601562,"confidence":0.8331000208854675}},{"type":"Feature","geometry":null,"properties":{"risk_score":2.7122756430907033,"verdict":"RED_BLOCKS_DRAINAGE","lost_frac":0,"flow_frac":1.0,"upstream_km2":23.169105529785156,"hand_m":50,"area_in_meters":210.55490112304688,"confidence":0.8331000208854675}},{"type":"Feature","geometry":null,"properties":{"risk_score":2.7305871320779103,"verdict":"RED_BLOCKS_DRAINAGE","lost_frac":0,"flow_frac":1.0,"upstream_km2":23.69445451777032,"hand_m":50,"area_in_meters":157.0052032470703,"confidence":0.8331000208854675}},{"type":"Feature","geometry":null,"properties":{"risk_score":4.593059355429776,"verdict":"RED_BLOCKS_DRAINAGE","lost_frac":0,"flow_frac":1.0,"upstream_km2":219.01904296875,"hand_m":50,"area_in_meters":290.0845947265625,"confidence":0.8331000208854675}},{"type":"Feature","geometry":null,"properties":{"risk_score":43.41725492672112,"verdict":"RED_BLOCKS_DRAINAGE","lost_frac":0,"flow_frac":0.7727272727272727,"upstream_km2":2.755234144628048,"hand_m":0.022721724076704544,"area_in_meters":155.40199279785156,"confidence":0.8331000208854675}},{"type":"Feature","geometry":null,"properties":{"risk_score":2.7574605196361532,"verdict":"RED_BLOCKS_DRAINAGE","lost_frac":0,"flow_frac":1.0,"upstream_km2":24.486186981201172,"hand_m":50,"area_in_meters":305.4375,"confidence":0.8956000208854675}},{"type":"Feature","geometry":null,"properties":{"risk_score":2.80106461662453,"verdict":"RED_BLOCKS_DRAINAGE","lost_frac":0,"flow_frac":1.0,"upstream_km2":25.825199127197266,"hand_m":50,"area_in_meters":44.75830078125,"confidence":0.713699996471405}},{"type":"Feature","geometry":null,"properties":{"risk_score":2.7203739259160153,"verdict":"RED_BLOCKS_DRAINAGE","lost_frac":0,"flow_frac":1.0,"upstream_km2":23.400049209594727,"hand_m":50,"area_in_meters":53.44409942626953,"confidence":0.776199996471405}},{"type":"Feature","geometry":null,"properties":{"risk_score":1.9807186124503784,"verdict":"RED_BLOCKS_DRAINAGE","lost_frac":0,"flow_frac":1.0,"upstream_km2":9.23685359954834,"hand_m":50,"area_in_meters":595.5095825195312,"confidence":0.776199996471405}},{"type":"Feature","geometry":null,"properties":{"risk_score":8.231249950753911,"verdict":"AMBER_PARTIAL","lost_frac":0,"flow_frac":0.46874999999999994,"upstream_km2":12.98899699409958,"hand_m":5.524980545043944,"area_in_meters":670.0458984375,"confidence":0.776199996471405}},{"type":"Feature","geometry":null,"properties":{"risk_score":16.04380002798135,"verdict":"RED_BLOCKS_DRAINAGE","lost_frac":0,"flow_frac":0.5223880597014926,"upstream_km2":6.312628485387497,"hand_m":1.813433746793377,"area_in_meters":235.13169860839844,"confidence":0.838699996471405}},{"type":"Feature","geometry":null,"properties":{"risk_score":1.2124976521219946,"verdict":"RED_BLOCKS_DRAINAGE","lost_frac":0,"flow_frac":1.0,"upstream_km2":3.153113524119059,"hand_m":50,"area_in_meters":227.2823944091797,"confidence":0.838699996471405}},{"type":"Feature","geometry":null,"properties":{"risk_score":2.8586042575984894,"verdict":"RED_BLOCKS_DRAINAGE","lost_frac":0,"flow_frac":1.0,"upstream_km2":27.700414657592773,"hand_m":50,"area_in_meters":85.27790069580078,"confidence":0.838699996471405}},{"type":"Feature","geometry":null,"properties":{"risk_score":109.40037634711021,"verdict":"RED_BLOCKS_DRAINAGE","lost_frac":0,"flow_frac":0.6771653543307087,"upstream_km2":153.62043506766514,"hand_m":0.355110228531004,"area_in_meters":441.6883850097656,"confidence":0.838699996471405}},{"type":"Feature","geometry":null,"properties":{"risk_score":2.123983881262204,"verdict":"RED_BLOCKS_DRAINAGE","lost_frac":0,"flow_frac":1.0,"upstream_km2":11.112443923950195,"hand_m":50,"area_in_meters":84.9896011352539,"confidence":0.838699996471405}},{"type":"Feature","geometry":null,"properties":{"risk_score":1.7692800702481142,"verdict":"RED_BLOCKS_DRAINAGE","lost_frac":0,"flow_frac":1.0,"upstream_km2":6.986064910888672,"hand_m":50,"area_in_meters":495.6498107910156,"confidence":0.901199996471405}},{"type":"Feature","geometry":null,"properties":{"risk_score":14.755755653903286,"verdict":"RED_BLOCKS_DRAINAGE","lost_frac":0,"flow_frac":0.5235849056603774,"upstream_km2":4.3352372188402235,"hand_m":1.580191270360407,"area_in_meters":734.1536254882812,"confidence":0.901199996471405}},{"type":"Feature","geometry":null,"properties":{"risk_score":2.625733414849012,"verdict":"RED_BLOCKS_DRAINAGE","lost_frac":0,"flow_frac":1.0,"upstream_km2":20.833534240722656,"hand_m":50,"area_in_meters":68.66539764404297,"confidence":0.7304999828338623}},{"type":"Feature","geometry":null,"properties":{"risk_score":19.31497490870495,"verdict":"RED_BLOCKS_DRAINAGE","lost_frac":0,"flow_frac":0.7391304347826086,"upstream_km2":1.7885692245124472,"hand_m":0.7043510105298912,"area_in_meters":93.84839630126953,"confidence":0.7929999828338623}},{"type":"Feature","geometry":null,"properties":{"risk_score":1.3329731628624677,"verdict":"RED_BLOCKS_DRAINAGE","lost_frac":0,"flow_frac":1.0,"upstream_km2":3.7842769622802734,"hand_m":50,"area_in_meters":74.43990325927734,"confidence":0.7929999828338623}},{"type":"Feature","geometry":null,"properties":{"risk_score":1.5234528176536881,"verdict":"RED_BLOCKS_DRAINAGE","lost_frac":0,"flow_frac":1.0,"upstream_km2":4.983577728271484,"hand_m":50,"area_in_meters":64.30500030517578,"confidence":0.7874000072479248}},{"type":"Feature","geometry":null,"properties":{"risk_score":7.499241991024294,"verdict":"AMBER_PARTIAL","lost_frac":0,"flow_frac":0.23684210526315788,"upstream_km2":6.454587508262576,"hand_m":1.755300421463816,"area_in_meters":120.47000122070312,"confidence":0.7874000072479248}},{"type":"Feature","geometry":null,"properties":{"risk_score":27.658717314137192,"verdict":"AMBER_PARTIAL","lost_frac":0,"flow_frac":0.4722222222222222,"upstream_km2":13.848096639682081,"hand_m":1.0004144652276976,"area_in_meters":1561.560791015625,"confidence":0.7874000072479248}},{"type":"Feature","geometry":null,"properties":{"risk_score":2.625733414849012,"verdict":"RED_BLOCKS_DRAINAGE","lost_frac":0,"flow_frac":1.0,"upstream_km2":20.833534240722656,"hand_m":50,"area_in_meters":104.71309661865234,"confidence":0.8499000072479248}},{"type":"Feature","geometry":null,"properties":{"risk_score":1.4030881015596384,"verdict":"AMBER_PARTIAL","lost_frac":0,"flow_frac":0.19230769230769232,"upstream_km2":0.7296690829456426,"hand_m":2.2615286020132213,"area_in_meters":105.66619873046875,"confidence":0.8499000072479248}},{"type":"Feature","geometry":null,"properties":{"risk_score":52.428679958163805,"verdict":"AMBER_PARTIAL","lost_frac":0,"flow_frac":0.375,"upstream_km2":82.64055996760726,"hand_m":0.37502288818359375,"area_in_meters":75.31929779052734,"confidence":0.7361000180244446}},{"type":"Feature","geometry":null,"properties":{"risk_score":1.8962278063645228,"verdict":"RED_BLOCKS_DRAINAGE","lost_frac":0,"flow_frac":1.0,"upstream_km2":8.26992416381836,"hand_m":50,"area_in_meters":115.3550033569336,"confidence":0.8611000180244446}},{"type":"Feature","geometry":null,"properties":{"risk_score":9.010384690951211,"verdict":"AMBER_PARTIAL","lost_frac":0,"flow_frac":0.40425531914893614,"upstream_km2":2.9326361647628723,"hand_m":1.6680778341090423,"area_in_meters":175.3040008544922,"confidence":0.8611000180244446}},{"type":"Feature","geometry":null,"properties":{"risk_score":40.08931542549947,"verdict":"AMBER_PARTIAL","lost_frac":0,"flow_frac":0.27017883035282747,"upstream_km2":50.977853056154125,"hand_m":0.15636245336666266,"area_in_meters":7132.3489,"confidence":0.8611000180244446}},{"type":"Feature","geometry":null,"properties":{"risk_score":57.609851142790724,"verdict":"RED_BLOCKS_DRAINAGE","lost_frac":0,"flow_frac":0.7758369723435226,"upstream_km2":17.840674804112826,"hand_m":0.71718369751865,"area_in_meters":2369.73291015625,"confidence":0.9236000180244446}},{"type":"Feature","geometry":null,"properties":{"risk_score":2.711688025763225,"verdict":"RED_BLOCKS_DRAINAGE","lost_frac":0,"flow_frac":1.0,"upstream_km2":23.152433395385742,"hand_m":50,"area_in_meters":253.22329711914062,"confidence":0.9236000180244446}},{"type":"Feature","geometry":null,"properties":{"risk_score":11.76653922580254,"verdict":"AMBER_PARTIAL","lost_frac":0,"flow_frac":0.3684210526315789,"upstream_km2":28.452802136932544,"hand_m":3.5999691611842106,"area_in_meters":310.8551025390625,"confidence":0.9236000180244446}},{"type":"Feature","geometry":null,"properties":{"risk_score":2.7122756430907033,"verdict":"RED_BLOCKS_DRAINAGE","lost_frac":0,"flow_frac":1.0,"upstream_km2":23.169105529785156,"hand_m":50,"area_in_meters":161.5137939453125,"confidence":0.7416999936103821}},{"type":"Feature","geometry":null,"properties":{"risk_score":1.8168169333870148,"verdict":"RED_BLOCKS_DRAINAGE","lost_frac":0,"flow_frac":1.0,"upstream_km2":7.444552421569824,"hand_m":50,"area_in_meters":46.935001373291016,"confidence":0.7416999936103821}},{"type":"Feature","geometry":null,"properties":{"risk_score":1.2050599037414342,"verdict":"RED_BLOCKS_DRAINAGE","lost_frac":0,"flow_frac":1.0,"upstream_km2":3.116997003555298,"hand_m":50,"area_in_meters":91.88240051269531,"confidence":0.8041999936103821}},{"type":"Feature","geometry":null,"properties":{"risk_score":1.1947297997953303,"verdict":"RED_BLOCKS_DRAINAGE","lost_frac":0,"flow_frac":1.0,"upstream_km2":3.0673561096191406,"hand_m":50,"area_in_meters":98.24690246582031,"confidence":0.8041999936103821}},{"type":"Feature","geometry":null,"properties":{"risk_score":1.9366780370794887,"verdict":"AMBER_PARTIAL","lost_frac":0.19444444444444445,"flow_frac":0.19444444444444445,"upstream_km2":0.43139774986128837,"hand_m":0.5638495551215278,"area_in_meters":281.0188903808594,"confidence":0.8666999936103821}},{"type":"Feature","geometry":null,"properties":{"risk_score":2.9139885607176033,"verdict":"RED_BLOCKS_DRAINAGE","lost_frac":0,"flow_frac":1.0,"upstream_km2":29.62909507751465,"hand_m":50,"area_in_meters":45.786598205566406,"confidence":0.7584999799728394}},{"type":"Feature","geometry":null,"properties":{"risk_score":1.218722239743642,"verdict":"RED_BLOCKS_DRAINAGE","lost_frac":0,"flow_frac":1.0,"upstream_km2":3.1835825443267822,"hand_m":50,"area_in_meters":144.76669311523438,"confidence":0.7584999799728394}},{"type":"Feature","geometry":null,"properties":{"risk_score":112.63994649165522,"verdict":"RED_BLOCKS_DRAINAGE","lost_frac":0,"flow_frac":0.6111111111111112,"upstream_km2":133.86297577150444,"hand_m":0.15554131401909724,"area_in_meters":568.7388916015625,"confidence":0.8209999799728394}},{"type":"Feature","geometry":null,"properties":{"risk_score":1.9972382539963893,"verdict":"AMBER_PARTIAL","lost_frac":0,"flow_frac":0.2040816326530612,"upstream_km2":0.4988458381623637,"hand_m":0.7959183673469388,"area_in_meters":178.41990661621094,"confidence":0.8209999799728394}},{"type":"Feature","geometry":null,"properties":{"risk_score":27.94873380357292,"verdict":"RED_BLOCKS_DRAINAGE","lost_frac":0,"flow_frac":0.653061224489796,"upstream_km2":1.7721014898650502,"hand_m":0.03468540736607143,"area_in_meters":168.46620178222656,"confidence":0.8834999799728394}},{"type":"Feature","geometry":null,"properties":{"risk_score":53.78527116629552,"verdict":"RED_BLOCKS_DRAINAGE","lost_frac":0,"flow_frac":0.8219178082191781,"upstream_km2":6.120294726568543,"hand_m":0.3027418998822774,"area_in_meters":1043.4656982421875,"confidence":0.8834999799728394}},{"type":"Feature","geometry":null,"properties":{"risk_score":2.754950157303483,"verdict":"RED_BLOCKS_DRAINAGE","lost_frac":0,"flow_frac":1.0,"upstream_km2":24.411165237426758,"hand_m":50,"area_in_meters":113.82230377197266,"confidence":0.7473000288009644}},{"type":"Feature","geometry":null,"properties":{"risk_score":3.7119674972146903,"verdict":"RED_BLOCKS_DRAINAGE","lost_frac":0,"flow_frac":1.0,"upstream_km2":77.181396484375,"hand_m":50,"area_in_meters":75.5967025756836,"confidence":0.7473000288009644}},{"type":"Feature","geometry":null,"properties":{"risk_score":2.7994755610117856,"verdict":"RED_BLOCKS_DRAINAGE","lost_frac":0,"flow_frac":1.0,"upstream_km2":25.775188446044922,"hand_m":50,"area_in_meters":102.3738021850586,"confidence":0.7473000288009644}},{"type":"Feature","geometry":null,"properties":{"risk_score":14.010064627719624,"verdict":"AMBER_PARTIAL","lost_frac":0,"flow_frac":0.42553191489361697,"upstream_km2":6.546118530048494,"hand_m":1.6659364091589095,"area_in_meters":163.27639770507812,"confidence":0.7473000288009644}},{"type":"Feature","geometry":null,"properties":{"risk_score":2.707563243983808,"verdict":"RED_BLOCKS_DRAINAGE","lost_frac":0,"flow_frac":1.0,"upstream_km2":23.03572654724121,"hand_m":50,"area_in_meters":128.18539428710938,"confidence":0.7473000288009644}},{"type":"Feature","geometry":null,"properties":{"risk_score":2.821456888947226,"verdict":"RED_BLOCKS_DRAINAGE","lost_frac":0,"flow_frac":1.0,"upstream_km2":26.4753360748291,"hand_m":50,"area_in_meters":480.3324890136719,"confidence":0.8098000288009644}},{"type":"Feature","geometry":null,"properties":{"risk_score":1.3027723220978629,"verdict":"RED_BLOCKS_DRAINAGE","lost_frac":0,"flow_frac":1.0,"upstream_km2":3.6175742149353027,"hand_m":50,"area_in_meters":52.92449951171875,"confidence":0.8723000288009644}},{"type":"Feature","geometry":null,"properties":{"risk_score":2.0246478708252256,"verdict":"RED_BLOCKS_DRAINAGE","lost_frac":0,"flow_frac":1.0,"upstream_km2":9.778800010681152,"hand_m":50,"area_in_meters":71.88619995117188,"confidence":0.7529000043869019}},{"type":"Feature","geometry":null,"properties":{"risk_score":1.2050599037414342,"verdict":"RED_BLOCKS_DRAINAGE","lost_frac":0,"flow_frac":1.0,"upstream_km2":3.116997003555298,"hand_m":50,"area_in_meters":79.2571029663086,"confidence":0.8154000043869019}},{"type":"Feature","geometry":null,"properties":{"risk_score":3.7285114529627563,"verdict":"RED_BLOCKS_DRAINAGE","lost_frac":0,"flow_frac":1.0,"upstream_km2":78.71514511108397,"hand_m":50,"area_in_meters":134.60000610351562,"confidence":0.8154000043869019}},{"type":"Feature","geometry":null,"properties":{"risk_score":1.0769333773081167,"verdict":"RED_BLOCKS_DRAINAGE","lost_frac":0,"flow_frac":1.0,"upstream_km2":2.541897773742676,"hand_m":50,"area_in_meters":125.90339660644531,"confidence":0.8154000043869019}},{"type":"Feature","geometry":null,"properties":{"risk_score":1.047390122692645,"verdict":"RED_BLOCKS_DRAINAGE","lost_frac":0,"flow_frac":1.0,"upstream_km2":2.4211251574047545,"hand_m":50,"area_in_meters":214.50059509277344,"confidence":0.8779000043869019}},{"type":"Feature","geometry":null,"properties":{"risk_score":2.7122756430907033,"verdict":"RED_BLOCKS_DRAINAGE","lost_frac":0,"flow_frac":1.0,"upstream_km2":23.169105529785156,"hand_m":50,"area_in_meters":227.70509338378906,"confidence":0.8779000043869019}},{"type":"Feature","geometry":null,"properties":{"risk_score":2.1127822565205743,"verdict":"RED_BLOCKS_DRAINAGE","lost_frac":0,"flow_frac":1.0,"upstream_km2":10.954156875610352,"hand_m":50,"area_in_meters":144.5968017578125,"confidence":0.8779000043869019}},{"type":"Feature","geometry":null,"properties":{"risk_score":2.726258167272088,"verdict":"RED_BLOCKS_DRAINAGE","lost_frac":0,"flow_frac":1.0,"upstream_km2":23.569236755371094,"hand_m":50,"area_in_meters":67.40660095214844,"confidence":0.7071999907493591}},{"type":"Feature","geometry":null,"properties":{"risk_score":1.804140007944919,"verdict":"RED_BLOCKS_DRAINAGE","lost_frac":0,"flow_frac":1.0,"upstream_km2":7.3197716027498245,"hand_m":50,"area_in_meters":137.8361053466797,"confidence":0.8321999907493591}},{"type":"Feature","geometry":null,"properties":{"risk_score":65.14630411014902,"verdict":"RED_BLOCKS_DRAINAGE","lost_frac":0,"flow_frac":0.9065420560747663,"upstream_km2":25.12748203092368,"hand_m":0.9719591942903038,"area_in_meters":366.3277893066406,"confidence":0.8321999907493591}},{"type":"Feature","geometry":null,"properties":{"risk_score":2.410000006003811,"verdict":"RED_BLOCKS_DRAINAGE","lost_frac":0,"flow_frac":1.0,"upstream_km2":15.947279930114746,"hand_m":50,"area_in_meters":46.93989944458008,"confidence":0.8321999907493591}},{"type":"Feature","geometry":null,"properties":{"risk_score":1.3072678083372562,"verdict":"RED_BLOCKS_DRAINAGE","lost_frac":0,"flow_frac":1.0,"upstream_km2":3.6420154571533203,"hand_m":50,"area_in_meters":308.0504150390625,"confidence":0.8321999907493591}},{"type":"Feature","geometry":null,"properties":{"risk_score":1.08093138689451,"verdict":"RED_BLOCKS_DRAINAGE","lost_frac":0,"flow_frac":1.0,"upstream_km2":2.558565855026245,"hand_m":50,"area_in_meters":120.3821029663086,"confidence":0.8321999907493591}},{"type":"Feature","geometry":null,"properties":{"risk_score":2.7984145408371424,"verdict":"RED_BLOCKS_DRAINAGE","lost_frac":0,"flow_frac":1.0,"upstream_km2":25.74184799194336,"hand_m":50,"area_in_meters":70.98210144042969,"confidence":0.8946999907493591}},{"type":"Feature","geometry":null,"properties":{"risk_score":2.747017985395026,"verdict":"RED_BLOCKS_DRAINAGE","lost_frac":0,"flow_frac":1.0,"upstream_km2":24.175561904907227,"hand_m":50,"area_in_meters":50.85329818725586,"confidence":0.7641000151634216}},{"type":"Feature","geometry":null,"properties":{"risk_score":1.32092996898325,"verdict":"RED_BLOCKS_DRAINAGE","lost_frac":0,"flow_frac":1.0,"upstream_km2":3.7170913219451904,"hand_m":50,"area_in_meters":179.0529022216797,"confidence":0.8266000151634216}},{"type":"Feature","geometry":null,"properties":{"risk_score":2.625733414849012,"verdict":"RED_BLOCKS_DRAINAGE","lost_frac":0,"flow_frac":1.0,"upstream_km2":20.833534240722656,"hand_m":50,"area_in_meters":131.8946075439453,"confidence":0.8266000151634216}},{"type":"Feature","geometry":null,"properties":{"risk_score":3.3285503673154837,"verdict":"AMBER_PARTIAL","lost_frac":0,"flow_frac":0.35,"upstream_km2":0.8808986205607653,"hand_m":1.8849761962890623,"area_in_meters":73.089599609375,"confidence":0.8266000151634216}},{"type":"Feature","geometry":null,"properties":{"risk_score":14.72082824905466,"verdict":"RED_BLOCKS_DRAINAGE","lost_frac":0,"flow_frac":0.7317073170731708,"upstream_km2":2.032930349158805,"hand_m":1.395125226276677,"area_in_meters":125.04969787597656,"confidence":0.8891000151634216}},{"type":"Feature","geometry":null,"properties":{"risk_score":1.0379858295247464,"verdict":"RED_BLOCKS_DRAINAGE","lost_frac":0,"flow_frac":1.0,"upstream_km2":2.3835513591766357,"hand_m":50,"area_in_meters":198.3592987060547,"confidence":0.8489999771118164}},{"type":"Feature","geometry":null,"properties":{"risk_score":1.2903635122060866,"verdict":"RED_BLOCKS_DRAINAGE","lost_frac":0,"flow_frac":1.0,"upstream_km2":3.5507752895355225,"hand_m":50,"area_in_meters":118.2938003540039,"confidence":0.8378000259399414}},{"type":"Feature","geometry":null,"properties":{"risk_score":1.8367002131628545,"verdict":"RED_BLOCKS_DRAINAGE","lost_frac":0,"flow_frac":1.0,"upstream_km2":7.644046783447266,"hand_m":50,"area_in_meters":263.91729736328125,"confidence":0.9003000259399414}},{"type":"Feature","geometry":null,"properties":{"risk_score":6.693508127847861,"verdict":"AMBER_PARTIAL","lost_frac":0,"flow_frac":0.5,"upstream_km2":1.6001495108939707,"hand_m":2.100006103515625,"area_in_meters":424.9049072265625,"confidence":0.9003000259399414}},{"type":"Feature","geometry":null,"properties":{"risk_score":65.12545265416946,"verdict":"RED_BLOCKS_DRAINAGE","lost_frac":0,"flow_frac":0.7983539094650206,"upstream_km2":19.302266590427532,"hand_m":0.602880658436214,"area_in_meters":3345.16455078125,"confidence":0.9003000259399414}},{"type":"Feature","geometry":null,"properties":{"risk_score":1.1103388148707447,"verdict":"RED_BLOCKS_DRAINAGE","lost_frac":0,"flow_frac":1.0,"upstream_km2":2.683602809906006,"hand_m":50,"area_in_meters":47.346900939941406,"confidence":0.7184000015258789}},{"type":"Feature","geometry":null,"properties":{"risk_score":8.944851336989537,"verdict":"AMBER_PARTIAL","lost_frac":0,"flow_frac":0.25,"upstream_km2":5.931268936023117,"hand_m":1.3499908447265625,"area_in_meters":56.33689880371094,"confidence":0.7184000015258789}},{"type":"Feature","geometry":null,"properties":{"risk_score":1.0124383803323538,"verdict":"RED_BLOCKS_DRAINAGE","lost_frac":0,"flow_frac":1.0,"upstream_km2":2.2835495471954346,"hand_m":50,"area_in_meters":102.35820007324219,"confidence":0.7809000015258789}},{"type":"Feature","geometry":null,"properties":{"risk_score":69.41075057387745,"verdict":"RED_BLOCKS_DRAINAGE","lost_frac":0,"flow_frac":0.8695652173913042,"upstream_km2":9.395968478456462,"hand_m":0.27390985903532605,"area_in_meters":239.73660278320312,"confidence":0.7809000015258789}},{"type":"Feature","geometry":null,"properties":{"risk_score":13.177383873624493,"verdict":"RED_BLOCKS_DRAINAGE","lost_frac":0,"flow_frac":0.625,"upstream_km2":1.4699324406683445,"hand_m":0.8624954223632812,"area_in_meters":113.4083023071289,"confidence":0.8434000015258789}},{"type":"Feature","geometry":null,"properties":{"risk_score":2.944264911062064,"verdict":"RED_BLOCKS_DRAINAGE","lost_frac":0,"flow_frac":1.0,"upstream_km2":30.737674713134766,"hand_m":50,"area_in_meters":201.1824951171875,"confidence":0.8434000015258789}},{"type":"Feature","geometry":null,"properties":{"risk_score":2.8074058353368185,"verdict":"RED_BLOCKS_DRAINAGE","lost_frac":0,"flow_frac":1.0,"upstream_km2":26.02570152282715,"hand_m":50,"area_in_meters":164.94439697265625,"confidence":0.8434000015258789}},{"type":"Feature","geometry":null,"properties":{"risk_score":1.876015006290117,"verdict":"RED_BLOCKS_DRAINAGE","lost_frac":0,"flow_frac":1.0,"upstream_km2":8.052481651306152,"hand_m":50,"area_in_meters":129.8426971435547,"confidence":0.8434000015258789}},{"type":"Feature","geometry":null,"properties":{"risk_score":1.52500782262671,"verdict":"GREEN_CLEAR","lost_frac":0,"flow_frac":0.05263157894736842,"upstream_km2":1.50923881522919,"hand_m":0.3789126747532895,"area_in_meters":144.24270629882812,"confidence":0.7351999878883362}},{"type":"Feature","geometry":null,"properties":{"risk_score":1.0789346998056413,"verdict":"RED_BLOCKS_DRAINAGE","lost_frac":0,"flow_frac":1.0,"upstream_km2":2.550231695175171,"hand_m":50,"area_in_meters":120.39140319824219,"confidence":0.7351999878883362}},{"type":"Feature","geometry":null,"properties":{"risk_score":1.1929829868770292,"verdict":"RED_BLOCKS_DRAINAGE","lost_frac":0,"flow_frac":1.0,"upstream_km2":3.059021234512329,"hand_m":50,"area_in_meters":327.0083923339844,"confidence":0.8601999878883362}},{"type":"Feature","geometry":null,"properties":{"risk_score":2.7279899493783475,"verdict":"RED_BLOCKS_DRAINAGE","lost_frac":0,"flow_frac":1.0,"upstream_km2":23.619253158569336,"hand_m":50,"area_in_meters":145.3759002685547,"confidence":0.7921000123023987}},{"type":"Feature","geometry":null,"properties":{"risk_score":67.31940694539023,"verdict":"RED_BLOCKS_DRAINAGE","lost_frac":0,"flow_frac":0.7916666666666666,"upstream_km2":6.3800909135024995,"hand_m":0.0208282470703125,"area_in_meters":171.5334014892578,"confidence":0.7921000123023987}},{"type":"Feature","geometry":null,"properties":{"risk_score":2.8605802543402374,"verdict":"RED_BLOCKS_DRAINAGE","lost_frac":0,"flow_frac":1.0,"upstream_km2":27.76708984375,"hand_m":50,"area_in_meters":340.2641906738281,"confidence":0.8546000123023987}},{"type":"Feature","geometry":null,"properties":{"risk_score":40.03142956517101,"verdict":"AMBER_PARTIAL","lost_frac":0,"flow_frac":0.3770491803278689,"upstream_km2":70.67666813462483,"hand_m":0.7475485879866804,"area_in_meters":216.40390014648438,"confidence":0.8546000123023987}},{"type":"Feature","geometry":null,"properties":{"risk_score":2.621823912984877,"verdict":"RED_BLOCKS_DRAINAGE","lost_frac":0,"flow_frac":1.0,"upstream_km2":20.7335262298584,"hand_m":50,"area_in_meters":92.71869659423828,"confidence":0.8546000123023987}},{"type":"Feature","geometry":null,"properties":{"risk_score":47.796709446690045,"verdict":"RED_BLOCKS_DRAINAGE","lost_frac":0,"flow_frac":0.5111111111111112,"upstream_km2":95.97840518843796,"hand_m":1.1244384765625002,"area_in_meters":158.7490997314453,"confidence":0.8546000123023987}},{"type":"Feature","geometry":null,"properties":{"risk_score":25.667153547926812,"verdict":"RED_BLOCKS_DRAINAGE","lost_frac":0,"flow_frac":0.575,"upstream_km2":1.9197927225381135,"hand_m":0.0424896240234375,"area_in_meters":132.8972930908203,"confidence":0.8546000123023987}},{"type":"Feature","geometry":null,"properties":{"risk_score":73.78001870465083,"verdict":"RED_BLOCKS_DRAINAGE","lost_frac":0,"flow_frac":0.6941176470588235,"upstream_km2":50.66507265942499,"hand_m":0.6117647058823529,"area_in_meters":286.4154052734375,"confidence":0.808899998664856}},{"type":"Feature","geometry":null,"properties":{"risk_score":55.51460544559207,"verdict":"RED_BLOCKS_DRAINAGE","lost_frac":0,"flow_frac":0.8857142857142857,"upstream_km2":3.3046637143407547,"hand_m":0.01142578125,"area_in_meters":251.30520629882812,"confidence":0.808899998664856}},{"type":"Feature","geometry":null,"properties":{"risk_score":1.3351956006608343,"verdict":"RED_BLOCKS_DRAINAGE","lost_frac":0,"flow_frac":1.0,"upstream_km2":3.79677951335907,"hand_m":50,"area_in_meters":188.96470642089844,"confidence":0.808899998664856}},{"type":"Feature","geometry":null,"properties":{"risk_score":1.2221083421189252,"verdict":"RED_BLOCKS_DRAINAGE","lost_frac":0,"flow_frac":1.0,"upstream_km2":3.2002511024475098,"hand_m":50,"area_in_meters":221.92190551757812,"confidence":0.808899998664856}},{"type":"Feature","geometry":null,"properties":{"risk_score":3.6674215645561845,"verdict":"RED_BLOCKS_DRAINAGE","lost_frac":0,"flow_frac":1.0,"upstream_km2":73.19676971435547,"hand_m":50,"area_in_meters":640.002197265625,"confidence":0.871399998664856}},{"type":"Feature","geometry":null,"properties":{"risk_score":2.746734327379937,"verdict":"RED_BLOCKS_DRAINAGE","lost_frac":0,"flow_frac":1.0,"upstream_km2":24.167177200317383,"hand_m":50,"area_in_meters":108.81050109863281,"confidence":0.8144999742507935}},{"type":"Feature","geometry":null,"properties":{"risk_score":3.724772332001635,"verdict":"RED_BLOCKS_DRAINAGE","lost_frac":0,"flow_frac":1.0,"upstream_km2":78.36588973999024,"hand_m":50,"area_in_meters":84.99220275878906,"confidence":0.7408000230789185}},{"type":"Feature","geometry":null,"properties":{"risk_score":9.42207812151921,"verdict":"AMBER_PARTIAL","lost_frac":0,"flow_frac":0.2619047619047619,"upstream_km2":6.315904239547395,"hand_m":1.4023989722842263,"area_in_meters":148.1320037841797,"confidence":0.7408000230789185}},{"type":"Feature","geometry":null,"properties":{"risk_score":2.860333540653563,"verdict":"RED_BLOCKS_DRAINAGE","lost_frac":0,"flow_frac":1.0,"upstream_km2":27.758756637573242,"hand_m":50,"area_in_meters":143.0406951904297,"confidence":0.7408000230789185}},{"type":"Feature","geometry":null,"properties":{"risk_score":1.184110060343759,"verdict":"RED_BLOCKS_DRAINAGE","lost_frac":0,"flow_frac":1.0,"upstream_km2":3.0169472694396973,"hand_m":50,"area_in_meters":72.74040222167969,"confidence":0.8033000230789185}},{"type":"Feature","geometry":null,"properties":{"risk_score":1.2254810334339632,"verdict":"RED_BLOCKS_DRAINAGE","lost_frac":0,"flow_frac":1.0,"upstream_km2":3.2169196605682373,"hand_m":50,"area_in_meters":63.3838005065918,"confidence":0.8033000230789185}},{"type":"Feature","geometry":null,"properties":{"risk_score":1.895461690411537,"verdict":"RED_BLOCKS_DRAINAGE","lost_frac":0,"flow_frac":1.0,"upstream_km2":8.261588096618652,"hand_m":50,"area_in_meters":120.18360137939453,"confidence":0.8658000230789185}},{"type":"Feature","geometry":null,"properties":{"risk_score":4.789377045212078,"verdict":"RED_BLOCKS_DRAINAGE","lost_frac":0,"flow_frac":1.0,"upstream_km2":276.0653991699219,"hand_m":50,"area_in_meters":142.24929809570312,"confidence":0.8658000230789185}},{"type":"Feature","geometry":null,"properties":{"risk_score":2.412926746774036,"verdict":"RED_BLOCKS_DRAINAGE","lost_frac":0,"flow_frac":1.0,"upstream_km2":16.005626678466797,"hand_m":50,"area_in_meters":1446.23046875,"confidence":0.8658000230789185}},{"type":"Feature","geometry":null,"properties":{"risk_score":2.709248925736882,"verdict":"RED_BLOCKS_DRAINAGE","lost_frac":0,"flow_frac":1.0,"upstream_km2":23.08335304260254,"hand_m":50,"area_in_meters":53.013999938964844,"confidence":0.7006999850273132}},{"type":"Feature","geometry":null,"properties":{"risk_score":1.895461690411537,"verdict":"RED_BLOCKS_DRAINAGE","lost_frac":0,"flow_frac":1.0,"upstream_km2":8.261588096618652,"hand_m":50,"area_in_meters":96.35900115966797,"confidence":0.8881999850273132}},{"type":"Feature","geometry":null,"properties":{"risk_score":54.38395829999475,"verdict":"RED_BLOCKS_DRAINAGE","lost_frac":0,"flow_frac":0.6379310344827586,"upstream_km2":19.19377491197645,"hand_m":0.5310374292834051,"area_in_meters":396.2652893066406,"confidence":0.8881999850273132}},{"type":"Feature","geometry":null,"properties":{"risk_score":38.138602481043,"verdict":"RED_BLOCKS_DRAINAGE","lost_frac":0,"flow_frac":0.5454545454545454,"upstream_km2":13.994785002686761,"hand_m":0.6818181818181818,"area_in_meters":75.7061996459961,"confidence":0.8881999850273132}},{"type":"Feature","geometry":null,"properties":{"risk_score":2.755139651543374,"verdict":"RED_BLOCKS_DRAINAGE","lost_frac":0,"flow_frac":1.0,"upstream_km2":24.416820526123047,"hand_m":50,"area_in_meters":102.73490142822266,"confidence":0.8881999850273132}},{"type":"Feature","geometry":null,"properties":{"risk_score":2.626707973705372,"verdict":"RED_BLOCKS_DRAINAGE","lost_frac":0,"flow_frac":1.0,"upstream_km2":20.858535766601562,"hand_m":50,"area_in_meters":107.01519775390625,"confidence":0.7576000094413757}},{"type":"Feature","geometry":null,"properties":{"risk_score":2.860333540653563,"verdict":"RED_BLOCKS_DRAINAGE","lost_frac":0,"flow_frac":1.0,"upstream_km2":27.758756637573242,"hand_m":50,"area_in_meters":70.00759887695312,"confidence":0.7576000094413757}},{"type":"Feature","geometry":null,"properties":{"risk_score":1.2204267331745546,"verdict":"RED_BLOCKS_DRAINAGE","lost_frac":0,"flow_frac":1.0,"upstream_km2":3.191964864730835,"hand_m":50,"area_in_meters":43.80670166015625,"confidence":0.8201000094413757}},{"type":"Feature","geometry":null,"properties":{"risk_score":1.0358857361639484,"verdict":"RED_BLOCKS_DRAINAGE","lost_frac":0,"flow_frac":1.0,"upstream_km2":2.3752171993255615,"hand_m":50,"area_in_meters":42.92449951171875,"confidence":0.8201000094413757}},{"type":"Feature","geometry":null,"properties":{"risk_score":1.030701135580307,"verdict":"RED_BLOCKS_DRAINAGE","lost_frac":0,"flow_frac":1.0,"upstream_km2":2.354730051916999,"hand_m":50,"area_in_meters":262.1997985839844,"confidence":0.8201000094413757}},{"type":"Feature","geometry":null,"properties":{"risk_score":2.821456888947226,"verdict":"RED_BLOCKS_DRAINAGE","lost_frac":0,"flow_frac":1.0,"upstream_km2":26.4753360748291,"hand_m":50,"area_in_meters":225.14219665527344,"confidence":0.836899995803833}},{"type":"Feature","geometry":null,"properties":{"risk_score":1.1446427562255737,"verdict":"RED_BLOCKS_DRAINAGE","lost_frac":0,"flow_frac":0.7543859649122807,"upstream_km2":4.940619581297302,"hand_m":50,"area_in_meters":212.02789306640625,"confidence":0.899399995803833}},{"type":"Feature","geometry":null,"properties":{"risk_score":1.08093138689451,"verdict":"RED_BLOCKS_DRAINAGE","lost_frac":0,"flow_frac":1.0,"upstream_km2":2.558565855026245,"hand_m":50,"area_in_meters":52.9182014465332,"confidence":0.7174999713897705}},{"type":"Feature","geometry":null,"properties":{"risk_score":2.7877308653496096,"verdict":"RED_BLOCKS_DRAINAGE","lost_frac":0,"flow_frac":1.0,"upstream_km2":25.40843963623047,"hand_m":50,"area_in_meters":85.83609771728516,"confidence":0.8424999713897705}},{"type":"Feature","geometry":null,"properties":{"risk_score":4.392229302706899,"verdict":"AMBER_PARTIAL","lost_frac":0,"flow_frac":0.2857142857142857,"upstream_km2":1.6137525201109901,"hand_m":1.7143031529017858,"area_in_meters":305.6954040527344,"confidence":0.9049999713897705}},{"type":"Feature","geometry":null,"properties":{"risk_score":1.2338736348166532,"verdict":"RED_BLOCKS_DRAINAGE","lost_frac":0,"flow_frac":1.0,"upstream_km2":3.258685350418091,"hand_m":50,"area_in_meters":199.9539031982422,"confidence":0.9049999713897705}},{"type":"Feature","geometry":null,"properties":{"risk_score":19.7872515580707,"verdict":"AMBER_PARTIAL","lost_frac":0,"flow_frac":0.3333333333333333,"upstream_km2":7.90835953503847,"hand_m":0.6000162760416666,"area_in_meters":41.615501403808594,"confidence":0.8313000202178955}},{"type":"Feature","geometry":null,"properties":{"risk_score":143.62727085633642,"verdict":"RED_BLOCKS_DRAINAGE","lost_frac":0,"flow_frac":0.9080459770114943,"upstream_km2":71.12199616372243,"hand_m":0.17471488864942528,"area_in_meters":302.8883056640625,"confidence":0.8313000202178955}},{"type":"Feature","geometry":null,"properties":{"risk_score":2.188302536470105,"verdict":"RED_BLOCKS_DRAINAGE","lost_frac":0,"flow_frac":1.0,"upstream_km2":12.062740325927734,"hand_m":50,"area_in_meters":370.01568603515625,"confidence":0.8313000202178955}},{"type":"Feature","geometry":null,"properties":{"risk_score":3.728600488238766,"verdict":"RED_BLOCKS_DRAINAGE","lost_frac":0,"flow_frac":1.0,"upstream_km2":78.72348022460938,"hand_m":50,"area_in_meters":205.10769653320312,"confidence":0.7231000065803528}},{"type":"Feature","geometry":null,"properties":{"risk_score":11.980284134593049,"verdict":"RED_BLOCKS_DRAINAGE","lost_frac":0,"flow_frac":0.6842105263157895,"upstream_km2":1.9015092179179192,"hand_m":1.6421091180098684,"area_in_meters":66.35440063476562,"confidence":0.7856000065803528}},{"type":"Feature","geometry":null,"properties":{"risk_score":81.51856686543559,"verdict":"RED_BLOCKS_DRAINAGE","lost_frac":0,"flow_frac":0.8695652173913043,"upstream_km2":42.097170535556,"hand_m":0.7434798530910327,"area_in_meters":89.50019836425781,"confidence":0.7856000065803528}},{"type":"Feature","geometry":null,"properties":{"risk_score":2.7057893747707973,"verdict":"RED_BLOCKS_DRAINAGE","lost_frac":0,"flow_frac":1.0,"upstream_km2":22.98571014404297,"hand_m":50,"area_in_meters":57.755401611328125,"confidence":0.7856000065803528}},{"type":"Feature","geometry":null,"properties":{"risk_score":3.854293795886074,"verdict":"GREEN_CLEAR","lost_frac":0,"flow_frac":0.13333333333333333,"upstream_km2":3.1186681586007277,"hand_m":1.1266560872395832,"area_in_meters":415.48028564453125,"confidence":0.7856000065803528}},{"type":"Feature","geometry":null,"properties":{"risk_score":2.728566428327632,"verdict":"RED_BLOCKS_DRAINAGE","lost_frac":0,"flow_frac":1.0,"upstream_km2":23.63592529296875,"hand_m":50,"area_in_meters":141.0749053955078,"confidence":0.7856000065803528}},{"type":"Feature","geometry":null,"properties":{"risk_score":6.284390679874501,"verdict":"AMBER_PARTIAL","lost_frac":0,"flow_frac":0.36538461538461536,"upstream_km2":4.4194019880647275,"hand_m":3.2673116830679083,"area_in_meters":166.55650329589844,"confidence":0.8481000065803528}},{"type":"Feature","geometry":null,"properties":{"risk_score":1.2903635122060866,"verdict":"RED_BLOCKS_DRAINAGE","lost_frac":0,"flow_frac":1.0,"upstream_km2":3.5507752895355225,"hand_m":50,"area_in_meters":188.25999450683594,"confidence":0.8481000065803528}},{"type":"Feature","geometry":null,"properties":{"risk_score":1.32092996898325,"verdict":"RED_BLOCKS_DRAINAGE","lost_frac":0,"flow_frac":1.0,"upstream_km2":3.7170913219451904,"hand_m":50,"area_in_meters":114.02320098876953,"confidence":0.8536999821662903}},{"type":"Feature","geometry":null,"properties":{"risk_score":118.94692838785011,"verdict":"RED_BLOCKS_DRAINAGE","lost_frac":0,"flow_frac":0.9333333333333333,"upstream_km2":22.789588109155495,"hand_m":0.08000081380208332,"area_in_meters":103.52570343017578,"confidence":0.7398999929428101}},{"type":"Feature","geometry":null,"properties":{"risk_score":2.7057893747707973,"verdict":"RED_BLOCKS_DRAINAGE","lost_frac":0,"flow_frac":1.0,"upstream_km2":22.98571014404297,"hand_m":50,"area_in_meters":271.1792907714844,"confidence":0.7398999929428101}},{"type":"Feature","geometry":null,"properties":{"risk_score":1.2254810334339632,"verdict":"RED_BLOCKS_DRAINAGE","lost_frac":0,"flow_frac":1.0,"upstream_km2":3.2169196605682373,"hand_m":50,"area_in_meters":116.79969787597656,"confidence":0.8023999929428101}},{"type":"Feature","geometry":null,"properties":{"risk_score":80.28636900466898,"verdict":"RED_BLOCKS_DRAINAGE","lost_frac":0,"flow_frac":0.8799999999999999,"upstream_km2":20.299682636894286,"hand_m":0.45599853515624994,"area_in_meters":256.40380859375,"confidence":0.8648999929428101}},{"type":"Feature","geometry":null,"properties":{"risk_score":2.795489839364128,"verdict":"RED_BLOCKS_DRAINAGE","lost_frac":0,"flow_frac":1.0,"upstream_km2":25.65015983581543,"hand_m":50,"area_in_meters":84.46659851074219,"confidence":0.8648999929428101}},{"type":"Feature","geometry":null,"properties":{"risk_score":9.432491020689705,"verdict":"AMBER_PARTIAL","lost_frac":0,"flow_frac":0.32142857142857145,"upstream_km2":23.472159196223533,"hand_m":3.732142857142857,"area_in_meters":99.29280090332031,"confidence":0.7343000173568726}},{"type":"Feature","geometry":null,"properties":{"risk_score":2.795489839364128,"verdict":"RED_BLOCKS_DRAINAGE","lost_frac":0,"flow_frac":1.0,"upstream_km2":25.65015983581543,"hand_m":50,"area_in_meters":132.97329711914062,"confidence":0.7968000173568726}},{"type":"Feature","geometry":null,"properties":{"risk_score":2.707563243983808,"verdict":"RED_BLOCKS_DRAINAGE","lost_frac":0,"flow_frac":1.0,"upstream_km2":23.03572654724121,"hand_m":50,"area_in_meters":256.76708984375,"confidence":0.7968000173568726}},{"type":"Feature","geometry":null,"properties":{"risk_score":2.746734327379937,"verdict":"RED_BLOCKS_DRAINAGE","lost_frac":0,"flow_frac":1.0,"upstream_km2":24.167177200317383,"hand_m":50,"area_in_meters":59.50310134887695,"confidence":0.7968000173568726}},{"type":"Feature","geometry":null,"properties":{"risk_score":1.32092996898325,"verdict":"RED_BLOCKS_DRAINAGE","lost_frac":0,"flow_frac":1.0,"upstream_km2":3.7170913219451904,"hand_m":50,"area_in_meters":77.70349884033203,"confidence":0.7968000173568726}},{"type":"Feature","geometry":null,"properties":{"risk_score":1.2221083421189252,"verdict":"RED_BLOCKS_DRAINAGE","lost_frac":0,"flow_frac":1.0,"upstream_km2":3.2002511024475098,"hand_m":50,"area_in_meters":64.9259033203125,"confidence":0.8136000037193298}},{"type":"Feature","geometry":null,"properties":{"risk_score":23.836610314759586,"verdict":"RED_BLOCKS_DRAINAGE","lost_frac":0,"flow_frac":0.6438356164383563,"upstream_km2":2.0825299981930483,"hand_m":0.320556640625,"area_in_meters":274.9678955078125,"confidence":0.8191999793052673}},{"type":"Feature","geometry":null,"properties":{"risk_score":2.8590987292321377,"verdict":"RED_BLOCKS_DRAINAGE","lost_frac":0,"flow_frac":1.0,"upstream_km2":27.717084884643555,"hand_m":50,"area_in_meters":119.32769775390625,"confidence":0.8191999793052673}},{"type":"Feature","geometry":null,"properties":{"risk_score":1.8506120877901737,"verdict":"RED_BLOCKS_DRAINAGE","lost_frac":0,"flow_frac":1.0,"upstream_km2":7.786424160003662,"hand_m":50,"area_in_meters":245.33450317382812,"confidence":0.8816999793052673}},{"type":"Feature","geometry":null,"properties":{"risk_score":3.6644506389741767,"verdict":"RED_BLOCKS_DRAINAGE","lost_frac":0,"flow_frac":1.0,"upstream_km2":72.93836212158203,"hand_m":50,"area_in_meters":54.91419982910156,"confidence":0.8816999793052673}},{"type":"Feature","geometry":null,"properties":{"risk_score":5.459372110607907,"verdict":"AMBER_PARTIAL","lost_frac":0,"flow_frac":0.4375,"upstream_km2":1.0620761933387257,"hand_m":1.5187568664550781,"area_in_meters":99.65399932861328,"confidence":0.8080000281333923}},{"type":"Feature","geometry":null,"properties":{"risk_score":1.876015006290117,"verdict":"RED_BLOCKS_DRAINAGE","lost_frac":0,"flow_frac":1.0,"upstream_km2":8.052481651306152,"hand_m":50,"area_in_meters":128.49769592285156,"confidence":0.8080000281333923}},{"type":"Feature","geometry":null,"properties":{"risk_score":2.7877308653496096,"verdict":"RED_BLOCKS_DRAINAGE","lost_frac":0,"flow_frac":1.0,"upstream_km2":25.40843963623047,"hand_m":50,"area_in_meters":93.60260009765625,"confidence":0.8705000281333923}},{"type":"Feature","geometry":null,"properties":{"risk_score":2.7279899493783475,"verdict":"RED_BLOCKS_DRAINAGE","lost_frac":0,"flow_frac":1.0,"upstream_km2":23.619253158569336,"hand_m":50,"area_in_meters":107.6449966430664,"confidence":0.8705000281333923}},{"type":"Feature","geometry":null,"properties":{"risk_score":12.469912092098784,"verdict":"AMBER_PARTIAL","lost_frac":0,"flow_frac":0.19999999999999998,"upstream_km2":15.67467868030071,"hand_m":0.9600097656249998,"area_in_meters":167.33859252929688,"confidence":0.9330000281333923}},{"type":"Feature","geometry":null,"properties":{"risk_score":1.1892683438920744,"verdict":"AMBER_PARTIAL","lost_frac":0,"flow_frac":0.1818181818181818,"upstream_km2":0.5841536398299716,"hand_m":2.0545487837357954,"area_in_meters":189.3979034423828,"confidence":0.7623000144958496}},{"type":"Feature","geometry":null,"properties":{"risk_score":2.711688025763225,"verdict":"RED_BLOCKS_DRAINAGE","lost_frac":0,"flow_frac":1.0,"upstream_km2":23.152433395385742,"hand_m":50,"area_in_meters":67.57779693603516,"confidence":0.8248000144958496}},{"type":"Feature","geometry":null,"properties":{"risk_score":1.9436844595128455,"verdict":"AMBER_PARTIAL","lost_frac":0,"flow_frac":0.2589928057553957,"upstream_km2":0.7012097359092222,"hand_m":2.074811098386916,"area_in_meters":477.681884765625,"confidence":0.8248000144958496}},{"type":"Feature","geometry":null,"properties":{"risk_score":1.777545662006873,"verdict":"AMBER_PARTIAL","lost_frac":0,"flow_frac":0.2391304347826087,"upstream_km2":0.7370342868380249,"hand_m":2.226104736328125,"area_in_meters":163.58360290527344,"confidence":0.8873000144958496}},{"type":"Feature","geometry":null,"properties":{"risk_score":1.0015619133127636,"verdict":"RED_BLOCKS_DRAINAGE","lost_frac":0,"flow_frac":1.0,"upstream_km2":2.241877317428589,"hand_m":50,"area_in_meters":246.1094970703125,"confidence":0.8873000144958496}},{"type":"Feature","geometry":null,"properties":{"risk_score":1.535231603269281,"verdict":"RED_BLOCKS_DRAINAGE","lost_frac":0,"flow_frac":1.0,"upstream_km2":5.066917896270752,"hand_m":50,"area_in_meters":791.3812255859375,"confidence":0.8873000144958496}},{"type":"Feature","geometry":null,"properties":{"risk_score":19.25650842399999,"verdict":"AMBER_PARTIAL","lost_frac":0,"flow_frac":0.41860465116279066,"upstream_km2":11.644172434803357,"hand_m":1.3953275458757266,"area_in_meters":158.52479553222656,"confidence":0.8873000144958496}},{"type":"Feature","geometry":null,"properties":{"risk_score":1.955192565124562,"verdict":"GREEN_CLEAR","lost_frac":0,"flow_frac":0.08823529411764706,"upstream_km2":1.9109505980330355,"hand_m":1.0941287769990808,"area_in_meters":243.85830688476562,"confidence":0.8873000144958496}},{"type":"Feature","geometry":null,"properties":{"risk_score":1.184110060343759,"verdict":"RED_BLOCKS_DRAINAGE","lost_frac":0,"flow_frac":1.0,"upstream_km2":3.0169472694396973,"hand_m":50,"area_in_meters":60.73109817504883,"confidence":0.8303999900817871}},{"type":"Feature","geometry":null,"properties":{"risk_score":1.2338736348166532,"verdict":"RED_BLOCKS_DRAINAGE","lost_frac":0,"flow_frac":1.0,"upstream_km2":3.258685350418091,"hand_m":50,"area_in_meters":92.22589874267578,"confidence":0.8303999900817871}},{"type":"Feature","geometry":null,"properties":{"risk_score":14.986157712728563,"verdict":"AMBER_PARTIAL","lost_frac":0,"flow_frac":0.3,"upstream_km2":8.752028146386147,"hand_m":0.9800170898437501,"area_in_meters":280.7341003417969,"confidence":0.8928999900817871}},{"type":"Feature","geometry":null,"properties":{"risk_score":1.8058181734407701,"verdict":"RED_BLOCKS_DRAINAGE","lost_frac":0,"flow_frac":1.0,"upstream_km2":7.336183547973633,"hand_m":50,"area_in_meters":104.19499969482422,"confidence":0.8928999900817871}},{"type":"Feature","geometry":null,"properties":{"risk_score":2.401463547528643,"verdict":"AMBER_PARTIAL","lost_frac":0,"flow_frac":0.2608695652173913,"upstream_km2":0.6388149344078873,"hand_m":1.3304257600203804,"area_in_meters":78.00489807128906,"confidence":0.7110000252723694}},{"type":"Feature","geometry":null,"properties":{"risk_score":1.1929829868770292,"verdict":"RED_BLOCKS_DRAINAGE","lost_frac":0,"flow_frac":1.0,"upstream_km2":3.059021234512329,"hand_m":50,"area_in_meters":47.11349868774414,"confidence":0.7735000252723694}},{"type":"Feature","geometry":null,"properties":{"risk_score":21.718030603249026,"verdict":"AMBER_PARTIAL","lost_frac":0,"flow_frac":0.4666666666666667,"upstream_km2":14.317575001219907,"hand_m":1.5466796875,"area_in_meters":104.26139831542969,"confidence":0.8360000252723694}},{"type":"Feature","geometry":null,"properties":{"risk_score":3.727263939838414,"verdict":"RED_BLOCKS_DRAINAGE","lost_frac":0,"flow_frac":1.0,"upstream_km2":78.59844970703125,"hand_m":50,"area_in_meters":247.6959991455078,"confidence":0.8360000252723694}},{"type":"Feature","geometry":null,"properties":{"risk_score":2.9139885607176033,"verdict":"RED_BLOCKS_DRAINAGE","lost_frac":0,"flow_frac":1.0,"upstream_km2":29.62909507751465,"hand_m":50,"area_in_meters":320.418701171875,"confidence":0.8360000252723694}},{"type":"Feature","geometry":null,"properties":{"risk_score":31.75724309633719,"verdict":"RED_BLOCKS_DRAINAGE","lost_frac":0,"flow_frac":0.8571428571428571,"upstream_km2":2.301421620883048,"hand_m":0.39999825613839285,"area_in_meters":87.9520034790039,"confidence":0.8416000008583069}},{"type":"Feature","geometry":null,"properties":{"risk_score":1.6299718502091574,"verdict":"GREEN_CLEAR","lost_frac":0,"flow_frac":0.11764705882352941,"upstream_km2":0.45542964251602397,"hand_m":0.17642750459558823,"area_in_meters":103.29869842529297,"confidence":0.8416000008583069}},{"type":"Feature","geometry":null,"properties":{"risk_score":7.128037384170096,"verdict":"AMBER_PARTIAL","lost_frac":0,"flow_frac":0.4297872340425532,"upstream_km2":1.4707038152725138,"hand_m":1.368524559507979,"area_in_meters":1570.904052734375,"confidence":0.9666000008583069}},{"type":"Feature","geometry":null,"properties":{"risk_score":2.1718419093465227,"verdict":"RED_BLOCKS_DRAINAGE","lost_frac":0,"flow_frac":1.0,"upstream_km2":11.812662124633789,"hand_m":50,"area_in_meters":59.37950134277344,"confidence":0.7221999764442444}},{"type":"Feature","geometry":null,"properties":{"risk_score":3.724137117386418,"verdict":"RED_BLOCKS_DRAINAGE","lost_frac":0,"flow_frac":1.0,"upstream_km2":78.30670928955078,"hand_m":50,"area_in_meters":96.42030334472656,"confidence":0.8471999764442444}},{"type":"Feature","geometry":null,"properties":{"risk_score":2.7877308653496096,"verdict":"RED_BLOCKS_DRAINAGE","lost_frac":0,"flow_frac":1.0,"upstream_km2":25.40843963623047,"hand_m":50,"area_in_meters":106.0989990234375,"confidence":0.8471999764442444}},{"type":"Feature","geometry":null,"properties":{"risk_score":4.43979880439666,"verdict":"AMBER_PARTIAL","lost_frac":0,"flow_frac":0.3448275862068966,"upstream_km2":1.2288362717834012,"hand_m":1.7034322804418103,"area_in_meters":101.31009674072266,"confidence":0.8471999764442444}},{"type":"Feature","geometry":null,"properties":{"risk_score":2.8927771974096195,"verdict":"RED_BLOCKS_DRAINAGE","lost_frac":0,"flow_frac":1.0,"upstream_km2":28.875581741333008,"hand_m":50,"area_in_meters":79.67970275878906,"confidence":0.8471999764442444}},{"type":"Feature","geometry":null,"properties":{"risk_score":2.7847691750353207,"verdict":"RED_BLOCKS_DRAINAGE","lost_frac":0,"flow_frac":1.0,"upstream_km2":25.31675148010254,"hand_m":50,"area_in_meters":66.08480072021484,"confidence":0.7278000116348267}},{"type":"Feature","geometry":null,"properties":{"risk_score":2.336961267632887,"verdict":"AMBER_PARTIAL","lost_frac":0,"flow_frac":0.2222222222222222,"upstream_km2":0.5380020042260488,"hand_m":0.7777777777777778,"area_in_meters":65.61100006103516,"confidence":0.7903000116348267}},{"type":"Feature","geometry":null,"properties":{"risk_score":4.622358045879922,"verdict":"RED_BLOCKS_DRAINAGE","lost_frac":0,"flow_frac":1.0,"upstream_km2":226.7207489013672,"hand_m":50,"area_in_meters":317.5480041503906,"confidence":0.7903000116348267}},{"type":"Feature","geometry":null,"properties":{"risk_score":1.0789346998056413,"verdict":"RED_BLOCKS_DRAINAGE","lost_frac":0,"flow_frac":1.0,"upstream_km2":2.550231695175171,"hand_m":50,"area_in_meters":49.85260009765625,"confidence":0.7903000116348267}},{"type":"Feature","geometry":null,"properties":{"risk_score":1.2700861083621535,"verdict":"AMBER_PARTIAL","lost_frac":0,"flow_frac":0.16483516483516486,"upstream_km2":4.5757108116215415,"hand_m":8.685683701064562,"area_in_meters":1294.724853515625,"confidence":0.8528000116348267}},{"type":"Feature","geometry":null,"properties":{"risk_score":1.0124383803323538,"verdict":"RED_BLOCKS_DRAINAGE","lost_frac":0,"flow_frac":1.0,"upstream_km2":2.2835495471954346,"hand_m":50,"area_in_meters":92.11150360107422,"confidence":0.7333999872207642}},{"type":"Feature","geometry":null,"properties":{"risk_score":1.2050599037414342,"verdict":"RED_BLOCKS_DRAINAGE","lost_frac":0,"flow_frac":1.0,"upstream_km2":3.116997003555298,"hand_m":50,"area_in_meters":53.185699462890625,"confidence":0.7333999872207642}},{"type":"Feature","geometry":null,"properties":{"risk_score":1.0769333773081167,"verdict":"RED_BLOCKS_DRAINAGE","lost_frac":0,"flow_frac":1.0,"upstream_km2":2.541897773742676,"hand_m":50,"area_in_meters":154.35440063476562,"confidence":0.7333999872207642}},{"type":"Feature","geometry":null,"properties":{"risk_score":1.6279395788701967,"verdict":"RED_BLOCKS_DRAINAGE","lost_frac":0,"flow_frac":0.6428571428571429,"upstream_km2":18.565850578980257,"hand_m":50,"area_in_meters":103.54340362548828,"confidence":0.7958999872207642}},{"type":"Feature","geometry":null,"properties":{"risk_score":2.625733414849012,"verdict":"RED_BLOCKS_DRAINAGE","lost_frac":0,"flow_frac":1.0,"upstream_km2":20.833534240722656,"hand_m":50,"area_in_meters":67.78359985351562,"confidence":0.7958999872207642}},{"type":"Feature","geometry":null,"properties":{"risk_score":2.734882007150012,"verdict":"RED_BLOCKS_DRAINAGE","lost_frac":0,"flow_frac":1.0,"upstream_km2":23.819316864013672,"hand_m":50,"area_in_meters":131.69479370117188,"confidence":0.7958999872207642}},{"type":"Feature","geometry":null,"properties":{"risk_score":54.42468543390808,"verdict":"RED_BLOCKS_DRAINAGE","lost_frac":0,"flow_frac":0.632251720747296,"upstream_km2":16.4053817001339,"hand_m":0.44130242421798177,"area_in_meters":3500.6422,"confidence":0.8583999872207642}},{"type":"Feature","geometry":null,"properties":{"risk_score":2.7195868167943518,"verdict":"RED_BLOCKS_DRAINAGE","lost_frac":0,"flow_frac":1.0,"upstream_km2":23.377506256103516,"hand_m":50,"area_in_meters":164.40719604492188,"confidence":0.8583999872207642}},{"type":"Feature","geometry":null,"properties":{"risk_score":1.2254810334339632,"verdict":"RED_BLOCKS_DRAINAGE","lost_frac":0,"flow_frac":1.0,"upstream_km2":3.2169196605682373,"hand_m":50,"area_in_meters":78.11579895019531,"confidence":0.7501999735832214}},{"type":"Feature","geometry":null,"properties":{"risk_score":2.7574605196361532,"verdict":"RED_BLOCKS_DRAINAGE","lost_frac":0,"flow_frac":1.0,"upstream_km2":24.486186981201172,"hand_m":50,"area_in_meters":159.98550415039062,"confidence":0.7501999735832214}},{"type":"Feature","geometry":null,"properties":{"risk_score":1.027435735880982,"verdict":"RED_BLOCKS_DRAINAGE","lost_frac":0,"flow_frac":1.0,"upstream_km2":2.341890573501587,"hand_m":50,"area_in_meters":74.88520050048828,"confidence":0.7501999735832214}},{"type":"Feature","geometry":null,"properties":{"risk_score":4.46583006596162,"verdict":"RED_BLOCKS_DRAINAGE","lost_frac":0,"flow_frac":1.0,"upstream_km2":188.48434448242188,"hand_m":50,"area_in_meters":216.05780029296875,"confidence":0.8126999735832214}},{"type":"Feature","geometry":null,"properties":{"risk_score":1.138760133573657,"verdict":"RED_BLOCKS_DRAINAGE","lost_frac":0,"flow_frac":1.0,"upstream_km2":2.8086202144622803,"hand_m":50,"area_in_meters":351.83599853515625,"confidence":0.8126999735832214}},{"type":"Feature","geometry":null,"properties":{"risk_score":95.87968104869894,"verdict":"RED_BLOCKS_DRAINAGE","lost_frac":0,"flow_frac":0.7727272727272727,"upstream_km2":18.82435778536918,"hand_m":0.04545731977982954,"area_in_meters":226.64549255371094,"confidence":0.8126999735832214}},{"type":"Feature","geometry":null,"properties":{"risk_score":4.595989870710401,"verdict":"RED_BLOCKS_DRAINAGE","lost_frac":0,"flow_frac":1.0,"upstream_km2":219.7775115966797,"hand_m":50,"area_in_meters":114.69779968261719,"confidence":0.8126999735832214}},{"type":"Feature","geometry":null,"properties":{"risk_score":2.711688025763225,"verdict":"RED_BLOCKS_DRAINAGE","lost_frac":0,"flow_frac":1.0,"upstream_km2":23.152433395385742,"hand_m":50,"area_in_meters":165.55209350585938,"confidence":0.8126999735832214}},{"type":"Feature","geometry":null,"properties":{"risk_score":12.207444922725157,"verdict":"AMBER_PARTIAL","lost_frac":0,"flow_frac":0.47619047619047616,"upstream_km2":3.5624910530944667,"hand_m":1.5714285714285712,"area_in_meters":80.99810028076172,"confidence":0.8126999735832214}},{"type":"Feature","geometry":null,"properties":{"risk_score":2.9128290440072093,"verdict":"RED_BLOCKS_DRAINAGE","lost_frac":0,"flow_frac":1.0,"upstream_km2":29.587417602539062,"hand_m":50,"area_in_meters":115.63899993896484,"confidence":0.8751999735832214}},{"type":"Feature","geometry":null,"properties":{"risk_score":9.48706429924095,"verdict":"AMBER_PARTIAL","lost_frac":0,"flow_frac":0.37625418060200677,"upstream_km2":4.107928544078895,"hand_m":1.8088781044235998,"area_in_meters":2037.9573974609375,"confidence":0.9376999735832214}},{"type":"Feature","geometry":null,"properties":{"risk_score":1.2229125763016486,"verdict":"RED_BLOCKS_DRAINAGE","lost_frac":0,"flow_frac":1.0,"upstream_km2":3.204219806761969,"hand_m":50,"area_in_meters":71.1771011352539,"confidence":0.7390000224113464}},{"type":"Feature","geometry":null,"properties":{"risk_score":2.755139651543374,"verdict":"RED_BLOCKS_DRAINAGE","lost_frac":0,"flow_frac":1.0,"upstream_km2":24.416820526123047,"hand_m":50,"area_in_meters":396.9861145019531,"confidence":0.8640000224113464}},{"type":"Feature","geometry":null,"properties":{"risk_score":2.734882007150012,"verdict":"RED_BLOCKS_DRAINAGE","lost_frac":0,"flow_frac":1.0,"upstream_km2":23.819316864013672,"hand_m":50,"area_in_meters":89.05120086669922,"confidence":0.8640000224113464}},{"type":"Feature","geometry":null,"properties":{"risk_score":221.20597616398152,"verdict":"RED_BLOCKS_DRAINAGE","lost_frac":0,"flow_frac":0.9642857142857143,"upstream_km2":211.2052657139554,"hand_m":0.01428440638950893,"area_in_meters":98.3917007446289,"confidence":0.9265000224113464}},{"type":"Feature","geometry":null,"properties":{"risk_score":43.019765659644314,"verdict":"RED_BLOCKS_DRAINAGE","lost_frac":0,"flow_frac":0.6404494382022472,"upstream_km2":14.960515753606733,"hand_m":0.791015625,"area_in_meters":266.51849365234375,"confidence":0.7445999979972839}},{"type":"Feature","geometry":null,"properties":{"risk_score":2.797617907238475,"verdict":"RED_BLOCKS_DRAINAGE","lost_frac":0,"flow_frac":1.0,"upstream_km2":25.716842651367188,"hand_m":50,"area_in_meters":146.29409790039062,"confidence":0.8070999979972839}},{"type":"Feature","geometry":null,"properties":{"risk_score":14.798532582517218,"verdict":"AMBER_PARTIAL","lost_frac":0,"flow_frac":0.48571428571428565,"upstream_km2":11.249754803947038,"hand_m":2.571428571428571,"area_in_meters":248.05650329589844,"confidence":0.8695999979972839}},{"type":"Feature","geometry":null,"properties":{"risk_score":107.79507767509946,"verdict":"RED_BLOCKS_DRAINAGE","lost_frac":0,"flow_frac":0.6971830985915493,"upstream_km2":158.08002572688994,"hand_m":0.42393257248569544,"area_in_meters":479.7763977050781,"confidence":0.9320999979972839}},{"type":"Feature","geometry":null,"properties":{"risk_score":2.726258167272088,"verdict":"RED_BLOCKS_DRAINAGE","lost_frac":0,"flow_frac":1.0,"upstream_km2":23.569236755371094,"hand_m":50,"area_in_meters":89.06690216064453,"confidence":0.7558000087738037}},{"type":"Feature","geometry":null,"properties":{"risk_score":2.896901136240221,"verdict":"RED_BLOCKS_DRAINAGE","lost_frac":0,"flow_frac":1.0,"upstream_km2":29.020614624023438,"hand_m":50,"area_in_meters":72.76139831542969,"confidence":0.7558000087738037}},{"type":"Feature","geometry":null,"properties":{"risk_score":28.488282286164807,"verdict":"RED_BLOCKS_DRAINAGE","lost_frac":0,"flow_frac":0.5135135135135136,"upstream_km2":13.980615877974275,"hand_m":1.1189426731418919,"area_in_meters":130.75840759277344,"confidence":0.8183000087738037}},{"type":"Feature","geometry":null,"properties":{"risk_score":1.0015619133127636,"verdict":"RED_BLOCKS_DRAINAGE","lost_frac":0,"flow_frac":1.0,"upstream_km2":2.241877317428589,"hand_m":50,"area_in_meters":138.56320190429688,"confidence":0.8808000087738037}},{"type":"Feature","geometry":null,"properties":{"risk_score":4.640855661179505,"verdict":"RED_BLOCKS_DRAINAGE","lost_frac":0,"flow_frac":1.0,"upstream_km2":231.721435546875,"hand_m":50,"area_in_meters":219.0948944091797,"confidence":0.7613999843597412}},{"type":"Feature","geometry":null,"properties":{"risk_score":1.0789346998056413,"verdict":"RED_BLOCKS_DRAINAGE","lost_frac":0,"flow_frac":1.0,"upstream_km2":2.550231695175171,"hand_m":50,"area_in_meters":80.23580169677734,"confidence":0.7613999843597412}},{"type":"Feature","geometry":null,"properties":{"risk_score":2.7279899493783475,"verdict":"RED_BLOCKS_DRAINAGE","lost_frac":0,"flow_frac":1.0,"upstream_km2":23.619253158569336,"hand_m":50,"area_in_meters":72.75050354003906,"confidence":0.8238999843597412}},{"type":"Feature","geometry":null,"properties":{"risk_score":1.6104630958028578,"verdict":"RED_BLOCKS_DRAINAGE","lost_frac":0,"flow_frac":1.0,"upstream_km2":5.627293109893799,"hand_m":50,"area_in_meters":141.9243927001953,"confidence":0.8238999843597412}},{"type":"Feature","geometry":null,"properties":{"risk_score":20.254178928707656,"verdict":"RED_BLOCKS_DRAINAGE","lost_frac":0,"flow_frac":0.7258064516129032,"upstream_km2":3.837158450285994,"hand_m":1.453222459362399,"area_in_meters":180.26710510253906,"confidence":0.8863999843597412}},{"type":"Feature","geometry":null,"properties":{"risk_score":116.06339980268329,"verdict":"RED_BLOCKS_DRAINAGE","lost_frac":0,"flow_frac":0.8484848484848485,"upstream_km2":24.664402831374012,"hand_m":0.030295632102272724,"area_in_meters":340.89801025390625,"confidence":0.8863999843597412}},{"type":"Feature","geometry":null,"properties":{"risk_score":2.754950157303483,"verdict":"RED_BLOCKS_DRAINAGE","lost_frac":0,"flow_frac":1.0,"upstream_km2":24.411165237426758,"hand_m":50,"area_in_meters":52.23640060424805,"confidence":0.7156999707221985}},{"type":"Feature","geometry":null,"properties":{"risk_score":2.189388634976811,"verdict":"RED_BLOCKS_DRAINAGE","lost_frac":0,"flow_frac":1.0,"upstream_km2":12.079411506652832,"hand_m":50,"area_in_meters":43.823699951171875,"confidence":0.7156999707221985}},{"type":"Feature","geometry":null,"properties":{"risk_score":2.754950157303483,"verdict":"RED_BLOCKS_DRAINAGE","lost_frac":0,"flow_frac":1.0,"upstream_km2":24.411165237426758,"hand_m":50,"area_in_meters":66.8279037475586,"confidence":0.7781999707221985}},{"type":"Feature","geometry":null,"properties":{"risk_score":1.0239073841845203,"verdict":"AMBER_PARTIAL","lost_frac":0,"flow_frac":0.1754385964912281,"upstream_km2":0.41154351843553677,"hand_m":1.5648953621847588,"area_in_meters":200.7021942138672,"confidence":0.8406999707221985}},{"type":"Feature","geometry":null,"properties":{"risk_score":1.8168169333870148,"verdict":"RED_BLOCKS_DRAINAGE","lost_frac":0,"flow_frac":1.0,"upstream_km2":7.444552421569824,"hand_m":50,"area_in_meters":131.25160217285156,"confidence":0.8406999707221985}},{"type":"Feature","geometry":null,"properties":{"risk_score":1.2271810506247398,"verdict":"RED_BLOCKS_DRAINAGE","lost_frac":0,"flow_frac":1.0,"upstream_km2":3.225346565246582,"hand_m":50,"area_in_meters":147.4084930419922,"confidence":0.8406999707221985}},{"type":"Feature","geometry":null,"properties":{"risk_score":1.9779404050100857,"verdict":"RED_BLOCKS_DRAINAGE","lost_frac":0,"flow_frac":1.0,"upstream_km2":9.203510284423828,"hand_m":50,"area_in_meters":186.80490112304688,"confidence":0.8406999707221985}},{"type":"Feature","geometry":null,"properties":{"risk_score":1.0400836295383193,"verdict":"RED_BLOCKS_DRAINAGE","lost_frac":0,"flow_frac":1.0,"upstream_km2":2.391896963119507,"hand_m":50,"area_in_meters":79.785400390625,"confidence":0.8406999707221985}},{"type":"Feature","geometry":null,"properties":{"risk_score":8.97908513721869,"verdict":"RED_BLOCKS_DRAINAGE","lost_frac":0,"flow_frac":0.5654885654885655,"upstream_km2":2.057508177477324,"hand_m":2.056768468908362,"area_in_meters":3257.573974609375,"confidence":0.9031999707221985}},{"type":"Feature","geometry":null,"properties":{"risk_score":75.24171769189847,"verdict":"RED_BLOCKS_DRAINAGE","lost_frac":0,"flow_frac":0.875,"upstream_km2":25.890032308758233,"hand_m":0.6624984741210938,"area_in_meters":52.80509948730469,"confidence":0.7670000195503235}},{"type":"Feature","geometry":null,"properties":{"risk_score":2.9128290440072093,"verdict":"RED_BLOCKS_DRAINAGE","lost_frac":0,"flow_frac":1.0,"upstream_km2":29.587417602539062,"hand_m":50,"area_in_meters":93.51809692382812,"confidence":0.8295000195503235}},{"type":"Feature","geometry":null,"properties":{"risk_score":2.7181296218205406,"verdict":"RED_BLOCKS_DRAINAGE","lost_frac":0,"flow_frac":1.0,"upstream_km2":23.335826873779297,"hand_m":50,"area_in_meters":94.4343032836914,"confidence":0.8295000195503235}},{"type":"Feature","geometry":null,"properties":{"risk_score":2.711688025763225,"verdict":"RED_BLOCKS_DRAINAGE","lost_frac":0,"flow_frac":1.0,"upstream_km2":23.152433395385742,"hand_m":50,"area_in_meters":56.27259826660156,"confidence":0.710099995136261}},{"type":"Feature","geometry":null,"properties":{"risk_score":1.1929829868770292,"verdict":"RED_BLOCKS_DRAINAGE","lost_frac":0,"flow_frac":1.0,"upstream_km2":3.059021234512329,"hand_m":50,"area_in_meters":119.16790008544922,"confidence":0.772599995136261}},{"type":"Feature","geometry":null,"properties":{"risk_score":30.37996505041084,"verdict":"AMBER_PARTIAL","lost_frac":0,"flow_frac":0.3382352941176471,"upstream_km2":9.400144469869486,"hand_m":0.13232062844669118,"area_in_meters":219.17030334472656,"confidence":0.835099995136261}},{"type":"Feature","geometry":null,"properties":{"risk_score":35.22165210244178,"verdict":"RED_BLOCKS_DRAINAGE","lost_frac":0,"flow_frac":0.6818181818181818,"upstream_km2":5.492980551905929,"hand_m":0.572723388671875,"area_in_meters":78.93589782714844,"confidence":0.835099995136261}},{"type":"Feature","geometry":null,"properties":{"risk_score":13.375358526986044,"verdict":"AMBER_PARTIAL","lost_frac":0,"flow_frac":0.29577464788732394,"upstream_km2":6.908016407914775,"hand_m":0.9859326859595071,"area_in_meters":245.4553985595703,"confidence":0.7893999814987183}},{"type":"Feature","geometry":null,"properties":{"risk_score":3.727263939838414,"verdict":"RED_BLOCKS_DRAINAGE","lost_frac":0,"flow_frac":1.0,"upstream_km2":78.59844970703125,"hand_m":50,"area_in_meters":44.97880172729492,"confidence":0.7893999814987183}},{"type":"Feature","geometry":null,"properties":{"risk_score":1.5305396083603726,"verdict":"RED_BLOCKS_DRAINAGE","lost_frac":0,"flow_frac":1.0,"upstream_km2":5.033581733703613,"hand_m":50,"area_in_meters":81.4761962890625,"confidence":0.8518999814987183}},{"type":"Feature","geometry":null,"properties":{"risk_score":2.7574605196361532,"verdict":"RED_BLOCKS_DRAINAGE","lost_frac":0,"flow_frac":1.0,"upstream_km2":24.486186981201172,"hand_m":50,"area_in_meters":333.7278137207031,"confidence":0.8518999814987183}},{"type":"Feature","geometry":null,"properties":{"risk_score":84.84148795957356,"verdict":"RED_BLOCKS_DRAINAGE","lost_frac":0,"flow_frac":0.6910828025477708,"upstream_km2":20.153717915373296,"hand_m":0.07960383907245223,"area_in_meters":2145.0353,"confidence":0.9143999814987183}},{"type":"Feature","geometry":null,"properties":{"risk_score":1.192906154598093,"verdict":"RED_BLOCKS_DRAINAGE","lost_frac":0,"flow_frac":1.0,"upstream_km2":3.058655023574829,"hand_m":50,"area_in_meters":52.87770080566406,"confidence":0.7213000059127808}},{"type":"Feature","geometry":null,"properties":{"risk_score":1.027435735880982,"verdict":"RED_BLOCKS_DRAINAGE","lost_frac":0,"flow_frac":1.0,"upstream_km2":2.341890573501587,"hand_m":50,"area_in_meters":40.63800048828125,"confidence":0.7838000059127808}},{"type":"Feature","geometry":null,"properties":{"risk_score":29.027157781763307,"verdict":"AMBER_PARTIAL","lost_frac":0,"flow_frac":0.48148148148148145,"upstream_km2":3.306685938741322,"hand_m":0.05187084056712963,"area_in_meters":95.12439727783203,"confidence":0.7838000059127808}},{"type":"Feature","geometry":null,"properties":{"risk_score":2.7122756430907033,"verdict":"RED_BLOCKS_DRAINAGE","lost_frac":0,"flow_frac":1.0,"upstream_km2":23.169105529785156,"hand_m":50,"area_in_meters":149.70179748535156,"confidence":0.8463000059127808}},{"type":"Feature","geometry":null,"properties":{"risk_score":1.1858824641106303,"verdict":"RED_BLOCKS_DRAINAGE","lost_frac":0,"flow_frac":1.0,"upstream_km2":3.0253167152404785,"hand_m":50,"area_in_meters":110.36160278320312,"confidence":0.8463000059127808}},{"type":"Feature","geometry":null,"properties":{"risk_score":1.5776832226186537,"verdict":"AMBER_PARTIAL","lost_frac":0,"flow_frac":0.21153846153846154,"upstream_km2":0.8775088256224991,"hand_m":2.6682340181790862,"area_in_meters":364.18310546875,"confidence":0.8463000059127808}},{"type":"Feature","geometry":null,"properties":{"risk_score":1.2338736348166532,"verdict":"RED_BLOCKS_DRAINAGE","lost_frac":0,"flow_frac":1.0,"upstream_km2":3.258685350418091,"hand_m":50,"area_in_meters":45.26969909667969,"confidence":0.7325000166893005}},{"type":"Feature","geometry":null,"properties":{"risk_score":2.9139885607176033,"verdict":"RED_BLOCKS_DRAINAGE","lost_frac":0,"flow_frac":1.0,"upstream_km2":29.62909507751465,"hand_m":50,"area_in_meters":147.95469665527344,"confidence":0.7950000166893005}},{"type":"Feature","geometry":null,"properties":{"risk_score":13.496880575621034,"verdict":"AMBER_PARTIAL","lost_frac":0,"flow_frac":0.3067729083665338,"upstream_km2":9.458276989532122,"hand_m":1.3171483985931274,"area_in_meters":846.9721069335938,"confidence":0.7950000166893005}},{"type":"Feature","geometry":null,"properties":{"risk_score":2.728566428327632,"verdict":"RED_BLOCKS_DRAINAGE","lost_frac":0,"flow_frac":1.0,"upstream_km2":23.63592529296875,"hand_m":50,"area_in_meters":50.97309875488281,"confidence":0.7950000166893005}},{"type":"Feature","geometry":null,"properties":{"risk_score":1.1964730367849845,"verdict":"RED_BLOCKS_DRAINAGE","lost_frac":0,"flow_frac":1.0,"upstream_km2":3.075690984725952,"hand_m":50,"area_in_meters":216.55239868164062,"confidence":0.8575000166893005}},{"type":"Feature","geometry":null,"properties":{"risk_score":1.7207611418853623,"verdict":"RED_BLOCKS_DRAINAGE","lost_frac":0,"flow_frac":1.0,"upstream_km2":6.543765544891357,"hand_m":50,"area_in_meters":66.9312973022461,"confidence":0.8575000166893005}},{"type":"Feature","geometry":null,"properties":{"risk_score":1.1858749993172242,"verdict":"RED_BLOCKS_DRAINAGE","lost_frac":0,"flow_frac":1.0,"upstream_km2":3.0252814292907715,"hand_m":50,"area_in_meters":213.87440490722656,"confidence":0.8575000166893005}},{"type":"Feature","geometry":null,"properties":{"risk_score":2.6551789154622236,"verdict":"RED_BLOCKS_DRAINAGE","lost_frac":0,"flow_frac":0.631578947368421,"upstream_km2":138.33395804249145,"hand_m":50,"area_in_meters":146.1511993408203,"confidence":0.8575000166893005}},{"type":"Feature","geometry":null,"properties":{"risk_score":63.74470525643494,"verdict":"RED_BLOCKS_DRAINAGE","lost_frac":0,"flow_frac":0.9891304347826088,"upstream_km2":3.6437386675818786,"hand_m":0.03478274138077445,"area_in_meters":330.3114929199219,"confidence":0.9200000166893005}},{"type":"Feature","geometry":null,"properties":{"risk_score":1.2230968547172645,"verdict":"RED_BLOCKS_DRAINAGE","lost_frac":0,"flow_frac":1.0,"upstream_km2":3.2051297048243086,"hand_m":50,"area_in_meters":100.45610046386719,"confidence":0.738099992275238}},{"type":"Feature","geometry":null,"properties":{"risk_score":2.1718419093465227,"verdict":"RED_BLOCKS_DRAINAGE","lost_frac":0,"flow_frac":1.0,"upstream_km2":11.812662124633789,"hand_m":50,"area_in_meters":55.291099548339844,"confidence":0.800599992275238}},{"type":"Feature","geometry":null,"properties":{"risk_score":1.5651151992171115,"verdict":"RED_BLOCKS_DRAINAGE","lost_frac":0,"flow_frac":1.0,"upstream_km2":5.283603191375732,"hand_m":50,"area_in_meters":202.2864990234375,"confidence":0.800599992275238}},{"type":"Feature","geometry":null,"properties":{"risk_score":1.2338736348166532,"verdict":"RED_BLOCKS_DRAINAGE","lost_frac":0,"flow_frac":1.0,"upstream_km2":3.258685350418091,"hand_m":50,"area_in_meters":121.97270202636719,"confidence":0.863099992275238}},{"type":"Feature","geometry":null,"properties":{"risk_score":28.556679346647655,"verdict":"RED_BLOCKS_DRAINAGE","lost_frac":0,"flow_frac":0.609375,"upstream_km2":4.263124922115821,"hand_m":0.5390720367431641,"area_in_meters":231.6262969970703,"confidence":0.863099992275238}},{"type":"Feature","geometry":null,"properties":{"risk_score":2.9424738532717676,"verdict":"RED_BLOCKS_DRAINAGE","lost_frac":0,"flow_frac":1.0,"upstream_km2":30.670991897583008,"hand_m":50,"area_in_meters":67.95899963378906,"confidence":0.7548999786376953}},{"type":"Feature","geometry":null,"properties":{"risk_score":60.09727450652028,"verdict":"RED_BLOCKS_DRAINAGE","lost_frac":0,"flow_frac":0.6428571428571429,"upstream_km2":19.05025226516383,"hand_m":0.3928702218191964,"area_in_meters":100.62229919433594,"confidence":0.7548999786376953}},{"type":"Feature","geometry":null,"properties":{"risk_score":1.7961561780654347,"verdict":"RED_BLOCKS_DRAINAGE","lost_frac":0,"flow_frac":1.0,"upstream_km2":7.242133617401123,"hand_m":50,"area_in_meters":44.335899353027344,"confidence":0.7548999786376953}},{"type":"Feature","geometry":null,"properties":{"risk_score":1.1553618013596088,"verdict":"RED_BLOCKS_DRAINAGE","lost_frac":0,"flow_frac":1.0,"upstream_km2":2.8836002349853516,"hand_m":50,"area_in_meters":211.00160217285156,"confidence":0.8798999786376953}},{"type":"Feature","geometry":null,"properties":{"risk_score":7.900486882562194,"verdict":"AMBER_PARTIAL","lost_frac":0,"flow_frac":0.28205128205128205,"upstream_km2":2.0283877010910936,"hand_m":0.7179487179487178,"area_in_meters":538.0316162109375,"confidence":0.8798999786376953}},{"type":"Feature","geometry":null,"properties":{"risk_score":96.46624786728417,"verdict":"RED_BLOCKS_DRAINAGE","lost_frac":0,"flow_frac":0.7666666666666667,"upstream_km2":19.92048334825695,"hand_m":0.04952596028645834,"area_in_meters":721.3109741210938,"confidence":0.7493000030517578}},{"type":"Feature","geometry":null,"properties":{"risk_score":2.7574605196361532,"verdict":"RED_BLOCKS_DRAINAGE","lost_frac":0,"flow_frac":1.0,"upstream_km2":24.486186981201172,"hand_m":50,"area_in_meters":84.63870239257812,"confidence":0.8118000030517578}},{"type":"Feature","geometry":null,"properties":{"risk_score":8.959256190298136,"verdict":"AMBER_PARTIAL","lost_frac":0,"flow_frac":0.4848484848484849,"upstream_km2":1.8269710989217418,"hand_m":1.4424179539535988,"area_in_meters":110.30339813232422,"confidence":0.8743000030517578}},{"type":"Feature","geometry":null,"properties":{"risk_score":1.0124383803323538,"verdict":"RED_BLOCKS_DRAINAGE","lost_frac":0,"flow_frac":1.0,"upstream_km2":2.2835495471954346,"hand_m":50,"area_in_meters":55.95289993286133,"confidence":0.7035999894142151}},{"type":"Feature","geometry":null,"properties":{"risk_score":2.3805981733104575,"verdict":"RED_BLOCKS_DRAINAGE","lost_frac":0,"flow_frac":1.0,"upstream_km2":15.372125625610352,"hand_m":50,"area_in_meters":88.89009857177734,"confidence":0.8285999894142151}},{"type":"Feature","geometry":null,"properties":{"risk_score":1.115411461954693,"verdict":"GREEN_CLEAR","lost_frac":0,"flow_frac":0.034482758620689655,"upstream_km2":1.321905880652625,"hand_m":0.13100249191810345,"area_in_meters":105.1675033569336,"confidence":0.8285999894142151}},{"type":"Feature","geometry":null,"properties":{"risk_score":1.008215834707975,"verdict":"RED_BLOCKS_DRAINAGE","lost_frac":0,"flow_frac":1.0,"upstream_km2":2.267307996749878,"hand_m":50,"area_in_meters":41.51850128173828,"confidence":0.8910999894142151}},{"type":"Feature","geometry":null,"properties":{"risk_score":3.582621703898709,"verdict":"AMBER_PARTIAL","lost_frac":0,"flow_frac":0.4583333333333333,"upstream_km2":1.0837845553954442,"hand_m":3.0791600545247397,"area_in_meters":89.29350280761719,"confidence":0.7605000138282776}},{"type":"Feature","geometry":null,"properties":{"risk_score":37.512352736272234,"verdict":"AMBER_PARTIAL","lost_frac":0,"flow_frac":0.46874999999999994,"upstream_km2":12.347020254470406,"hand_m":0.4062671661376953,"area_in_meters":321.4433898925781,"confidence":0.7605000138282776}},{"type":"Feature","geometry":null,"properties":{"risk_score":11.302935425707004,"verdict":"AMBER_PARTIAL","lost_frac":0,"flow_frac":0.30434782608695654,"upstream_km2":7.202240998330323,"hand_m":1.4608950407608696,"area_in_meters":174.7239990234375,"confidence":0.8230000138282776}},{"type":"Feature","geometry":null,"properties":{"risk_score":2.726258167272088,"verdict":"RED_BLOCKS_DRAINAGE","lost_frac":0,"flow_frac":1.0,"upstream_km2":23.569236755371094,"hand_m":50,"area_in_meters":124.83869934082031,"confidence":0.7828999757766724}},{"type":"Feature","geometry":null,"properties":{"risk_score":1.9096500956979752,"verdict":"RED_BLOCKS_DRAINAGE","lost_frac":0,"flow_frac":1.0,"upstream_km2":8.417194684346518,"hand_m":50,"area_in_meters":43.851600646972656,"confidence":0.8453999757766724}},{"type":"Feature","geometry":null,"properties":{"risk_score":1.973065289909979,"verdict":"RED_BLOCKS_DRAINAGE","lost_frac":0,"flow_frac":1.0,"upstream_km2":9.145262718200684,"hand_m":50,"area_in_meters":40.94810104370117,"confidence":0.8453999757766724}},{"type":"Feature","geometry":null,"properties":{"risk_score":29.74550044948453,"verdict":"AMBER_PARTIAL","lost_frac":0,"flow_frac":0.33333333333333337,"upstream_km2":9.264031281073889,"hand_m":0.13330078125,"area_in_meters":262.9941101074219,"confidence":0.9078999757766724}},{"type":"Feature","geometry":null,"properties":{"risk_score":2.7877308653496096,"verdict":"RED_BLOCKS_DRAINAGE","lost_frac":0,"flow_frac":1.0,"upstream_km2":25.40843963623047,"hand_m":50,"area_in_meters":144.44239807128906,"confidence":0.7717000246047974}},{"type":"Feature","geometry":null,"properties":{"risk_score":25.998209708663662,"verdict":"RED_BLOCKS_DRAINAGE","lost_frac":0,"flow_frac":0.7142857142857143,"upstream_km2":4.743184936898095,"hand_m":1.0857282366071428,"area_in_meters":238.4105987548828,"confidence":0.7717000246047974}},{"type":"Feature","geometry":null,"properties":{"risk_score":2.8378574242611347,"verdict":"RED_BLOCKS_DRAINAGE","lost_frac":0,"flow_frac":1.0,"upstream_km2":27.009624481201172,"hand_m":50,"area_in_meters":60.089298248291016,"confidence":0.8342000246047974}},{"type":"Feature","geometry":null,"properties":{"risk_score":2.842658767376706,"verdict":"RED_BLOCKS_DRAINAGE","lost_frac":0,"flow_frac":1.0,"upstream_km2":27.167997360229492,"hand_m":50,"area_in_meters":361.81390380859375,"confidence":0.8342000246047974}},{"type":"Feature","geometry":null,"properties":{"risk_score":14.525998937639093,"verdict":"AMBER_PARTIAL","lost_frac":0,"flow_frac":0.2646592709984152,"upstream_km2":4.30229684169796,"hand_m":0.3199513839903641,"area_in_meters":4032.0263,"confidence":0.8967000246047974}},{"type":"Feature","geometry":null,"properties":{"risk_score":42.67149758144087,"verdict":"RED_BLOCKS_DRAINAGE","lost_frac":0,"flow_frac":0.5789473684210527,"upstream_km2":13.842778450564335,"hand_m":0.5894582648026316,"area_in_meters":104.7886962890625,"confidence":0.7773000001907349}},{"type":"Feature","geometry":null,"properties":{"risk_score":1.0168616222077917,"verdict":"RED_BLOCKS_DRAINAGE","lost_frac":0,"flow_frac":1.0,"upstream_km2":2.300649642944336,"hand_m":50,"area_in_meters":193.00889587402344,"confidence":0.8398000001907349}},{"type":"Feature","geometry":null,"properties":{"risk_score":70.67836365836358,"verdict":"RED_BLOCKS_DRAINAGE","lost_frac":0,"flow_frac":0.8108108108108109,"upstream_km2":18.974589601008073,"hand_m":0.49188727301520274,"area_in_meters":126.60440063476562,"confidence":0.7315999865531921}},{"type":"Feature","geometry":null,"properties":{"risk_score":1.1858824641106303,"verdict":"RED_BLOCKS_DRAINAGE","lost_frac":0,"flow_frac":1.0,"upstream_km2":3.0253167152404785,"hand_m":50,"area_in_meters":57.363399505615234,"confidence":0.7315999865531921}},{"type":"Feature","geometry":null,"properties":{"risk_score":2.172395762621602,"verdict":"RED_BLOCKS_DRAINAGE","lost_frac":0,"flow_frac":1.0,"upstream_km2":11.820998191833496,"hand_m":50,"area_in_meters":46.33549880981445,"confidence":0.7940999865531921}},{"type":"Feature","geometry":null,"properties":{"risk_score":1.7329064030356987,"verdict":"RED_BLOCKS_DRAINAGE","lost_frac":0,"flow_frac":1.0,"upstream_km2":6.65212869644165,"hand_m":50,"area_in_meters":43.35419845581055,"confidence":0.7940999865531921}},{"type":"Feature","geometry":null,"properties":{"risk_score":1.0379858295247464,"verdict":"RED_BLOCKS_DRAINAGE","lost_frac":0,"flow_frac":1.0,"upstream_km2":2.3835513591766357,"hand_m":50,"area_in_meters":94.49410247802734,"confidence":0.8565999865531921}},{"type":"Feature","geometry":null,"properties":{"risk_score":1.8058181734407701,"verdict":"RED_BLOCKS_DRAINAGE","lost_frac":0,"flow_frac":1.0,"upstream_km2":7.336183547973633,"hand_m":50,"area_in_meters":174.8428955078125,"confidence":0.8565999865531921}},{"type":"Feature","geometry":null,"properties":{"risk_score":2.7557437030881657,"verdict":"RED_BLOCKS_DRAINAGE","lost_frac":0,"flow_frac":1.0,"upstream_km2":24.434856314408155,"hand_m":50,"area_in_meters":69.53600311279297,"confidence":0.7260000109672546}},{"type":"Feature","geometry":null,"properties":{"risk_score":2.1718419093465227,"verdict":"RED_BLOCKS_DRAINAGE","lost_frac":0,"flow_frac":1.0,"upstream_km2":11.812662124633789,"hand_m":50,"area_in_meters":58.40800094604492,"confidence":0.7885000109672546}},{"type":"Feature","geometry":null,"properties":{"risk_score":1.1928882961028775,"verdict":"RED_BLOCKS_DRAINAGE","lost_frac":0,"flow_frac":1.0,"upstream_km2":3.05856990814209,"hand_m":50,"area_in_meters":87.18569946289062,"confidence":0.7885000109672546}},{"type":"Feature","geometry":null,"properties":{"risk_score":4.600094946244029,"verdict":"RED_BLOCKS_DRAINAGE","lost_frac":0,"flow_frac":1.0,"upstream_km2":220.84437561035156,"hand_m":50,"area_in_meters":66.43720245361328,"confidence":0.8510000109672546}},{"type":"Feature","geometry":null,"properties":{"risk_score":51.90963596941297,"verdict":"RED_BLOCKS_DRAINAGE","lost_frac":0,"flow_frac":0.6666666666666666,"upstream_km2":5.376656470820307,"hand_m":0.0333251953125,"area_in_meters":172.25160217285156,"confidence":0.8510000109672546}},{"type":"Feature","geometry":null,"properties":{"risk_score":1.7822664623711828,"verdict":"RED_BLOCKS_DRAINAGE","lost_frac":0,"flow_frac":1.0,"upstream_km2":7.1087870597839355,"hand_m":50,"area_in_meters":86.53630065917969,"confidence":0.8052999973297119}},{"type":"Feature","geometry":null,"properties":{"risk_score":47.72118836662207,"verdict":"RED_BLOCKS_DRAINAGE","lost_frac":0,"flow_frac":0.9272727272727272,"upstream_km2":2.8526105381548406,"hand_m":0.13818359375,"area_in_meters":1509.9874267578125,"confidence":0.8052999973297119}},{"type":"Feature","geometry":null,"properties":{"risk_score":15.729396250420091,"verdict":"AMBER_PARTIAL","lost_frac":0,"flow_frac":0.46666666666666673,"upstream_km2":9.91803648620844,"hand_m":2.0800130208333334,"area_in_meters":156.36630249023438,"confidence":0.8052999973297119}},{"type":"Feature","geometry":null,"properties":{"risk_score":1.2338736348166532,"verdict":"RED_BLOCKS_DRAINAGE","lost_frac":0,"flow_frac":1.0,"upstream_km2":3.258685350418091,"hand_m":50,"area_in_meters":90.19229888916016,"confidence":0.8052999973297119}},{"type":"Feature","geometry":null,"properties":{"risk_score":8.919716374391614,"verdict":"AMBER_PARTIAL","lost_frac":0,"flow_frac":0.4657534246575343,"upstream_km2":1.7357008178042224,"hand_m":1.2822048239511987,"area_in_meters":249.31019592285156,"confidence":0.8677999973297119}},{"type":"Feature","geometry":null,"properties":{"risk_score":83.51619709972535,"verdict":"RED_BLOCKS_DRAINAGE","lost_frac":0,"flow_frac":0.861111111111111,"upstream_km2":23.402999529433956,"hand_m":0.4305521647135416,"area_in_meters":369.2756042480469,"confidence":0.8677999973297119}},{"type":"Feature","geometry":null,"properties":{"risk_score":44.87768328050881,"verdict":"RED_BLOCKS_DRAINAGE","lost_frac":0,"flow_frac":0.6135181975736569,"upstream_km2":18.810205602477687,"hand_m":0.7729636048526863,"area_in_meters":1977.3170166015625,"confidence":0.7483999729156494}},{"type":"Feature","geometry":null,"properties":{"risk_score":1.2221083421189252,"verdict":"RED_BLOCKS_DRAINAGE","lost_frac":0,"flow_frac":1.0,"upstream_km2":3.2002511024475098,"hand_m":50,"area_in_meters":157.88369750976562,"confidence":0.8108999729156494}},{"type":"Feature","geometry":null,"properties":{"risk_score":2.9426979352073745,"verdict":"RED_BLOCKS_DRAINAGE","lost_frac":0,"flow_frac":1.0,"upstream_km2":30.6793270111084,"hand_m":50,"area_in_meters":101.55809783935547,"confidence":0.8108999729156494}},{"type":"Feature","geometry":null,"properties":{"risk_score":14.445508392665745,"verdict":"AMBER_PARTIAL","lost_frac":0,"flow_frac":0.48,"upstream_km2":11.11750281959772,"hand_m":2.5999999999999996,"area_in_meters":98.96179962158203,"confidence":0.8108999729156494}},{"type":"Feature","geometry":null,"properties":{"risk_score":83.60632015415061,"verdict":"RED_BLOCKS_DRAINAGE","lost_frac":0,"flow_frac":0.9722222222222223,"upstream_km2":7.829714646485325,"hand_m":0.10000101725260417,"area_in_meters":126.82379913330078,"confidence":0.8733999729156494}},{"type":"Feature","geometry":null,"properties":{"risk_score":2.734882007150012,"verdict":"RED_BLOCKS_DRAINAGE","lost_frac":0,"flow_frac":1.0,"upstream_km2":23.819316864013672,"hand_m":50,"area_in_meters":103.447998046875,"confidence":0.7372000217437744}},{"type":"Feature","geometry":null,"properties":{"risk_score":2.707563243983808,"verdict":"RED_BLOCKS_DRAINAGE","lost_frac":0,"flow_frac":1.0,"upstream_km2":23.03572654724121,"hand_m":50,"area_in_meters":150.98159790039062,"confidence":0.7372000217437744}},{"type":"Feature","geometry":null,"properties":{"risk_score":1.218722239743642,"verdict":"RED_BLOCKS_DRAINAGE","lost_frac":0,"flow_frac":1.0,"upstream_km2":3.1835825443267822,"hand_m":50,"area_in_meters":65.07019805908203,"confidence":0.7372000217437744}},{"type":"Feature","geometry":null,"properties":{"risk_score":2.626707973705372,"verdict":"RED_BLOCKS_DRAINAGE","lost_frac":0,"flow_frac":1.0,"upstream_km2":20.858535766601562,"hand_m":50,"area_in_meters":61.81330108642578,"confidence":0.7372000217437744}},{"type":"Feature","geometry":null,"properties":{"risk_score":2.625733414849012,"verdict":"RED_BLOCKS_DRAINAGE","lost_frac":0,"flow_frac":1.0,"upstream_km2":20.833534240722656,"hand_m":50,"area_in_meters":68.03730010986328,"confidence":0.7372000217437744}},{"type":"Feature","geometry":null,"properties":{"risk_score":2.754111722614967,"verdict":"RED_BLOCKS_DRAINAGE","lost_frac":0,"flow_frac":1.0,"upstream_km2":24.386157989501953,"hand_m":50,"area_in_meters":153.51829528808594,"confidence":0.7997000217437744}},{"type":"Feature","geometry":null,"properties":{"risk_score":1.2271810506247398,"verdict":"RED_BLOCKS_DRAINAGE","lost_frac":0,"flow_frac":1.0,"upstream_km2":3.225346565246582,"hand_m":50,"area_in_meters":98.60430145263672,"confidence":0.7997000217437744}},{"type":"Feature","geometry":null,"properties":{"risk_score":1.08093138689451,"verdict":"RED_BLOCKS_DRAINAGE","lost_frac":0,"flow_frac":1.0,"upstream_km2":2.558565855026245,"hand_m":50,"area_in_meters":44.652198791503906,"confidence":0.7997000217437744}},{"type":"Feature","geometry":null,"properties":{"risk_score":69.09492147604806,"verdict":"RED_BLOCKS_DRAINAGE","lost_frac":0,"flow_frac":0.7692307692307693,"upstream_km2":18.592059554962013,"hand_m":0.43846717247596156,"area_in_meters":55.30849838256836,"confidence":0.7997000217437744}},{"type":"Feature","geometry":null,"properties":{"risk_score":2.1327294797726206,"verdict":"RED_BLOCKS_DRAINAGE","lost_frac":0,"flow_frac":1.0,"upstream_km2":11.237481117248535,"hand_m":50,"area_in_meters":763.039794921875,"confidence":0.9247000217437744}},{"type":"Feature","geometry":null,"properties":{"risk_score":2.7195868167943518,"verdict":"RED_BLOCKS_DRAINAGE","lost_frac":0,"flow_frac":1.0,"upstream_km2":23.377506256103516,"hand_m":50,"area_in_meters":65.20079803466797,"confidence":0.7540000081062317}},{"type":"Feature","geometry":null,"properties":{"risk_score":2.9424738532717676,"verdict":"RED_BLOCKS_DRAINAGE","lost_frac":0,"flow_frac":1.0,"upstream_km2":30.670991897583008,"hand_m":50,"area_in_meters":62.16239929199219,"confidence":0.7540000081062317}},{"type":"Feature","geometry":null,"properties":{"risk_score":2.1729492559045873,"verdict":"RED_BLOCKS_DRAINAGE","lost_frac":0,"flow_frac":1.0,"upstream_km2":11.829334259033203,"hand_m":50,"area_in_meters":82.47850036621094,"confidence":0.8165000081062317}},{"type":"Feature","geometry":null,"properties":{"risk_score":2.7441794746203723,"verdict":"RED_BLOCKS_DRAINAGE","lost_frac":0,"flow_frac":1.0,"upstream_km2":24.09178352355957,"hand_m":50,"area_in_meters":113.9677963256836,"confidence":0.8165000081062317}},{"type":"Feature","geometry":null,"properties":{"risk_score":1.32092996898325,"verdict":"RED_BLOCKS_DRAINAGE","lost_frac":0,"flow_frac":1.0,"upstream_km2":3.7170913219451904,"hand_m":50,"area_in_meters":139.75250244140625,"confidence":0.8165000081062317}},{"type":"Feature","geometry":null,"properties":{"risk_score":3.712330649669868,"verdict":"RED_BLOCKS_DRAINAGE","lost_frac":0,"flow_frac":1.0,"upstream_km2":77.2147445678711,"hand_m":50,"area_in_meters":253.3007049560547,"confidence":0.8790000081062317}},{"type":"Feature","geometry":null,"properties":{"risk_score":1.34475972588043,"verdict":"RED_BLOCKS_DRAINAGE","lost_frac":0,"flow_frac":1.0,"upstream_km2":3.8509573936462402,"hand_m":50,"area_in_meters":62.1150016784668,"confidence":0.8845999836921692}},{"type":"Feature","geometry":null,"properties":{"risk_score":2.713449662687177,"verdict":"RED_BLOCKS_DRAINAGE","lost_frac":0,"flow_frac":1.0,"upstream_km2":23.202449798583984,"hand_m":50,"area_in_meters":249.49749755859375,"confidence":0.8845999836921692}},{"type":"Feature","geometry":null,"properties":{"risk_score":2.7181296218205406,"verdict":"RED_BLOCKS_DRAINAGE","lost_frac":0,"flow_frac":1.0,"upstream_km2":23.335826873779297,"hand_m":50,"area_in_meters":104.49729919433594,"confidence":0.770799994468689}},{"type":"Feature","geometry":null,"properties":{"risk_score":4.622358045879922,"verdict":"RED_BLOCKS_DRAINAGE","lost_frac":0,"flow_frac":1.0,"upstream_km2":226.7207489013672,"hand_m":50,"area_in_meters":749.8640747070312,"confidence":0.833299994468689}},{"type":"Feature","geometry":null,"properties":{"risk_score":16.297967620405345,"verdict":"RED_BLOCKS_DRAINAGE","lost_frac":0,"flow_frac":0.5192307692307693,"upstream_km2":1.367300070822239,"hand_m":0.19231942983774036,"area_in_meters":138.3076934814453,"confidence":0.833299994468689}},{"type":"Feature","geometry":null,"properties":{"risk_score":1.6557309920075882,"verdict":"RED_FORMER_WATER_BODY","lost_frac":1.0,"flow_frac":0,"upstream_km2":0.08335541188716888,"hand_m":1.10003662109375,"area_in_meters":127.86640167236328,"confidence":0.895799994468689}},{"type":"Feature","geometry":null,"properties":{"risk_score":2.621823912984877,"verdict":"RED_BLOCKS_DRAINAGE","lost_frac":0,"flow_frac":1.0,"upstream_km2":20.7335262298584,"hand_m":50,"area_in_meters":77.3396987915039,"confidence":0.7027000188827515}},{"type":"Feature","geometry":null,"properties":{"risk_score":2.384922637330153,"verdict":"RED_BLOCKS_DRAINAGE","lost_frac":0,"flow_frac":1.0,"upstream_km2":15.455479621887207,"hand_m":50,"area_in_meters":118.06680297851562,"confidence":0.7652000188827515}},{"type":"Feature","geometry":null,"properties":{"risk_score":2.8429107121978765,"verdict":"RED_BLOCKS_DRAINAGE","lost_frac":0,"flow_frac":1.0,"upstream_km2":27.176332473754883,"hand_m":50,"area_in_meters":89.74960327148438,"confidence":0.8277000188827515}},{"type":"Feature","geometry":null,"properties":{"risk_score":1.2254810334339632,"verdict":"RED_BLOCKS_DRAINAGE","lost_frac":0,"flow_frac":1.0,"upstream_km2":3.2169196605682373,"hand_m":50,"area_in_meters":88.66799926757812,"confidence":0.7820000052452087}},{"type":"Feature","geometry":null,"properties":{"risk_score":11.79598790796835,"verdict":"AMBER_PARTIAL","lost_frac":0,"flow_frac":0.24561403508771928,"upstream_km2":17.937353477617236,"hand_m":1.6596122875548245,"area_in_meters":196.92340087890625,"confidence":0.8445000052452087}},{"type":"Feature","geometry":null,"properties":{"risk_score":50.660161769953035,"verdict":"RED_BLOCKS_DRAINAGE","lost_frac":0,"flow_frac":0.8738738738738738,"upstream_km2":10.54236497912925,"hand_m":0.8324293531813063,"area_in_meters":385.6213073730469,"confidence":0.7875999808311462}},{"type":"Feature","geometry":null,"properties":{"risk_score":1.2271810506247398,"verdict":"RED_BLOCKS_DRAINAGE","lost_frac":0,"flow_frac":1.0,"upstream_km2":3.225346565246582,"hand_m":50,"area_in_meters":49.037899017333984,"confidence":0.7875999808311462}},{"type":"Feature","geometry":null,"properties":{"risk_score":2.412926746774036,"verdict":"RED_BLOCKS_DRAINAGE","lost_frac":0,"flow_frac":1.0,"upstream_km2":16.005626678466797,"hand_m":50,"area_in_meters":173.3459930419922,"confidence":0.8500999808311462}},{"type":"Feature","geometry":null,"properties":{"risk_score":2.900675722840846,"verdict":"RED_BLOCKS_DRAINAGE","lost_frac":0,"flow_frac":1.0,"upstream_km2":29.15397834777832,"hand_m":50,"area_in_meters":56.364601135253906,"confidence":0.8500999808311462}},{"type":"Feature","geometry":null,"properties":{"risk_score":1.7555958063690382,"verdict":"RED_BLOCKS_DRAINAGE","lost_frac":0,"flow_frac":1.0,"upstream_km2":6.858757019042969,"hand_m":50,"area_in_meters":87.12860107421875,"confidence":0.7139000296592712}},{"type":"Feature","geometry":null,"properties":{"risk_score":2.1327294797726206,"verdict":"RED_BLOCKS_DRAINAGE","lost_frac":0,"flow_frac":1.0,"upstream_km2":11.237481117248535,"hand_m":50,"area_in_meters":268.2677001953125,"confidence":0.7764000296592712}},{"type":"Feature","geometry":null,"properties":{"risk_score":27.07405865207984,"verdict":"RED_BLOCKS_DRAINAGE","lost_frac":0,"flow_frac":0.8550724637681159,"upstream_km2":1.7868610730637673,"hand_m":0.40579533231431153,"area_in_meters":278.1022033691406,"confidence":0.8389000296592712}},{"type":"Feature","geometry":null,"properties":{"risk_score":2.8927771974096195,"verdict":"RED_BLOCKS_DRAINAGE","lost_frac":0,"flow_frac":1.0,"upstream_km2":28.875581741333008,"hand_m":50,"area_in_meters":152.3153076171875,"confidence":0.9014000296592712}},{"type":"Feature","geometry":null,"properties":{"risk_score":4.622420410152368,"verdict":"RED_BLOCKS_DRAINAGE","lost_frac":0,"flow_frac":1.0,"upstream_km2":226.7374267578125,"hand_m":50,"area_in_meters":325.4338073730469,"confidence":0.9014000296592712}},{"type":"Feature","geometry":null,"properties":{"risk_score":5.739637779683972,"verdict":"GREEN_CLEAR","lost_frac":0,"flow_frac":0.10344827586206896,"upstream_km2":3.0234017092734575,"hand_m":0.08968800511853449,"area_in_meters":97.46530151367188,"confidence":0.7932000160217285}},{"type":"Feature","geometry":null,"properties":{"risk_score":4.462602477385513,"verdict":"RED_BLOCKS_DRAINAGE","lost_frac":0,"flow_frac":1.0,"upstream_km2":187.76751708984375,"hand_m":50,"area_in_meters":180.2292938232422,"confidence":0.7932000160217285}},{"type":"Feature","geometry":null,"properties":{"risk_score":1.1929829868770292,"verdict":"RED_BLOCKS_DRAINAGE","lost_frac":0,"flow_frac":1.0,"upstream_km2":3.059021234512329,"hand_m":50,"area_in_meters":120.6531982421875,"confidence":0.8557000160217285}},{"type":"Feature","geometry":null,"properties":{"risk_score":68.12989867074906,"verdict":"RED_BLOCKS_DRAINAGE","lost_frac":0,"flow_frac":0.7999999999999999,"upstream_km2":6.390306417644023,"hand_m":0.020007324218749997,"area_in_meters":125.99130249023438,"confidence":0.8557000160217285}},{"type":"Feature","geometry":null,"properties":{"risk_score":134.43037572691142,"verdict":"RED_BLOCKS_DRAINAGE","lost_frac":0,"flow_frac":0.9937106918238994,"upstream_km2":23.037491042623827,"hand_m":0.020754640207350634,"area_in_meters":1127.5181884765625,"confidence":0.8557000160217285}},{"type":"Feature","geometry":null,"properties":{"risk_score":27.053302060626706,"verdict":"AMBER_PARTIAL","lost_frac":0,"flow_frac":0.42857142857142855,"upstream_km2":12.685084802763802,"hand_m":0.8000139508928571,"area_in_meters":245.02670288085938,"confidence":0.8557000160217285}},{"type":"Feature","geometry":null,"properties":{"risk_score":1.8294804314226791,"verdict":"AMBER_PARTIAL","lost_frac":0,"flow_frac":0.22727272727272727,"upstream_km2":0.5576166542754932,"hand_m":1.390899658203125,"area_in_meters":81.16320037841797,"confidence":0.736299991607666}},{"type":"Feature","geometry":null,"properties":{"risk_score":1.0124383803323538,"verdict":"RED_BLOCKS_DRAINAGE","lost_frac":0,"flow_frac":1.0,"upstream_km2":2.2835495471954346,"hand_m":50,"area_in_meters":62.21860122680664,"confidence":0.736299991607666}},{"type":"Feature","geometry":null,"properties":{"risk_score":29.979542742745746,"verdict":"RED_BLOCKS_DRAINAGE","lost_frac":0,"flow_frac":0.8095238095238095,"upstream_km2":2.4644435679628733,"hand_m":0.45714750744047616,"area_in_meters":84.3290023803711,"confidence":0.798799991607666}},{"type":"Feature","geometry":null,"properties":{"risk_score":2.734882007150012,"verdict":"RED_BLOCKS_DRAINAGE","lost_frac":0,"flow_frac":1.0,"upstream_km2":23.819316864013672,"hand_m":50,"area_in_meters":164.57899475097656,"confidence":0.861299991607666}},{"type":"Feature","geometry":null,"properties":{"risk_score":1.7476203506063877,"verdict":"RED_BLOCKS_DRAINAGE","lost_frac":0,"flow_frac":1.0,"upstream_km2":6.785497665405273,"hand_m":50,"area_in_meters":291.1962890625,"confidence":0.861299991607666}},{"type":"Feature","geometry":null,"properties":{"risk_score":1.3591785419052378,"verdict":"RED_BLOCKS_DRAINAGE","lost_frac":0,"flow_frac":1.0,"upstream_km2":3.9337944984436035,"hand_m":50,"area_in_meters":387.419189453125,"confidence":0.923799991607666}},{"type":"Feature","geometry":null,"properties":{"risk_score":4.5901835501261115,"verdict":"RED_BLOCKS_DRAINAGE","lost_frac":0,"flow_frac":1.0,"upstream_km2":218.2772674560547,"hand_m":50,"area_in_meters":53.012001037597656,"confidence":0.7475000023841858}},{"type":"Feature","geometry":null,"properties":{"risk_score":1.199069917385679,"verdict":"RED_BLOCKS_DRAINAGE","lost_frac":0,"flow_frac":1.0,"upstream_km2":3.0881390388656706,"hand_m":50,"area_in_meters":2744.5944,"confidence":0.9350000023841858}},{"type":"Feature","geometry":null,"properties":{"risk_score":1.0463235607414698,"verdict":"RED_BLOCKS_DRAINAGE","lost_frac":0,"flow_frac":1.0,"upstream_km2":2.4168429374694824,"hand_m":50,"area_in_meters":86.97530364990234,"confidence":0.7530999779701233}},{"type":"Feature","geometry":null,"properties":{"risk_score":2.123983881262204,"verdict":"RED_BLOCKS_DRAINAGE","lost_frac":0,"flow_frac":1.0,"upstream_km2":11.112443923950195,"hand_m":50,"area_in_meters":127.42449951171875,"confidence":0.7530999779701233}},{"type":"Feature","geometry":null,"properties":{"risk_score":2.713449662687177,"verdict":"RED_BLOCKS_DRAINAGE","lost_frac":0,"flow_frac":1.0,"upstream_km2":23.202449798583984,"hand_m":50,"area_in_meters":65.26570129394531,"confidence":0.8155999779701233}},{"type":"Feature","geometry":null,"properties":{"risk_score":2.795489839364128,"verdict":"RED_BLOCKS_DRAINAGE","lost_frac":0,"flow_frac":1.0,"upstream_km2":25.65015983581543,"hand_m":50,"area_in_meters":142.40589904785156,"confidence":0.8155999779701233}},{"type":"Feature","geometry":null,"properties":{"risk_score":20.994888067186377,"verdict":"RED_BLOCKS_DRAINAGE","lost_frac":0,"flow_frac":0.6670588235294118,"upstream_km2":2.140714656127727,"hand_m":0.5791807645909928,"area_in_meters":5861.2189,"confidence":0.8155999779701233}},{"type":"Feature","geometry":null,"properties":{"risk_score":2.746734327379937,"verdict":"RED_BLOCKS_DRAINAGE","lost_frac":0,"flow_frac":1.0,"upstream_km2":24.167177200317383,"hand_m":50,"area_in_meters":86.93409729003906,"confidence":0.8780999779701233}},{"type":"Feature","geometry":null,"properties":{"risk_score":34.511070336743416,"verdict":"RED_BLOCKS_DRAINAGE","lost_frac":0,"flow_frac":0.5714285714285714,"upstream_km2":14.821823470028384,"hand_m":0.9857090541294643,"area_in_meters":65.67359924316406,"confidence":0.8780999779701233}},{"type":"Feature","geometry":null,"properties":{"risk_score":2.625733414849012,"verdict":"RED_BLOCKS_DRAINAGE","lost_frac":0,"flow_frac":1.0,"upstream_km2":20.833534240722656,"hand_m":50,"area_in_meters":120.60489654541016,"confidence":0.8212000131607056}},{"type":"Feature","geometry":null,"properties":{"risk_score":4.232392654102115,"verdict":"AMBER_PARTIAL","lost_frac":0,"flow_frac":0.1891891891891892,"upstream_km2":4.390103287743154,"hand_m":2.270260372677365,"area_in_meters":116.71289825439453,"confidence":0.7642999887466431}},{"type":"Feature","geometry":null,"properties":{"risk_score":1.0124383803323538,"verdict":"RED_BLOCKS_DRAINAGE","lost_frac":0,"flow_frac":1.0,"upstream_km2":2.2835495471954346,"hand_m":50,"area_in_meters":86.97740173339844,"confidence":0.7642999887466431}},{"type":"Feature","geometry":null,"properties":{"risk_score":2.795489839364128,"verdict":"RED_BLOCKS_DRAINAGE","lost_frac":0,"flow_frac":1.0,"upstream_km2":25.65015983581543,"hand_m":50,"area_in_meters":104.86830139160156,"confidence":0.8267999887466431}},{"type":"Feature","geometry":null,"properties":{"risk_score":117.29318811907248,"verdict":"RED_BLOCKS_DRAINAGE","lost_frac":0,"flow_frac":0.8461538461538461,"upstream_km2":24.557187011895273,"hand_m":0.015380859375,"area_in_meters":89.8550033569336,"confidence":0.8267999887466431}},{"type":"Feature","geometry":null,"properties":{"risk_score":1.1858749993172242,"verdict":"RED_BLOCKS_DRAINAGE","lost_frac":0,"flow_frac":1.0,"upstream_km2":3.0252814292907715,"hand_m":50,"area_in_meters":82.68219757080078,"confidence":0.8892999887466431}},{"type":"Feature","geometry":null,"properties":{"risk_score":2.7122756430907033,"verdict":"RED_BLOCKS_DRAINAGE","lost_frac":0,"flow_frac":1.0,"upstream_km2":23.169105529785156,"hand_m":50,"area_in_meters":44.1411018371582,"confidence":0.7074000239372253}},{"type":"Feature","geometry":null,"properties":{"risk_score":13.366925257775804,"verdict":"AMBER_PARTIAL","lost_frac":0,"flow_frac":0.32653061224489793,"upstream_km2":3.0026759781247496,"hand_m":0.47143679249043374,"area_in_meters":136.55589294433594,"confidence":0.7699000239372253}},{"type":"Feature","geometry":null,"properties":{"risk_score":1.9758507251855266,"verdict":"RED_BLOCKS_DRAINAGE","lost_frac":0,"flow_frac":1.0,"upstream_km2":9.178502082824707,"hand_m":50,"area_in_meters":136.14590454101562,"confidence":0.8324000239372253}},{"type":"Feature","geometry":null,"properties":{"risk_score":2.707563243983808,"verdict":"RED_BLOCKS_DRAINAGE","lost_frac":0,"flow_frac":1.0,"upstream_km2":23.03572654724121,"hand_m":50,"area_in_meters":114.1771011352539,"confidence":0.7129999995231628}},{"type":"Feature","geometry":null,"properties":{"risk_score":1.2871678626620489,"verdict":"RED_BLOCKS_DRAINAGE","lost_frac":0,"flow_frac":1.0,"upstream_km2":3.5337295532226562,"hand_m":50,"area_in_meters":85.14730072021484,"confidence":0.7129999995231628}},{"type":"Feature","geometry":null,"properties":{"risk_score":2.896901136240221,"verdict":"RED_BLOCKS_DRAINAGE","lost_frac":0,"flow_frac":1.0,"upstream_km2":29.020614624023438,"hand_m":50,"area_in_meters":188.32850646972656,"confidence":0.8379999995231628}},{"type":"Feature","geometry":null,"properties":{"risk_score":2.7279899493783475,"verdict":"RED_BLOCKS_DRAINAGE","lost_frac":0,"flow_frac":1.0,"upstream_km2":23.619253158569336,"hand_m":50,"area_in_meters":176.35629272460938,"confidence":0.8379999995231628}},{"type":"Feature","geometry":null,"properties":{"risk_score":1.8962278063645228,"verdict":"RED_BLOCKS_DRAINAGE","lost_frac":0,"flow_frac":1.0,"upstream_km2":8.26992416381836,"hand_m":50,"area_in_meters":62.992401123046875,"confidence":0.8379999995231628}},{"type":"Feature","geometry":null,"properties":{"risk_score":54.882268415645704,"verdict":"RED_BLOCKS_DRAINAGE","lost_frac":0,"flow_frac":0.7414634146341463,"upstream_km2":5.5575178622654295,"hand_m":0.10342094607469512,"area_in_meters":705.23779296875,"confidence":0.9004999995231628}},{"type":"Feature","geometry":null,"properties":{"risk_score":1.8506120877901737,"verdict":"RED_BLOCKS_DRAINAGE","lost_frac":0,"flow_frac":1.0,"upstream_km2":7.786424160003662,"hand_m":50,"area_in_meters":356.18890380859375,"confidence":0.8435999751091003}},{"type":"Feature","geometry":null,"properties":{"risk_score":70.22821771548486,"verdict":"RED_BLOCKS_DRAINAGE","lost_frac":0,"flow_frac":0.7800000000000001,"upstream_km2":18.79342466292903,"hand_m":0.44000000000000006,"area_in_meters":179.72259521484375,"confidence":0.8435999751091003}},{"type":"Feature","geometry":null,"properties":{"risk_score":4.622613688209705,"verdict":"RED_BLOCKS_DRAINAGE","lost_frac":0,"flow_frac":1.0,"upstream_km2":226.78912218311166,"hand_m":50,"area_in_meters":545.0625,"confidence":0.9060999751091003}},{"type":"Feature","geometry":null,"properties":{"risk_score":35.665908648661315,"verdict":"RED_BLOCKS_DRAINAGE","lost_frac":0,"flow_frac":0.7375,"upstream_km2":21.884381354518702,"hand_m":1.8112564086914062,"area_in_meters":284.1531982421875,"confidence":0.7867000102996826}},{"type":"Feature","geometry":null,"properties":{"risk_score":2.384922637330153,"verdict":"RED_BLOCKS_DRAINAGE","lost_frac":0,"flow_frac":1.0,"upstream_km2":15.455479621887207,"hand_m":50,"area_in_meters":104.6095962524414,"confidence":0.7867000102996826}},{"type":"Feature","geometry":null,"properties":{"risk_score":1.8140496831345745,"verdict":"RED_BLOCKS_DRAINAGE","lost_frac":0,"flow_frac":1.0,"upstream_km2":7.4171552658081055,"hand_m":50,"area_in_meters":98.68070220947266,"confidence":0.7867000102996826}},{"type":"Feature","geometry":null,"properties":{"risk_score":83.17380291158784,"verdict":"RED_BLOCKS_DRAINAGE","lost_frac":0,"flow_frac":0.85,"upstream_km2":19.706243883818388,"hand_m":0.3449981689453125,"area_in_meters":196.7032928466797,"confidence":0.8492000102996826}},{"type":"Feature","geometry":null,"properties":{"risk_score":5.422691813553512,"verdict":"AMBER_PARTIAL","lost_frac":0,"flow_frac":0.4285714285714286,"upstream_km2":1.0977187667574204,"hand_m":1.5428641183035714,"area_in_meters":162.3717041015625,"confidence":0.8492000102996826}},{"type":"Feature","geometry":null,"properties":{"risk_score":135.0669625317457,"verdict":"RED_BLOCKS_DRAINAGE","lost_frac":0,"flow_frac":0.9836065573770493,"upstream_km2":26.730955470490773,"hand_m":0.05081927190061476,"area_in_meters":214.4058074951172,"confidence":0.9117000102996826}},{"type":"Feature","geometry":null,"properties":{"risk_score":4.466129682583713,"verdict":"RED_BLOCKS_DRAINAGE","lost_frac":0,"flow_frac":1.0,"upstream_km2":188.551025390625,"hand_m":50,"area_in_meters":197.1103973388672,"confidence":0.7297999858856201}},{"type":"Feature","geometry":null,"properties":{"risk_score":4.7599927688912,"verdict":"AMBER_PARTIAL","lost_frac":0,"flow_frac":0.42105263157894735,"upstream_km2":0.9487734940883361,"hand_m":1.5631296258223684,"area_in_meters":55.57630157470703,"confidence":0.7922999858856201}},{"type":"Feature","geometry":null,"properties":{"risk_score":1.08093138689451,"verdict":"RED_BLOCKS_DRAINAGE","lost_frac":0,"flow_frac":1.0,"upstream_km2":2.558565855026245,"hand_m":50,"area_in_meters":69.8998031616211,"confidence":0.7922999858856201}},{"type":"Feature","geometry":null,"properties":{"risk_score":1.2871678626620489,"verdict":"RED_BLOCKS_DRAINAGE","lost_frac":0,"flow_frac":1.0,"upstream_km2":3.5337295532226562,"hand_m":50,"area_in_meters":104.3031005859375,"confidence":0.7922999858856201}},{"type":"Feature","geometry":null,"properties":{"risk_score":26.691036827300234,"verdict":"AMBER_PARTIAL","lost_frac":0,"flow_frac":0.39215686274509803,"upstream_km2":73.99893764238439,"hand_m":1.7549163219975488,"area_in_meters":176.6074981689453,"confidence":0.8547999858856201}},{"type":"Feature","geometry":null,"properties":{"risk_score":2.9424738532717676,"verdict":"RED_BLOCKS_DRAINAGE","lost_frac":0,"flow_frac":1.0,"upstream_km2":30.670991897583008,"hand_m":50,"area_in_meters":107.06189727783203,"confidence":0.8547999858856201}},{"type":"Feature","geometry":null,"properties":{"risk_score":2.7057893747707973,"verdict":"RED_BLOCKS_DRAINAGE","lost_frac":0,"flow_frac":1.0,"upstream_km2":22.98571014404297,"hand_m":50,"area_in_meters":154.45840454101562,"confidence":0.9172999858856201}},{"type":"Feature","geometry":null,"properties":{"risk_score":1.8323248162359904,"verdict":"AMBER_PARTIAL","lost_frac":0,"flow_frac":0.15789473684210525,"upstream_km2":1.2417501148424652,"hand_m":2.0210731907894735,"area_in_meters":389.1200866699219,"confidence":0.7465999722480774}},{"type":"Feature","geometry":null,"properties":{"risk_score":3.7279770049497825,"verdict":"RED_BLOCKS_DRAINAGE","lost_frac":0,"flow_frac":1.0,"upstream_km2":78.66513061523438,"hand_m":50,"area_in_meters":63.157901763916016,"confidence":0.7465999722480774}},{"type":"Feature","geometry":null,"properties":{"risk_score":2.7057893747707973,"verdict":"RED_BLOCKS_DRAINAGE","lost_frac":0,"flow_frac":1.0,"upstream_km2":22.98571014404297,"hand_m":50,"area_in_meters":88.76090240478516,"confidence":0.7465999722480774}},{"type":"Feature","geometry":null,"properties":{"risk_score":1.7961561780654347,"verdict":"RED_BLOCKS_DRAINAGE","lost_frac":0,"flow_frac":1.0,"upstream_km2":7.242133617401123,"hand_m":50,"area_in_meters":87.10579681396484,"confidence":0.7465999722480774}},{"type":"Feature","geometry":null,"properties":{"risk_score":1.3387969416595396,"verdict":"RED_BLOCKS_DRAINAGE","lost_frac":0,"flow_frac":1.0,"upstream_km2":3.817108631134033,"hand_m":50,"area_in_meters":49.54209899902344,"confidence":0.7465999722480774}},{"type":"Feature","geometry":null,"properties":{"risk_score":2.188302536470105,"verdict":"RED_BLOCKS_DRAINAGE","lost_frac":0,"flow_frac":1.0,"upstream_km2":12.062740325927734,"hand_m":50,"area_in_meters":341.09490966796875,"confidence":0.8715999722480774}},{"type":"Feature","geometry":null,"properties":{"risk_score":1.187636287842247,"verdict":"RED_BLOCKS_DRAINAGE","lost_frac":0,"flow_frac":1.0,"upstream_km2":3.0336155891418457,"hand_m":50,"area_in_meters":1239.04736328125,"confidence":0.9340999722480774}},{"type":"Feature","geometry":null,"properties":{"risk_score":2.746734327379937,"verdict":"RED_BLOCKS_DRAINAGE","lost_frac":0,"flow_frac":1.0,"upstream_km2":24.167177200317383,"hand_m":50,"area_in_meters":112.67150115966797,"confidence":0.7354000210762024}},{"type":"Feature","geometry":null,"properties":{"risk_score":19.98021101008581,"verdict":"RED_BLOCKS_DRAINAGE","lost_frac":0,"flow_frac":0.5918367346938775,"upstream_km2":4.289562476380748,"hand_m":1.1428521603954083,"area_in_meters":212.49159240722656,"confidence":0.7979000210762024}},{"type":"Feature","geometry":null,"properties":{"risk_score":23.351480371642918,"verdict":"AMBER_PARTIAL","lost_frac":0,"flow_frac":0.32987012987012987,"upstream_km2":61.94736388620811,"hand_m":1.5412905210024352,"area_in_meters":1339.6309814453125,"confidence":0.7979000210762024}},{"type":"Feature","geometry":null,"properties":{"risk_score":1.0254573527284565,"verdict":"RED_BLOCKS_DRAINAGE","lost_frac":0,"flow_frac":1.0,"upstream_km2":2.3341355323791504,"hand_m":50,"area_in_meters":1258.4586181640625,"confidence":0.8604000210762024}},{"type":"Feature","geometry":null,"properties":{"risk_score":2.9128290440072093,"verdict":"RED_BLOCKS_DRAINAGE","lost_frac":0,"flow_frac":1.0,"upstream_km2":29.587417602539062,"hand_m":50,"area_in_meters":272.577392578125,"confidence":0.9229000210762024}},{"type":"Feature","geometry":null,"properties":{"risk_score":1.8367002131628545,"verdict":"RED_BLOCKS_DRAINAGE","lost_frac":0,"flow_frac":1.0,"upstream_km2":7.644046783447266,"hand_m":50,"area_in_meters":54.143798828125,"confidence":0.7409999966621399}},{"type":"Feature","geometry":null,"properties":{"risk_score":10.322918901648166,"verdict":"AMBER_PARTIAL","lost_frac":0,"flow_frac":0.32608695652173914,"upstream_km2":7.615126543840313,"hand_m":1.9543642790421196,"area_in_meters":186.41470336914062,"confidence":0.7409999966621399}},{"type":"Feature","geometry":null,"properties":{"risk_score":36.42980588342686,"verdict":"RED_BLOCKS_DRAINAGE","lost_frac":0,"flow_frac":0.6141732283464567,"upstream_km2":4.928750679894226,"hand_m":0.3031452809731791,"area_in_meters":442.3327941894531,"confidence":0.8659999966621399}},{"type":"Feature","geometry":null,"properties":{"risk_score":1.8032596472328442,"verdict":"RED_BLOCKS_DRAINAGE","lost_frac":0,"flow_frac":1.0,"upstream_km2":7.3111748695373535,"hand_m":50,"area_in_meters":63.684200286865234,"confidence":0.8659999966621399}},{"type":"Feature","geometry":null,"properties":{"risk_score":2.707563243983808,"verdict":"RED_BLOCKS_DRAINAGE","lost_frac":0,"flow_frac":1.0,"upstream_km2":23.03572654724121,"hand_m":50,"area_in_meters":237.16610717773438,"confidence":0.8659999966621399}},{"type":"Feature","geometry":null,"properties":{"risk_score":18.32094477453034,"verdict":"AMBER_PARTIAL","lost_frac":0,"flow_frac":0.5,"upstream_km2":1.425131916999817,"hand_m":0.04998779296875,"area_in_meters":73.9708023071289,"confidence":0.8659999966621399}},{"type":"Feature","geometry":null,"properties":{"risk_score":2.7574605196361532,"verdict":"RED_BLOCKS_DRAINAGE","lost_frac":0,"flow_frac":1.0,"upstream_km2":24.486186981201172,"hand_m":50,"area_in_meters":191.00660705566406,"confidence":0.8147000074386597}},{"type":"Feature","geometry":null,"properties":{"risk_score":2.795489839364128,"verdict":"RED_BLOCKS_DRAINAGE","lost_frac":0,"flow_frac":1.0,"upstream_km2":25.65015983581543,"hand_m":50,"area_in_meters":139.77940368652344,"confidence":0.8147000074386597}},{"type":"Feature","geometry":null,"properties":{"risk_score":2.746734327379937,"verdict":"RED_BLOCKS_DRAINAGE","lost_frac":0,"flow_frac":1.0,"upstream_km2":24.167177200317383,"hand_m":50,"area_in_meters":109.74759674072266,"confidence":0.8147000074386597}},{"type":"Feature","geometry":null,"properties":{"risk_score":2.7984145408371424,"verdict":"RED_BLOCKS_DRAINAGE","lost_frac":0,"flow_frac":1.0,"upstream_km2":25.74184799194336,"hand_m":50,"area_in_meters":154.59640502929688,"confidence":0.8147000074386597}},{"type":"Feature","geometry":null,"properties":{"risk_score":1.2871678626620489,"verdict":"RED_BLOCKS_DRAINAGE","lost_frac":0,"flow_frac":1.0,"upstream_km2":3.5337295532226562,"hand_m":50,"area_in_meters":138.14300537109375,"confidence":0.8202999830245972}},{"type":"Feature","geometry":null,"properties":{"risk_score":2.7122756430907033,"verdict":"RED_BLOCKS_DRAINAGE","lost_frac":0,"flow_frac":1.0,"upstream_km2":23.169105529785156,"hand_m":50,"area_in_meters":137.78550720214844,"confidence":0.8202999830245972}},{"type":"Feature","geometry":null,"properties":{"risk_score":2.7271244655376394,"verdict":"RED_BLOCKS_DRAINAGE","lost_frac":0,"flow_frac":1.0,"upstream_km2":23.5942440032959,"hand_m":50,"area_in_meters":191.54359436035156,"confidence":0.8202999830245972}},{"type":"Feature","geometry":null,"properties":{"risk_score":53.44707311994769,"verdict":"RED_BLOCKS_DRAINAGE","lost_frac":0,"flow_frac":0.7142857142857143,"upstream_km2":4.883634448583637,"hand_m":0.02858189174107143,"area_in_meters":47.202598571777344,"confidence":0.8202999830245972}},{"type":"Feature","geometry":null,"properties":{"risk_score":1.668394240473758,"verdict":"GREEN_CLEAR","lost_frac":0,"flow_frac":0.11428571428571427,"upstream_km2":0.8296084233958806,"hand_m":0.7971644810267856,"area_in_meters":121.69709777832031,"confidence":0.8827999830245972}},{"type":"Feature","geometry":null,"properties":{"risk_score":2.707563243983808,"verdict":"RED_BLOCKS_DRAINAGE","lost_frac":0,"flow_frac":1.0,"upstream_km2":23.03572654724121,"hand_m":50,"area_in_meters":103.38169860839844,"confidence":0.7009000182151794}},{"type":"Feature","geometry":null,"properties":{"risk_score":67.4446138242546,"verdict":"RED_BLOCKS_DRAINAGE","lost_frac":0,"flow_frac":0.6440677966101694,"upstream_km2":13.42117483520849,"hand_m":0.10679704051906778,"area_in_meters":203.4945068359375,"confidence":0.7634000182151794}},{"type":"Feature","geometry":null,"properties":{"risk_score":1.3285108105246275,"verdict":"RED_BLOCKS_DRAINAGE","lost_frac":0,"flow_frac":1.0,"upstream_km2":3.7592718601226807,"hand_m":50,"area_in_meters":472.93060302734375,"confidence":0.8259000182151794}},{"type":"Feature","geometry":null,"properties":{"risk_score":1.0833131141524022,"verdict":"AMBER_PARTIAL","lost_frac":0,"flow_frac":0.16666666666666666,"upstream_km2":0.6264600952466328,"hand_m":2.2499593098958335,"area_in_meters":103.33000183105469,"confidence":0.8259000182151794}},{"type":"Feature","geometry":null,"properties":{"risk_score":1.027435735880982,"verdict":"RED_BLOCKS_DRAINAGE","lost_frac":0,"flow_frac":1.0,"upstream_km2":2.341890573501587,"hand_m":50,"area_in_meters":92.11810302734375,"confidence":0.8259000182151794}},{"type":"Feature","geometry":null,"properties":{"risk_score":1.8498037939372234,"verdict":"RED_BLOCKS_DRAINAGE","lost_frac":0,"flow_frac":1.0,"upstream_km2":7.778088092803955,"hand_m":50,"area_in_meters":71.4072036743164,"confidence":0.8884000182151794}},{"type":"Feature","geometry":null,"properties":{"risk_score":1.2005065231677037,"verdict":"GREEN_CLEAR","lost_frac":0,"flow_frac":0.0784313725490196,"upstream_km2":0.46949153787949505,"hand_m":0.09213436351102941,"area_in_meters":177.38909912109375,"confidence":0.8884000182151794}},{"type":"Feature","geometry":null,"properties":{"risk_score":35.89084347157219,"verdict":"AMBER_PARTIAL","lost_frac":0,"flow_frac":0.39285714285714285,"upstream_km2":9.581012120536927,"hand_m":0.12143598284040179,"area_in_meters":92.76239776611328,"confidence":0.7064999938011169}},{"type":"Feature","geometry":null,"properties":{"risk_score":4.904809657478036,"verdict":"AMBER_PARTIAL","lost_frac":0,"flow_frac":0.29411764705882354,"upstream_km2":2.1359223499894138,"hand_m":1.976461971507353,"area_in_meters":125.26100158691406,"confidence":0.7689999938011169}},{"type":"Feature","geometry":null,"properties":{"risk_score":1.8168169333870148,"verdict":"RED_BLOCKS_DRAINAGE","lost_frac":0,"flow_frac":1.0,"upstream_km2":7.444552421569824,"hand_m":50,"area_in_meters":50.247100830078125,"confidence":0.7689999938011169}},{"type":"Feature","geometry":null,"properties":{"risk_score":2.7057893747707973,"verdict":"RED_BLOCKS_DRAINAGE","lost_frac":0,"flow_frac":1.0,"upstream_km2":22.98571014404297,"hand_m":50,"area_in_meters":141.51199340820312,"confidence":0.7689999938011169}},{"type":"Feature","geometry":null,"properties":{"risk_score":1.33473481672867,"verdict":"RED_BLOCKS_DRAINAGE","lost_frac":0,"flow_frac":1.0,"upstream_km2":3.794184644267244,"hand_m":50,"area_in_meters":198.7165069580078,"confidence":0.8314999938011169}},{"type":"Feature","geometry":null,"properties":{"risk_score":2.7537424114100904,"verdict":"RED_BLOCKS_DRAINAGE","lost_frac":0,"flow_frac":1.0,"upstream_km2":24.375150680541992,"hand_m":50,"area_in_meters":107.68930053710938,"confidence":0.8314999938011169}},{"type":"Feature","geometry":null,"properties":{"risk_score":66.10503960999071,"verdict":"RED_BLOCKS_DRAINAGE","lost_frac":0,"flow_frac":0.8333333333333334,"upstream_km2":7.951712277407447,"hand_m":0.19999186197916666,"area_in_meters":86.52559661865234,"confidence":0.8314999938011169}},{"type":"Feature","geometry":null,"properties":{"risk_score":3.9793241907233843,"verdict":"AMBER_PARTIAL","lost_frac":0,"flow_frac":0.3235294117647059,"upstream_km2":0.873974037466242,"hand_m":1.2176388011259192,"area_in_meters":133.94430541992188,"confidence":0.8939999938011169}},{"type":"Feature","geometry":null,"properties":{"risk_score":184.32748570393917,"verdict":"RED_BLOCKS_DRAINAGE","lost_frac":0,"flow_frac":0.9047619047619048,"upstream_km2":169.3463065695195,"hand_m":0.09523809523809523,"area_in_meters":74.05359649658203,"confidence":0.8939999938011169}},{"type":"Feature","geometry":null,"properties":{"risk_score":1.9764549373747153,"verdict":"RED_BLOCKS_DRAINAGE","lost_frac":0,"flow_frac":1.0,"upstream_km2":9.185726674397788,"hand_m":50,"area_in_meters":159.93699645996094,"confidence":0.7857999801635742}},{"type":"Feature","geometry":null,"properties":{"risk_score":2.80106461662453,"verdict":"RED_BLOCKS_DRAINAGE","lost_frac":0,"flow_frac":1.0,"upstream_km2":25.825199127197266,"hand_m":50,"area_in_meters":82.59600067138672,"confidence":0.7857999801635742}},{"type":"Feature","geometry":null,"properties":{"risk_score":2.74869303397396,"verdict":"RED_BLOCKS_DRAINAGE","lost_frac":0,"flow_frac":1.0,"upstream_km2":24.22513198852539,"hand_m":50,"area_in_meters":79.65660095214844,"confidence":0.7857999801635742}},{"type":"Feature","geometry":null,"properties":{"risk_score":1.0769333773081167,"verdict":"RED_BLOCKS_DRAINAGE","lost_frac":0,"flow_frac":1.0,"upstream_km2":2.541897773742676,"hand_m":50,"area_in_meters":109.03489685058594,"confidence":0.7857999801635742}},{"type":"Feature","geometry":null,"properties":{"risk_score":2.626707973705372,"verdict":"RED_BLOCKS_DRAINAGE","lost_frac":0,"flow_frac":1.0,"upstream_km2":20.858535766601562,"hand_m":50,"area_in_meters":44.9379997253418,"confidence":0.8482999801635742}},{"type":"Feature","geometry":null,"properties":{"risk_score":2.9139885607176033,"verdict":"RED_BLOCKS_DRAINAGE","lost_frac":0,"flow_frac":1.0,"upstream_km2":29.62909507751465,"hand_m":50,"area_in_meters":151.40249633789062,"confidence":0.8482999801635742}},{"type":"Feature","geometry":null,"properties":{"risk_score":20.486783581925913,"verdict":"AMBER_PARTIAL","lost_frac":0,"flow_frac":0.34127740705433746,"upstream_km2":8.270605016204998,"hand_m":0.6110490738947806,"area_in_meters":3620.6379,"confidence":0.8482999801635742}},{"type":"Feature","geometry":null,"properties":{"risk_score":1.8334655301663123,"verdict":"RED_BLOCKS_DRAINAGE","lost_frac":0,"flow_frac":1.0,"upstream_km2":7.611274242401123,"hand_m":50,"area_in_meters":134.77099609375,"confidence":0.8482999801635742}},{"type":"Feature","geometry":null,"properties":{"risk_score":3.9297576346861876,"verdict":"AMBER_PARTIAL","lost_frac":0.058252427184466014,"flow_frac":0.2815533980582524,"upstream_km2":0.6209247592040925,"hand_m":0.5028775409587378,"area_in_meters":317.4263916015625,"confidence":0.9107999801635742}},{"type":"Feature","geometry":null,"properties":{"risk_score":2.626707973705372,"verdict":"RED_BLOCKS_DRAINAGE","lost_frac":0,"flow_frac":1.0,"upstream_km2":20.858535766601562,"hand_m":50,"area_in_meters":78.45149993896484,"confidence":0.7746000289916992}},{"type":"Feature","geometry":null,"properties":{"risk_score":1.7961561780654347,"verdict":"RED_BLOCKS_DRAINAGE","lost_frac":0,"flow_frac":1.0,"upstream_km2":7.242133617401123,"hand_m":50,"area_in_meters":138.82460021972656,"confidence":0.7746000289916992}},{"type":"Feature","geometry":null,"properties":{"risk_score":4.462602477385513,"verdict":"RED_BLOCKS_DRAINAGE","lost_frac":0,"flow_frac":1.0,"upstream_km2":187.76751708984375,"hand_m":50,"area_in_meters":42.87409973144531,"confidence":0.7746000289916992}},{"type":"Feature","geometry":null,"properties":{"risk_score":2.7478633657411784,"verdict":"RED_BLOCKS_DRAINAGE","lost_frac":0,"flow_frac":1.0,"upstream_km2":24.2005672454834,"hand_m":50,"area_in_meters":140.88490295410156,"confidence":0.7746000289916992}},{"type":"Feature","geometry":null,"properties":{"risk_score":12.83515781816629,"verdict":"RED_BLOCKS_DRAINAGE","lost_frac":0,"flow_frac":0.75,"upstream_km2":1.75850153202191,"hand_m":1.5749969482421875,"area_in_meters":62.51169967651367,"confidence":0.7177000045776367}},{"type":"Feature","geometry":null,"properties":{"risk_score":2.7122756430907033,"verdict":"RED_BLOCKS_DRAINAGE","lost_frac":0,"flow_frac":1.0,"upstream_km2":23.169105529785156,"hand_m":50,"area_in_meters":326.9024963378906,"confidence":0.7802000045776367}},{"type":"Feature","geometry":null,"properties":{"risk_score":4.593091600130734,"verdict":"RED_BLOCKS_DRAINAGE","lost_frac":0,"flow_frac":1.0,"upstream_km2":219.02737426757812,"hand_m":50,"area_in_meters":40.516700744628906,"confidence":0.7802000045776367}},{"type":"Feature","geometry":null,"properties":{"risk_score":31.20830887747177,"verdict":"RED_BLOCKS_DRAINAGE","lost_frac":0,"flow_frac":0.7551020408163266,"upstream_km2":2.9399166703224187,"hand_m":0.4408133370535714,"area_in_meters":227.49740600585938,"confidence":0.7802000045776367}},{"type":"Feature","geometry":null,"properties":{"risk_score":2.8378574242611347,"verdict":"RED_BLOCKS_DRAINAGE","lost_frac":0,"flow_frac":1.0,"upstream_km2":27.009624481201172,"hand_m":50,"area_in_meters":892.3134155273438,"confidence":0.7802000045776367}},{"type":"Feature","geometry":null,"properties":{"risk_score":1.0928344351536234,"verdict":"RED_BLOCKS_DRAINAGE","lost_frac":0,"flow_frac":1.0,"upstream_km2":2.608656644821167,"hand_m":50,"area_in_meters":208.3721923828125,"confidence":0.7802000045776367}},{"type":"Feature","geometry":null,"properties":{"risk_score":2.734882007150012,"verdict":"RED_BLOCKS_DRAINAGE","lost_frac":0,"flow_frac":1.0,"upstream_km2":23.819316864013672,"hand_m":50,"area_in_meters":91.03359985351562,"confidence":0.8427000045776367}},{"type":"Feature","geometry":null,"properties":{"risk_score":2.8605802543402374,"verdict":"RED_BLOCKS_DRAINAGE","lost_frac":0,"flow_frac":1.0,"upstream_km2":27.76708984375,"hand_m":50,"area_in_meters":486.47119140625,"confidence":0.9052000045776367}},{"type":"Feature","geometry":null,"properties":{"risk_score":2.1327294797726206,"verdict":"RED_BLOCKS_DRAINAGE","lost_frac":0,"flow_frac":1.0,"upstream_km2":11.237481117248535,"hand_m":50,"area_in_meters":89.36689758300781,"confidence":0.734499990940094}},{"type":"Feature","geometry":null,"properties":{"risk_score":18.494636338381273,"verdict":"RED_BLOCKS_DRAINAGE","lost_frac":0,"flow_frac":0.6428571428571429,"upstream_km2":1.9692000020295382,"hand_m":0.642852783203125,"area_in_meters":44.08430099487305,"confidence":0.734499990940094}},{"type":"Feature","geometry":null,"properties":{"risk_score":29.259039414606104,"verdict":"RED_BLOCKS_DRAINAGE","lost_frac":0,"flow_frac":0.525,"upstream_km2":3.6048061936628075,"hand_m":0.1900115966796875,"area_in_meters":135.87109375,"confidence":0.796999990940094}},{"type":"Feature","geometry":null,"properties":{"risk_score":1.4266960939871653,"verdict":"GREEN_CLEAR","lost_frac":0,"flow_frac":0.10256410256410256,"upstream_km2":7.923521464332365,"hand_m":5.833333333333333,"area_in_meters":253.52609252929688,"confidence":0.859499990940094}},{"type":"Feature","geometry":null,"properties":{"risk_score":2.7847691750353207,"verdict":"RED_BLOCKS_DRAINAGE","lost_frac":0,"flow_frac":1.0,"upstream_km2":25.31675148010254,"hand_m":50,"area_in_meters":90.20040130615234,"confidence":0.859499990940094}},{"type":"Feature","geometry":null,"properties":{"risk_score":1.0769333773081167,"verdict":"RED_BLOCKS_DRAINAGE","lost_frac":0,"flow_frac":1.0,"upstream_km2":2.541897773742676,"hand_m":50,"area_in_meters":100.06710052490234,"confidence":0.921999990940094}},{"type":"Feature","geometry":null,"properties":{"risk_score":1.1929829868770292,"verdict":"RED_BLOCKS_DRAINAGE","lost_frac":0,"flow_frac":1.0,"upstream_km2":3.059021234512329,"hand_m":50,"area_in_meters":228.89979553222656,"confidence":0.7289000153541565}},{"type":"Feature","geometry":null,"properties":{"risk_score":2.746734327379937,"verdict":"RED_BLOCKS_DRAINAGE","lost_frac":0,"flow_frac":1.0,"upstream_km2":24.167177200317383,"hand_m":50,"area_in_meters":70.4646987915039,"confidence":0.7914000153541565}},{"type":"Feature","geometry":null,"properties":{"risk_score":2.7271244655376394,"verdict":"RED_BLOCKS_DRAINAGE","lost_frac":0,"flow_frac":1.0,"upstream_km2":23.5942440032959,"hand_m":50,"area_in_meters":44.17729949951172,"confidence":0.7914000153541565}},{"type":"Feature","geometry":null,"properties":{"risk_score":56.393901877502174,"verdict":"RED_BLOCKS_DRAINAGE","lost_frac":0,"flow_frac":0.5151515151515152,"upstream_km2":14.879340626976708,"hand_m":0.09694602272727275,"area_in_meters":117.88009643554688,"confidence":0.8539000153541565}},{"type":"Feature","geometry":null,"properties":{"risk_score":34.77782658713327,"verdict":"AMBER_PARTIAL","lost_frac":0,"flow_frac":0.3870967741935484,"upstream_km2":9.199143278021968,"hand_m":0.12258812689012097,"area_in_meters":135.1396942138672,"confidence":0.8539000153541565}},{"type":"Feature","geometry":null,"properties":{"risk_score":4.462602477385513,"verdict":"RED_BLOCKS_DRAINAGE","lost_frac":0,"flow_frac":1.0,"upstream_km2":187.76751708984375,"hand_m":50,"area_in_meters":66.5094985961914,"confidence":0.8539000153541565}},{"type":"Feature","geometry":null,"properties":{"risk_score":2.187905324263025,"verdict":"RED_BLOCKS_DRAINAGE","lost_frac":0,"flow_frac":1.0,"upstream_km2":12.056648584512564,"hand_m":50,"area_in_meters":357.5721130371094,"confidence":0.8137999773025513}},{"type":"Feature","geometry":null,"properties":{"risk_score":2.005331703845542,"verdict":"RED_BLOCKS_DRAINAGE","lost_frac":0,"flow_frac":1.0,"upstream_km2":9.537053108215332,"hand_m":50,"area_in_meters":371.5404968261719,"confidence":0.8137999773025513}},{"type":"Feature","geometry":null,"properties":{"risk_score":1.0015619133127636,"verdict":"RED_BLOCKS_DRAINAGE","lost_frac":0,"flow_frac":1.0,"upstream_km2":2.241877317428589,"hand_m":50,"area_in_meters":114.8926010131836,"confidence":0.7401000261306763}},{"type":"Feature","geometry":null,"properties":{"risk_score":2.754950157303483,"verdict":"RED_BLOCKS_DRAINAGE","lost_frac":0,"flow_frac":1.0,"upstream_km2":24.411165237426758,"hand_m":50,"area_in_meters":48.787200927734375,"confidence":0.8026000261306763}},{"type":"Feature","geometry":null,"properties":{"risk_score":2.785038840051561,"verdict":"RED_BLOCKS_DRAINAGE","lost_frac":0,"flow_frac":1.0,"upstream_km2":25.32508659362793,"hand_m":50,"area_in_meters":61.24489974975586,"confidence":0.8651000261306763}},{"type":"Feature","geometry":null,"properties":{"risk_score":2.8927771974096195,"verdict":"RED_BLOCKS_DRAINAGE","lost_frac":0,"flow_frac":1.0,"upstream_km2":28.875581741333008,"hand_m":50,"area_in_meters":185.62010192871094,"confidence":0.8651000261306763}},{"type":"Feature","geometry":null,"properties":{"risk_score":2.02990023552207,"verdict":"RED_BLOCKS_DRAINAGE","lost_frac":0,"flow_frac":1.0,"upstream_km2":9.845488548278809,"hand_m":50,"area_in_meters":83.39510345458984,"confidence":0.8651000261306763}},{"type":"Feature","geometry":null,"properties":{"risk_score":16.4915523088616,"verdict":"AMBER_PARTIAL","lost_frac":0,"flow_frac":0.47335423197492166,"upstream_km2":104.51865375013936,"hand_m":4.807527643759797,"area_in_meters":1100.6361083984375,"confidence":0.9276000261306763}},{"type":"Feature","geometry":null,"properties":{"risk_score":2.9424738532717676,"verdict":"RED_BLOCKS_DRAINAGE","lost_frac":0,"flow_frac":1.0,"upstream_km2":30.670991897583008,"hand_m":50,"area_in_meters":74.02220153808594,"confidence":0.8082000017166138}},{"type":"Feature","geometry":null,"properties":{"risk_score":4.595989870710401,"verdict":"RED_BLOCKS_DRAINAGE","lost_frac":0,"flow_frac":1.0,"upstream_km2":219.7775115966797,"hand_m":50,"area_in_meters":122.51969909667969,"confidence":0.8082000017166138}},{"type":"Feature","geometry":null,"properties":{"risk_score":2.754111722614967,"verdict":"RED_BLOCKS_DRAINAGE","lost_frac":0,"flow_frac":1.0,"upstream_km2":24.386157989501953,"hand_m":50,"area_in_meters":99.19239807128906,"confidence":0.8707000017166138}},{"type":"Feature","geometry":null,"properties":{"risk_score":2.7984145408371424,"verdict":"RED_BLOCKS_DRAINAGE","lost_frac":0,"flow_frac":1.0,"upstream_km2":25.74184799194336,"hand_m":50,"area_in_meters":40.43389892578125,"confidence":0.762499988079071}},{"type":"Feature","geometry":null,"properties":{"risk_score":4.041576589002765,"verdict":"AMBER_PARTIAL","lost_frac":0,"flow_frac":0.34615384615384615,"upstream_km2":0.7641564782422322,"hand_m":1.1115464430588942,"area_in_meters":86.76399993896484,"confidence":0.762499988079071}},{"type":"Feature","geometry":null,"properties":{"risk_score":1.7528822732789648,"verdict":"RED_BLOCKS_DRAINAGE","lost_frac":0,"flow_frac":1.0,"upstream_km2":6.833754539489746,"hand_m":50,"area_in_meters":66.95760345458984,"confidence":0.762499988079071}},{"type":"Feature","geometry":null,"properties":{"risk_score":2.707563243983808,"verdict":"RED_BLOCKS_DRAINAGE","lost_frac":0,"flow_frac":1.0,"upstream_km2":23.03572654724121,"hand_m":50,"area_in_meters":69.01959991455078,"confidence":0.762499988079071}},{"type":"Feature","geometry":null,"properties":{"risk_score":1.0612365663550674,"verdict":"RED_BLOCKS_DRAINAGE","lost_frac":0,"flow_frac":0.878048780487805,"upstream_km2":3.1342960479782853,"hand_m":50,"area_in_meters":144.5330047607422,"confidence":0.824999988079071}},{"type":"Feature","geometry":null,"properties":{"risk_score":74.49958930507069,"verdict":"RED_BLOCKS_DRAINAGE","lost_frac":0,"flow_frac":0.7894736842105263,"upstream_km2":23.028582242758652,"hand_m":0.46316046463815785,"area_in_meters":66.0790023803711,"confidence":0.824999988079071}},{"type":"Feature","geometry":null,"properties":{"risk_score":2.7271244655376394,"verdict":"RED_BLOCKS_DRAINAGE","lost_frac":0,"flow_frac":1.0,"upstream_km2":23.5942440032959,"hand_m":50,"area_in_meters":352.17498779296875,"confidence":0.824999988079071}},{"type":"Feature","geometry":null,"properties":{"risk_score":2.711688025763225,"verdict":"RED_BLOCKS_DRAINAGE","lost_frac":0,"flow_frac":1.0,"upstream_km2":23.152433395385742,"hand_m":50,"area_in_meters":40.89870071411133,"confidence":0.824999988079071}},{"type":"Feature","geometry":null,"properties":{"risk_score":4.475814894734163,"verdict":"AMBER_PARTIAL","lost_frac":0,"flow_frac":0.3793103448275862,"upstream_km2":1.1041251282239781,"hand_m":1.737923457704741,"area_in_meters":216.43499755859375,"confidence":0.887499988079071}},{"type":"Feature","geometry":null,"properties":{"risk_score":6.551084713591027,"verdict":"AMBER_PARTIAL","lost_frac":0,"flow_frac":0.21052631578947367,"upstream_km2":16.567222289152834,"hand_m":2.9999903628700655,"area_in_meters":89.1448974609375,"confidence":0.8194000124931335}},{"type":"Feature","geometry":null,"properties":{"risk_score":12.838138689949147,"verdict":"AMBER_PARTIAL","lost_frac":0,"flow_frac":0.4406779661016949,"upstream_km2":10.406788453270318,"hand_m":2.6287862486758473,"area_in_meters":203.7196044921875,"confidence":0.8819000124931335}},{"type":"Feature","geometry":null,"properties":{"risk_score":37.50658811341782,"verdict":"RED_BLOCKS_DRAINAGE","lost_frac":0,"flow_frac":0.5312499999999999,"upstream_km2":12.850991833746304,"hand_m":0.6168138569798963,"area_in_meters":3206.2203,"confidence":0.8819000124931335}},{"type":"Feature","geometry":null,"properties":{"risk_score":8.502918871114245,"verdict":"AMBER_PARTIAL","lost_frac":0,"flow_frac":0.3793969849246231,"upstream_km2":1.6366868061872897,"hand_m":0.8787471132728675,"area_in_meters":1566.1578369140625,"confidence":0.8819000124931335}},{"type":"Feature","geometry":null,"properties":{"risk_score":2.625733414849012,"verdict":"RED_BLOCKS_DRAINAGE","lost_frac":0,"flow_frac":1.0,"upstream_km2":20.833534240722656,"hand_m":50,"area_in_meters":56.13650131225586,"confidence":0.7111999988555908}},{"type":"Feature","geometry":null,"properties":{"risk_score":113.2242246825005,"verdict":"RED_BLOCKS_DRAINAGE","lost_frac":0,"flow_frac":0.7741935483870968,"upstream_km2":56.501750371869534,"hand_m":0.20321753717237903,"area_in_meters":102.28559875488281,"confidence":0.8361999988555908}},{"type":"Feature","geometry":null,"properties":{"risk_score":59.51042872299976,"verdict":"RED_BLOCKS_DRAINAGE","lost_frac":0,"flow_frac":0.892156862745098,"upstream_km2":5.913331241365157,"hand_m":0.2588261623008578,"area_in_meters":698.1774291992188,"confidence":0.8361999988555908}},{"type":"Feature","geometry":null,"properties":{"risk_score":2.7847691750353207,"verdict":"RED_BLOCKS_DRAINAGE","lost_frac":0,"flow_frac":1.0,"upstream_km2":25.31675148010254,"hand_m":50,"area_in_meters":92.05010223388672,"confidence":0.8361999988555908}},{"type":"Feature","geometry":null,"properties":{"risk_score":1.0379858295247464,"verdict":"RED_BLOCKS_DRAINAGE","lost_frac":0,"flow_frac":1.0,"upstream_km2":2.3835513591766357,"hand_m":50,"area_in_meters":50.32749938964844,"confidence":0.8361999988555908}},{"type":"Feature","geometry":null,"properties":{"risk_score":4.789428349793748,"verdict":"RED_BLOCKS_DRAINAGE","lost_frac":0,"flow_frac":1.0,"upstream_km2":276.08209228515625,"hand_m":50,"area_in_meters":469.6034851074219,"confidence":0.8986999988555908}},{"type":"Feature","geometry":null,"properties":{"risk_score":26.341573387464134,"verdict":"AMBER_PARTIAL","lost_frac":0,"flow_frac":0.47058823529411764,"upstream_km2":11.393379982999141,"hand_m":0.9529670266544119,"area_in_meters":79.77580261230469,"confidence":0.7167999744415283}},{"type":"Feature","geometry":null,"properties":{"risk_score":1.218722239743642,"verdict":"RED_BLOCKS_DRAINAGE","lost_frac":0,"flow_frac":1.0,"upstream_km2":3.1835825443267822,"hand_m":50,"area_in_meters":79.2499008178711,"confidence":0.7167999744415283}},{"type":"Feature","geometry":null,"properties":{"risk_score":7.5619807224807,"verdict":"AMBER_PARTIAL","lost_frac":0,"flow_frac":0.2631578947368421,"upstream_km2":6.589479136623835,"hand_m":2.0631489000822367,"area_in_meters":61.266300201416016,"confidence":0.7792999744415283}},{"type":"Feature","geometry":null,"properties":{"risk_score":2.8586042575984894,"verdict":"RED_BLOCKS_DRAINAGE","lost_frac":0,"flow_frac":1.0,"upstream_km2":27.700414657592773,"hand_m":50,"area_in_meters":109.8988037109375,"confidence":0.7792999744415283}},{"type":"Feature","geometry":null,"properties":{"risk_score":59.51308344172633,"verdict":"RED_BLOCKS_DRAINAGE","lost_frac":0,"flow_frac":0.5625,"upstream_km2":13.14464103244245,"hand_m":0.08750534057617188,"area_in_meters":71.46859741210938,"confidence":0.7792999744415283}},{"type":"Feature","geometry":null,"properties":{"risk_score":4.595989870710401,"verdict":"RED_BLOCKS_DRAINAGE","lost_frac":0,"flow_frac":1.0,"upstream_km2":219.7775115966797,"hand_m":50,"area_in_meters":94.68810272216797,"confidence":0.8417999744415283}},{"type":"Feature","geometry":null,"properties":{"risk_score":33.50901817203136,"verdict":"RED_BLOCKS_DRAINAGE","lost_frac":0,"flow_frac":0.6666666666666666,"upstream_km2":5.3710995471725855,"hand_m":0.5999959309895833,"area_in_meters":132.84689331054688,"confidence":0.8417999744415283}},{"type":"Feature","geometry":null,"properties":{"risk_score":3.665218353435419,"verdict":"RED_BLOCKS_DRAINAGE","lost_frac":0,"flow_frac":1.0,"upstream_km2":73.00505065917969,"hand_m":50,"area_in_meters":129.64010620117188,"confidence":0.8306000232696533}},{"type":"Feature","geometry":null,"properties":{"risk_score":29.74226242417285,"verdict":"AMBER_PARTIAL","lost_frac":0,"flow_frac":0.45454545454545453,"upstream_km2":13.256354814225977,"hand_m":0.7636496803977273,"area_in_meters":154.82749938964844,"confidence":0.8306000232696533}},{"type":"Feature","geometry":null,"properties":{"risk_score":2.9139885607176033,"verdict":"RED_BLOCKS_DRAINAGE","lost_frac":0,"flow_frac":1.0,"upstream_km2":29.62909507751465,"hand_m":50,"area_in_meters":59.18000030517578,"confidence":0.8306000232696533}},{"type":"Feature","geometry":null,"properties":{"risk_score":2.900675722840846,"verdict":"RED_BLOCKS_DRAINAGE","lost_frac":0,"flow_frac":1.0,"upstream_km2":29.15397834777832,"hand_m":50,"area_in_meters":260.01470947265625,"confidence":0.8306000232696533}},{"type":"Feature","geometry":null,"properties":{"risk_score":2.6921358732076954,"verdict":"RED_BLOCKS_DRAINAGE","lost_frac":0,"flow_frac":1.0,"upstream_km2":22.604200518861113,"hand_m":50,"area_in_meters":333.98480224609375,"confidence":0.8306000232696533}},{"type":"Feature","geometry":null,"properties":{"risk_score":20.328729659627793,"verdict":"AMBER_PARTIAL","lost_frac":0,"flow_frac":0.288135593220339,"upstream_km2":7.061275964160844,"hand_m":0.2847196934586864,"area_in_meters":206.4272003173828,"confidence":0.8306000232696533}},{"type":"Feature","geometry":null,"properties":{"risk_score":15.93934105076627,"verdict":"AMBER_PARTIAL","lost_frac":0,"flow_frac":0.4583333333333333,"upstream_km2":10.576744751345055,"hand_m":2.0583267211914062,"area_in_meters":167.07000732421875,"confidence":0.7279999852180481}},{"type":"Feature","geometry":null,"properties":{"risk_score":28.140154149692815,"verdict":"RED_BLOCKS_DRAINAGE","lost_frac":0,"flow_frac":0.7777777777777778,"upstream_km2":2.587277733617359,"hand_m":0.5333387586805555,"area_in_meters":128.4362030029297,"confidence":0.7279999852180481}},{"type":"Feature","geometry":null,"properties":{"risk_score":2.8042594363021713,"verdict":"RED_BLOCKS_DRAINAGE","lost_frac":0,"flow_frac":1.0,"upstream_km2":25.926029205322266,"hand_m":50,"area_in_meters":257.2677001953125,"confidence":0.7904999852180481}},{"type":"Feature","geometry":null,"properties":{"risk_score":2.754860412434083,"verdict":"RED_BLOCKS_DRAINAGE","lost_frac":0,"flow_frac":1.0,"upstream_km2":24.40848731994629,"hand_m":50,"area_in_meters":199.16810607910156,"confidence":0.7904999852180481}},{"type":"Feature","geometry":null,"properties":{"risk_score":1.7692800702481142,"verdict":"RED_BLOCKS_DRAINAGE","lost_frac":0,"flow_frac":1.0,"upstream_km2":6.986064910888672,"hand_m":50,"area_in_meters":117.03929901123047,"confidence":0.9154999852180481}},{"type":"Feature","geometry":null,"properties":{"risk_score":1.0400836295383193,"verdict":"RED_BLOCKS_DRAINAGE","lost_frac":0,"flow_frac":1.0,"upstream_km2":2.391896963119507,"hand_m":50,"area_in_meters":77.5154037475586,"confidence":0.7224000096321106}},{"type":"Feature","geometry":null,"properties":{"risk_score":10.904274056653326,"verdict":"AMBER_PARTIAL","lost_frac":0,"flow_frac":0.43243243243243246,"upstream_km2":1.4042054038192775,"hand_m":0.5108246674408785,"area_in_meters":124.90650177001953,"confidence":0.7849000096321106}},{"type":"Feature","geometry":null,"properties":{"risk_score":1.2871678626620489,"verdict":"RED_BLOCKS_DRAINAGE","lost_frac":0,"flow_frac":1.0,"upstream_km2":3.5337295532226562,"hand_m":50,"area_in_meters":40.59519958496094,"confidence":0.7849000096321106}},{"type":"Feature","geometry":null,"properties":{"risk_score":2.809254585272921,"verdict":"RED_BLOCKS_DRAINAGE","lost_frac":0,"flow_frac":1.0,"upstream_km2":26.084438626728357,"hand_m":50,"area_in_meters":212.23410034179688,"confidence":0.7849000096321106}},{"type":"Feature","geometry":null,"properties":{"risk_score":44.629203114922554,"verdict":"RED_BLOCKS_DRAINAGE","lost_frac":0,"flow_frac":0.6071428571428571,"upstream_km2":6.576311564738197,"hand_m":0.19642857142857142,"area_in_meters":98.60089874267578,"confidence":0.8474000096321106}},{"type":"Feature","geometry":null,"properties":{"risk_score":51.978332077605735,"verdict":"RED_BLOCKS_DRAINAGE","lost_frac":0,"flow_frac":0.8181818181818182,"upstream_km2":9.66642099889842,"hand_m":0.6181862571022727,"area_in_meters":45.777198791503906,"confidence":0.7391999959945679}},{"type":"Feature","geometry":null,"properties":{"risk_score":2.709248925736882,"verdict":"RED_BLOCKS_DRAINAGE","lost_frac":0,"flow_frac":1.0,"upstream_km2":23.08335304260254,"hand_m":50,"area_in_meters":48.76689910888672,"confidence":0.7391999959945679}},{"type":"Feature","geometry":null,"properties":{"risk_score":1.7822664623711828,"verdict":"RED_BLOCKS_DRAINAGE","lost_frac":0,"flow_frac":1.0,"upstream_km2":7.1087870597839355,"hand_m":50,"area_in_meters":42.470401763916016,"confidence":0.7391999959945679}},{"type":"Feature","geometry":null,"properties":{"risk_score":1.7198196808136605,"verdict":"RED_BLOCKS_DRAINAGE","lost_frac":0,"flow_frac":1.0,"upstream_km2":6.535429954528809,"hand_m":50,"area_in_meters":174.40789794921875,"confidence":0.7391999959945679}},{"type":"Feature","geometry":null,"properties":{"risk_score":2.7279899493783475,"verdict":"RED_BLOCKS_DRAINAGE","lost_frac":0,"flow_frac":1.0,"upstream_km2":23.619253158569336,"hand_m":50,"area_in_meters":57.89080047607422,"confidence":0.8016999959945679}},{"type":"Feature","geometry":null,"properties":{"risk_score":1.0928344351536234,"verdict":"RED_BLOCKS_DRAINAGE","lost_frac":0,"flow_frac":1.0,"upstream_km2":2.608656644821167,"hand_m":50,"area_in_meters":83.12329864501953,"confidence":0.8641999959945679}},{"type":"Feature","geometry":null,"properties":{"risk_score":1.1947297997953303,"verdict":"RED_BLOCKS_DRAINAGE","lost_frac":0,"flow_frac":1.0,"upstream_km2":3.0673561096191406,"hand_m":50,"area_in_meters":49.2338981628418,"confidence":0.8641999959945679}},{"type":"Feature","geometry":null,"properties":{"risk_score":1.8367002131628545,"verdict":"RED_BLOCKS_DRAINAGE","lost_frac":0,"flow_frac":1.0,"upstream_km2":7.644046783447266,"hand_m":50,"area_in_meters":840.1605834960938,"confidence":0.9266999959945679}},{"type":"Feature","geometry":null,"properties":{"risk_score":2.755760760469083,"verdict":"RED_BLOCKS_DRAINAGE","lost_frac":0,"flow_frac":1.0,"upstream_km2":24.435365799934633,"hand_m":50,"area_in_meters":102.720703125,"confidence":0.7447999715805054}},{"type":"Feature","geometry":null,"properties":{"risk_score":40.77913737352144,"verdict":"RED_BLOCKS_DRAINAGE","lost_frac":0,"flow_frac":0.9567901234567903,"upstream_km2":2.121394108020827,"hand_m":0.15987707067418983,"area_in_meters":561.65380859375,"confidence":0.7447999715805054}},{"type":"Feature","geometry":null,"properties":{"risk_score":1.8168169333870148,"verdict":"RED_BLOCKS_DRAINAGE","lost_frac":0,"flow_frac":1.0,"upstream_km2":7.444552421569824,"hand_m":50,"area_in_meters":1177.5147705078125,"confidence":0.8697999715805054}},{"type":"Feature","geometry":null,"properties":{"risk_score":1.2102075795824938,"verdict":"RED_BLOCKS_DRAINAGE","lost_frac":0,"flow_frac":1.0,"upstream_km2":3.1419596672058105,"hand_m":50,"area_in_meters":88.5553970336914,"confidence":0.7336000204086304}},{"type":"Feature","geometry":null,"properties":{"risk_score":2.7994755610117856,"verdict":"RED_BLOCKS_DRAINAGE","lost_frac":0,"flow_frac":1.0,"upstream_km2":25.775188446044922,"hand_m":50,"area_in_meters":50.83729934692383,"confidence":0.7336000204086304}},{"type":"Feature","geometry":null,"properties":{"risk_score":19.878977653450818,"verdict":"RED_BLOCKS_DRAINAGE","lost_frac":0,"flow_frac":0.5283018867924528,"upstream_km2":3.9633269492044767,"hand_m":0.8490796359080189,"area_in_meters":363.0527038574219,"confidence":0.7961000204086304}},{"type":"Feature","geometry":null,"properties":{"risk_score":1.2338736348166532,"verdict":"RED_BLOCKS_DRAINAGE","lost_frac":0,"flow_frac":1.0,"upstream_km2":3.258685350418091,"hand_m":50,"area_in_meters":112.00879669189453,"confidence":0.7961000204086304}},{"type":"Feature","geometry":null,"properties":{"risk_score":2.8444058565509076,"verdict":"RED_BLOCKS_DRAINAGE","lost_frac":0,"flow_frac":1.0,"upstream_km2":27.225847244262695,"hand_m":50,"area_in_meters":122.07140350341797,"confidence":0.7961000204086304}},{"type":"Feature","geometry":null,"properties":{"risk_score":16.54038938506355,"verdict":"RED_BLOCKS_DRAINAGE","lost_frac":0,"flow_frac":0.5862068965517241,"upstream_km2":5.774942671302063,"hand_m":1.9448073814655171,"area_in_meters":106.46410369873047,"confidence":0.8586000204086304}},{"type":"Feature","geometry":null,"properties":{"risk_score":2.7057893747707973,"verdict":"RED_BLOCKS_DRAINAGE","lost_frac":0,"flow_frac":1.0,"upstream_km2":22.98571014404297,"hand_m":50,"area_in_meters":79.71910095214844,"confidence":0.8586000204086304}},{"type":"Feature","geometry":null,"properties":{"risk_score":25.720265411031495,"verdict":"AMBER_PARTIAL","lost_frac":0,"flow_frac":0.2702702702702703,"upstream_km2":50.947796950846715,"hand_m":0.8027294262035474,"area_in_meters":129.2480926513672,"confidence":0.8586000204086304}},{"type":"Feature","geometry":null,"properties":{"risk_score":1.7555958063690382,"verdict":"RED_BLOCKS_DRAINAGE","lost_frac":0,"flow_frac":1.0,"upstream_km2":6.858757019042969,"hand_m":50,"area_in_meters":45.223899841308594,"confidence":0.7504000067710876}},{"type":"Feature","geometry":null,"properties":{"risk_score":1.08093138689451,"verdict":"RED_BLOCKS_DRAINAGE","lost_frac":0,"flow_frac":1.0,"upstream_km2":2.558565855026245,"hand_m":50,"area_in_meters":91.79429626464844,"confidence":0.7504000067710876}},{"type":"Feature","geometry":null,"properties":{"risk_score":1.1858824641106303,"verdict":"RED_BLOCKS_DRAINAGE","lost_frac":0,"flow_frac":1.0,"upstream_km2":3.0253167152404785,"hand_m":50,"area_in_meters":42.502201080322266,"confidence":0.8129000067710876}},{"type":"Feature","geometry":null,"properties":{"risk_score":45.66149398272268,"verdict":"RED_BLOCKS_DRAINAGE","lost_frac":0,"flow_frac":0.8352941176470587,"upstream_km2":5.557856884752127,"hand_m":0.4941176470588235,"area_in_meters":1480.6485,"confidence":0.8129000067710876}},{"type":"Feature","geometry":null,"properties":{"risk_score":54.97954266549148,"verdict":"AMBER_PARTIAL","lost_frac":0,"flow_frac":0.3333333333333333,"upstream_km2":73.01468128586808,"hand_m":0.13334147135416669,"area_in_meters":154.67120361328125,"confidence":0.7559999823570251}},{"type":"Feature","geometry":null,"properties":{"risk_score":1.35209720929509,"verdict":"RED_BLOCKS_DRAINAGE","lost_frac":0,"flow_frac":1.0,"upstream_km2":3.8929364681243896,"hand_m":50,"area_in_meters":81.7739028930664,"confidence":0.7559999823570251}},{"type":"Feature","geometry":null,"properties":{"risk_score":2.7574605196361532,"verdict":"RED_BLOCKS_DRAINAGE","lost_frac":0,"flow_frac":1.0,"upstream_km2":24.486186981201172,"hand_m":50,"area_in_meters":413.6341857910156,"confidence":0.8184999823570251}},{"type":"Feature","geometry":null,"properties":{"risk_score":7.494923907714608,"verdict":"AMBER_PARTIAL","lost_frac":0,"flow_frac":0.3136531365313653,"upstream_km2":3.805909085647646,"hand_m":1.8531449096229242,"area_in_meters":939.3475952148438,"confidence":0.8184999823570251}},{"type":"Feature","geometry":null,"properties":{"risk_score":49.95363796118517,"verdict":"RED_BLOCKS_DRAINAGE","lost_frac":0,"flow_frac":0.8372093023255813,"upstream_km2":5.7575271921448925,"hand_m":0.3907016488008721,"area_in_meters":144.1737060546875,"confidence":0.8184999823570251}},{"type":"Feature","geometry":null,"properties":{"risk_score":14.604511652573624,"verdict":"RED_BLOCKS_DRAINAGE","lost_frac":0,"flow_frac":0.6666666666666666,"upstream_km2":1.5640385088821251,"hand_m":0.8666585286458333,"area_in_meters":129.33230590820312,"confidence":0.8809999823570251}},{"type":"Feature","geometry":null,"properties":{"risk_score":2.0007438856512434,"verdict":"RED_BLOCKS_DRAINAGE","lost_frac":0,"flow_frac":1.0,"upstream_km2":9.480436758561568,"hand_m":50,"area_in_meters":796.5477294921875,"confidence":0.8809999823570251}},{"type":"Feature","geometry":null,"properties":{"risk_score":1.2871678626620489,"verdict":"RED_BLOCKS_DRAINAGE","lost_frac":0,"flow_frac":1.0,"upstream_km2":3.5337295532226562,"hand_m":50,"area_in_meters":60.01940155029297,"confidence":0.7671999931335449}},{"type":"Feature","geometry":null,"properties":{"risk_score":1.6591148690961357,"verdict":"RED_BLOCKS_DRAINAGE","lost_frac":0,"flow_frac":0.6521739130434783,"upstream_km2":18.83480008756337,"hand_m":50,"area_in_meters":92.84380340576172,"confidence":0.8296999931335449}},{"type":"Feature","geometry":null,"properties":{"risk_score":2.8378574242611347,"verdict":"RED_BLOCKS_DRAINAGE","lost_frac":0,"flow_frac":1.0,"upstream_km2":27.009624481201172,"hand_m":50,"area_in_meters":989.2822875976562,"confidence":0.8296999931335449}},{"type":"Feature","geometry":null,"properties":{"risk_score":79.10851270461785,"verdict":"RED_BLOCKS_DRAINAGE","lost_frac":0,"flow_frac":0.7647058823529412,"upstream_km2":15.952605950700885,"hand_m":0.18824678308823528,"area_in_meters":177.16720581054688,"confidence":0.8296999931335449}},{"type":"Feature","geometry":null,"properties":{"risk_score":1.7207611418853623,"verdict":"RED_BLOCKS_DRAINAGE","lost_frac":0,"flow_frac":1.0,"upstream_km2":6.543765544891357,"hand_m":50,"area_in_meters":128.97059631347656,"confidence":0.8296999931335449}},{"type":"Feature","geometry":null,"properties":{"risk_score":2.7203739259160153,"verdict":"RED_BLOCKS_DRAINAGE","lost_frac":0,"flow_frac":1.0,"upstream_km2":23.400049209594727,"hand_m":50,"area_in_meters":49.96760177612305,"confidence":0.8296999931335449}},{"type":"Feature","geometry":null,"properties":{"risk_score":54.21342961358515,"verdict":"AMBER_PARTIAL","lost_frac":0,"flow_frac":0.5,"upstream_km2":14.583642624784261,"hand_m":0.0999755859375,"area_in_meters":61.60969924926758,"confidence":0.7616000175476074}},{"type":"Feature","geometry":null,"properties":{"risk_score":2.853425699849971,"verdict":"RED_BLOCKS_DRAINAGE","lost_frac":0,"flow_frac":1.0,"upstream_km2":27.526409149169922,"hand_m":50,"area_in_meters":90.35870361328125,"confidence":0.7616000175476074}},{"type":"Feature","geometry":null,"properties":{"risk_score":2.554438947264178,"verdict":"AMBER_PARTIAL","lost_frac":0,"flow_frac":0.2837837837837838,"upstream_km2":0.8250763541011996,"hand_m":1.9026852169552366,"area_in_meters":247.29139709472656,"confidence":0.8241000175476074}},{"type":"Feature","geometry":null,"properties":{"risk_score":2.7195868167943518,"verdict":"RED_BLOCKS_DRAINAGE","lost_frac":0,"flow_frac":1.0,"upstream_km2":23.377506256103516,"hand_m":50,"area_in_meters":304.0401916503906,"confidence":0.8241000175476074}},{"type":"Feature","geometry":null,"properties":{"risk_score":41.736445101448815,"verdict":"RED_BLOCKS_DRAINAGE","lost_frac":0,"flow_frac":0.6578947368421053,"upstream_km2":16.46119478011602,"hand_m":0.957890560752467,"area_in_meters":130.99330139160156,"confidence":0.8866000175476074}},{"type":"Feature","geometry":null,"properties":{"risk_score":2.754111722614967,"verdict":"RED_BLOCKS_DRAINAGE","lost_frac":0,"flow_frac":1.0,"upstream_km2":24.386157989501953,"hand_m":50,"area_in_meters":221.2678985595703,"confidence":0.8866000175476074}},{"type":"Feature","geometry":null,"properties":{"risk_score":5.639730902772375,"verdict":"AMBER_PARTIAL","lost_frac":0,"flow_frac":0.3137254901960784,"upstream_km2":1.0097199146288867,"hand_m":0.6862745098039216,"area_in_meters":172.31939697265625,"confidence":0.7159000039100647}},{"type":"Feature","geometry":null,"properties":{"risk_score":1.7528822732789648,"verdict":"RED_BLOCKS_DRAINAGE","lost_frac":0,"flow_frac":1.0,"upstream_km2":6.833754539489746,"hand_m":50,"area_in_meters":140.45640563964844,"confidence":0.7784000039100647}},{"type":"Feature","geometry":null,"properties":{"risk_score":1.0082505075556958,"verdict":"RED_BLOCKS_DRAINAGE","lost_frac":0,"flow_frac":1.0,"upstream_km2":2.2674410343170166,"hand_m":50,"area_in_meters":223.8690948486328,"confidence":0.7784000039100647}},{"type":"Feature","geometry":null,"properties":{"risk_score":2.7310682428083584,"verdict":"RED_BLOCKS_DRAINAGE","lost_frac":0,"flow_frac":1.0,"upstream_km2":23.708410263061523,"hand_m":50,"area_in_meters":106.01909637451172,"confidence":0.8409000039100647}},{"type":"Feature","geometry":null,"properties":{"risk_score":2.9128290440072093,"verdict":"RED_BLOCKS_DRAINAGE","lost_frac":0,"flow_frac":1.0,"upstream_km2":29.587417602539062,"hand_m":50,"area_in_meters":250.80960083007812,"confidence":0.9034000039100647}},{"type":"Feature","geometry":null,"properties":{"risk_score":1.2254810334339632,"verdict":"RED_BLOCKS_DRAINAGE","lost_frac":0,"flow_frac":1.0,"upstream_km2":3.2169196605682373,"hand_m":50,"area_in_meters":156.2574005126953,"confidence":0.7839999794960022}},{"type":"Feature","geometry":null,"properties":{"risk_score":2.0241687042529084,"verdict":"RED_BLOCKS_DRAINAGE","lost_frac":0,"flow_frac":1.0,"upstream_km2":9.772736549377441,"hand_m":50,"area_in_meters":101.09010314941406,"confidence":0.8464999794960022}},{"type":"Feature","geometry":null,"properties":{"risk_score":1.184110060343759,"verdict":"RED_BLOCKS_DRAINAGE","lost_frac":0,"flow_frac":1.0,"upstream_km2":3.0169472694396973,"hand_m":50,"area_in_meters":186.96670532226562,"confidence":0.8464999794960022}},{"type":"Feature","geometry":null,"properties":{"risk_score":2.8469166353135766,"verdict":"RED_BLOCKS_DRAINAGE","lost_frac":0,"flow_frac":1.0,"upstream_km2":27.309192657470703,"hand_m":50,"area_in_meters":75.18190002441406,"confidence":0.8464999794960022}},{"type":"Feature","geometry":null,"properties":{"risk_score":5.354054846351919,"verdict":"AMBER_PARTIAL","lost_frac":0,"flow_frac":0.4286995515695068,"upstream_km2":1.369582365839972,"hand_m":1.9999998357798492,"area_in_meters":3851.6957,"confidence":0.9089999794960022}},{"type":"Feature","geometry":null,"properties":{"risk_score":1.617416913734944,"verdict":"GREEN_CLEAR","lost_frac":0,"flow_frac":0.09589041095890412,"upstream_km2":0.735320195963938,"hand_m":0.419189453125,"area_in_meters":224.2895050048828,"confidence":0.9089999794960022}},{"type":"Feature","geometry":null,"properties":{"risk_score":2.710315317268011,"verdict":"RED_BLOCKS_DRAINAGE","lost_frac":0,"flow_frac":1.0,"upstream_km2":23.1135311126709,"hand_m":50,"area_in_meters":87.31179809570312,"confidence":0.8353000283241272}},{"type":"Feature","geometry":null,"properties":{"risk_score":1.0882222936420523,"verdict":"GREEN_CLEAR","lost_frac":0,"flow_frac":0.13043478260869565,"upstream_km2":0.9344803311902543,"hand_m":2.4347719938858696,"area_in_meters":83.12129974365234,"confidence":0.7271000146865845}},{"type":"Feature","geometry":null,"properties":{"risk_score":1.1928882961028775,"verdict":"RED_BLOCKS_DRAINAGE","lost_frac":0,"flow_frac":1.0,"upstream_km2":3.05856990814209,"hand_m":50,"area_in_meters":73.69170379638672,"confidence":0.7271000146865845}},{"type":"Feature","geometry":null,"properties":{"risk_score":2.7203739259160153,"verdict":"RED_BLOCKS_DRAINAGE","lost_frac":0,"flow_frac":1.0,"upstream_km2":23.400049209594727,"hand_m":50,"area_in_meters":52.281700134277344,"confidence":0.7271000146865845}},{"type":"Feature","geometry":null,"properties":{"risk_score":2.707563243983808,"verdict":"RED_BLOCKS_DRAINAGE","lost_frac":0,"flow_frac":1.0,"upstream_km2":23.03572654724121,"hand_m":50,"area_in_meters":45.14619827270508,"confidence":0.7896000146865845}},{"type":"Feature","geometry":null,"properties":{"risk_score":2.367931474729841,"verdict":"RED_BLOCKS_DRAINAGE","lost_frac":0,"flow_frac":1.0,"upstream_km2":15.130396842956543,"hand_m":50,"area_in_meters":108.9843978881836,"confidence":0.8521000146865845}},{"type":"Feature","geometry":null,"properties":{"risk_score":1.0789346998056413,"verdict":"RED_BLOCKS_DRAINAGE","lost_frac":0,"flow_frac":1.0,"upstream_km2":2.550231695175171,"hand_m":50,"area_in_meters":67.7157974243164,"confidence":0.795199990272522}},{"type":"Feature","geometry":null,"properties":{"risk_score":4.384605023010593,"verdict":"AMBER_PARTIAL","lost_frac":0,"flow_frac":0.15625,"upstream_km2":3.820858149265405,"hand_m":1.4343852996826172,"area_in_meters":221.17669677734375,"confidence":0.8633000254631042}},{"type":"Feature","geometry":null,"properties":{"risk_score":1.2254810334339632,"verdict":"RED_BLOCKS_DRAINAGE","lost_frac":0,"flow_frac":1.0,"upstream_km2":3.2169196605682373,"hand_m":50,"area_in_meters":58.05830001831055,"confidence":0.7439000010490417}},{"type":"Feature","geometry":null,"properties":{"risk_score":1.0483981008233028,"verdict":"RED_BLOCKS_DRAINAGE","lost_frac":0,"flow_frac":1.0,"upstream_km2":2.4251770973205566,"hand_m":50,"area_in_meters":53.31850051879883,"confidence":0.8064000010490417}},{"type":"Feature","geometry":null,"properties":{"risk_score":2.626707973705372,"verdict":"RED_BLOCKS_DRAINAGE","lost_frac":0,"flow_frac":1.0,"upstream_km2":20.858535766601562,"hand_m":50,"area_in_meters":105.50140380859375,"confidence":0.8064000010490417}},{"type":"Feature","geometry":null,"properties":{"risk_score":1.5234528176536881,"verdict":"RED_BLOCKS_DRAINAGE","lost_frac":0,"flow_frac":1.0,"upstream_km2":4.983577728271484,"hand_m":50,"area_in_meters":80.26850128173828,"confidence":0.8064000010490417}},{"type":"Feature","geometry":null,"properties":{"risk_score":2.860333540653563,"verdict":"RED_BLOCKS_DRAINAGE","lost_frac":0,"flow_frac":1.0,"upstream_km2":27.758756637573242,"hand_m":50,"area_in_meters":71.6176986694336,"confidence":0.7494999766349792}},{"type":"Feature","geometry":null,"properties":{"risk_score":3.727263939838414,"verdict":"RED_BLOCKS_DRAINAGE","lost_frac":0,"flow_frac":1.0,"upstream_km2":78.59844970703125,"hand_m":50,"area_in_meters":155.2863006591797,"confidence":0.8119999766349792}},{"type":"Feature","geometry":null,"properties":{"risk_score":1.9061250955522893,"verdict":"RED_BLOCKS_DRAINAGE","lost_frac":0,"flow_frac":1.0,"upstream_km2":8.37829303741455,"hand_m":50,"area_in_meters":40.63859939575195,"confidence":0.8119999766349792}},{"type":"Feature","geometry":null,"properties":{"risk_score":1.8058181734407701,"verdict":"RED_BLOCKS_DRAINAGE","lost_frac":0,"flow_frac":1.0,"upstream_km2":7.336183547973633,"hand_m":50,"area_in_meters":107.71730041503906,"confidence":0.8119999766349792}},{"type":"Feature","geometry":null,"properties":{"risk_score":49.809892306097446,"verdict":"RED_BLOCKS_DRAINAGE","lost_frac":0,"flow_frac":0.7272727272727273,"upstream_km2":5.828312932090326,"hand_m":0.21817848899147727,"area_in_meters":40.18159866333008,"confidence":0.8744999766349792}},{"type":"Feature","geometry":null,"properties":{"risk_score":1.8058181734407701,"verdict":"RED_BLOCKS_DRAINAGE","lost_frac":0,"flow_frac":1.0,"upstream_km2":7.336183547973633,"hand_m":50,"area_in_meters":223.90589904785156,"confidence":0.8744999766349792}},{"type":"Feature","geometry":null,"properties":{"risk_score":1.7207611418853623,"verdict":"RED_BLOCKS_DRAINAGE","lost_frac":0,"flow_frac":1.0,"upstream_km2":6.543765544891357,"hand_m":50,"area_in_meters":150.33309936523438,"confidence":0.8744999766349792}},{"type":"Feature","geometry":null,"properties":{"risk_score":2.9424738532717676,"verdict":"RED_BLOCKS_DRAINAGE","lost_frac":0,"flow_frac":1.0,"upstream_km2":30.670991897583008,"hand_m":50,"area_in_meters":94.22830200195312,"confidence":0.7551000118255615}},{"type":"Feature","geometry":null,"properties":{"risk_score":1.0380910002247672,"verdict":"GREEN_CLEAR","lost_frac":0,"flow_frac":0.037037037037037035,"upstream_km2":6.96268789483993,"hand_m":2.214803059895833,"area_in_meters":191.20530700683594,"confidence":0.8176000118255615}},{"type":"Feature","geometry":null,"properties":{"risk_score":2.754950157303483,"verdict":"RED_BLOCKS_DRAINAGE","lost_frac":0,"flow_frac":1.0,"upstream_km2":24.411165237426758,"hand_m":50,"area_in_meters":65.8833999633789,"confidence":0.8801000118255615}},{"type":"Feature","geometry":null,"properties":{"risk_score":2.9139885607176033,"verdict":"RED_BLOCKS_DRAINAGE","lost_frac":0,"flow_frac":1.0,"upstream_km2":29.62909507751465,"hand_m":50,"area_in_meters":173.29969787597656,"confidence":0.8801000118255615}},{"type":"Feature","geometry":null,"properties":{"risk_score":2.7574605196361532,"verdict":"RED_BLOCKS_DRAINAGE","lost_frac":0,"flow_frac":1.0,"upstream_km2":24.486186981201172,"hand_m":50,"area_in_meters":256.0953063964844,"confidence":0.8801000118255615}},{"type":"Feature","geometry":null,"properties":{"risk_score":2.1718419093465227,"verdict":"RED_BLOCKS_DRAINAGE","lost_frac":0,"flow_frac":1.0,"upstream_km2":11.812662124633789,"hand_m":50,"area_in_meters":135.39630126953125,"confidence":0.760699987411499}},{"type":"Feature","geometry":null,"properties":{"risk_score":1.0379858295247464,"verdict":"RED_BLOCKS_DRAINAGE","lost_frac":0,"flow_frac":1.0,"upstream_km2":2.3835513591766357,"hand_m":50,"area_in_meters":128.92999267578125,"confidence":0.760699987411499}},{"type":"Feature","geometry":null,"properties":{"risk_score":25.22502236388693,"verdict":"RED_BLOCKS_DRAINAGE","lost_frac":0,"flow_frac":0.782608695652174,"upstream_km2":2.408224938356358,"hand_m":0.6521739130434783,"area_in_meters":236.97999572753906,"confidence":0.823199987411499}},{"type":"Feature","geometry":null,"properties":{"risk_score":2.707563243983808,"verdict":"RED_BLOCKS_DRAINAGE","lost_frac":0,"flow_frac":1.0,"upstream_km2":23.03572654724121,"hand_m":50,"area_in_meters":255.63380432128906,"confidence":0.823199987411499}},{"type":"Feature","geometry":null,"properties":{"risk_score":1.8168169333870148,"verdict":"RED_BLOCKS_DRAINAGE","lost_frac":0,"flow_frac":1.0,"upstream_km2":7.444552421569824,"hand_m":50,"area_in_meters":78.18800354003906,"confidence":0.823199987411499}},{"type":"Feature","geometry":null,"properties":{"risk_score":1.9809803131523789,"verdict":"GREEN_CLEAR","lost_frac":0,"flow_frac":0.09375,"upstream_km2":2.2937566799810156,"hand_m":1.4499778747558594,"area_in_meters":128.44259643554688,"confidence":0.7774999737739563}},{"type":"Feature","geometry":null,"properties":{"risk_score":1.0607547461300972,"verdict":"RED_BLOCKS_DRAINAGE","lost_frac":0,"flow_frac":1.0,"upstream_km2":2.47524094581604,"hand_m":50,"area_in_meters":317.5675048828125,"confidence":0.8399999737739563}},{"type":"Feature","geometry":null,"properties":{"risk_score":28.242010905258404,"verdict":"AMBER_PARTIAL","lost_frac":0,"flow_frac":0.3333333333333333,"upstream_km2":8.125050272792578,"hand_m":0.13334147135416666,"area_in_meters":51.734901428222656,"confidence":0.8399999737739563}},{"type":"Feature","geometry":null,"properties":{"risk_score":1.1553618013596088,"verdict":"RED_BLOCKS_DRAINAGE","lost_frac":0,"flow_frac":1.0,"upstream_km2":2.8836002349853516,"hand_m":50,"area_in_meters":88.08809661865234,"confidence":0.8399999737739563}},{"type":"Feature","geometry":null,"properties":{"risk_score":2.7310682428083584,"verdict":"RED_BLOCKS_DRAINAGE","lost_frac":0,"flow_frac":1.0,"upstream_km2":23.708410263061523,"hand_m":50,"area_in_meters":238.59539794921875,"confidence":0.8399999737739563}},{"type":"Feature","geometry":null,"properties":{"risk_score":2.1032280440847284,"verdict":"RED_BLOCKS_DRAINAGE","lost_frac":0,"flow_frac":1.0,"upstream_km2":10.820784568786621,"hand_m":50,"area_in_meters":133.72659301757812,"confidence":0.9024999737739563}},{"type":"Feature","geometry":null,"properties":{"risk_score":3.727263939838414,"verdict":"RED_BLOCKS_DRAINAGE","lost_frac":0,"flow_frac":1.0,"upstream_km2":78.59844970703125,"hand_m":50,"area_in_meters":50.495399475097656,"confidence":0.7038000226020813}},{"type":"Feature","geometry":null,"properties":{"risk_score":1.1375544999044707,"verdict":"RED_BLOCKS_DRAINAGE","lost_frac":0,"flow_frac":0.92,"upstream_km2":3.2717011737823487,"hand_m":50,"area_in_meters":99.47450256347656,"confidence":0.7663000226020813}},{"type":"Feature","geometry":null,"properties":{"risk_score":9.601986271126075,"verdict":"AMBER_PARTIAL","lost_frac":0,"flow_frac":0.3541666666666667,"upstream_km2":2.8573038245473676,"hand_m":1.1624921162923176,"area_in_meters":159.9351043701172,"confidence":0.8288000226020813}},{"type":"Feature","geometry":null,"properties":{"risk_score":29.745500449484524,"verdict":"AMBER_PARTIAL","lost_frac":0,"flow_frac":0.3333333333333333,"upstream_km2":9.264031281073887,"hand_m":0.13330078125,"area_in_meters":202.310302734375,"confidence":0.8288000226020813}},{"type":"Feature","geometry":null,"properties":{"risk_score":1.027435735880982,"verdict":"RED_BLOCKS_DRAINAGE","lost_frac":0,"flow_frac":1.0,"upstream_km2":2.341890573501587,"hand_m":50,"area_in_meters":59.45819854736328,"confidence":0.8343999981880188}},{"type":"Feature","geometry":null,"properties":{"risk_score":2.7203739259160153,"verdict":"RED_BLOCKS_DRAINAGE","lost_frac":0,"flow_frac":1.0,"upstream_km2":23.400049209594727,"hand_m":50,"area_in_meters":58.35179901123047,"confidence":0.8343999981880188}},{"type":"Feature","geometry":null,"properties":{"risk_score":2.785038840051561,"verdict":"RED_BLOCKS_DRAINAGE","lost_frac":0,"flow_frac":1.0,"upstream_km2":25.32508659362793,"hand_m":50,"area_in_meters":181.6049041748047,"confidence":0.8968999981880188}},{"type":"Feature","geometry":null,"properties":{"risk_score":1.2102075795824938,"verdict":"RED_BLOCKS_DRAINAGE","lost_frac":0,"flow_frac":1.0,"upstream_km2":3.1419596672058105,"hand_m":50,"area_in_meters":65.10549926757812,"confidence":0.7206000089645386}},{"type":"Feature","geometry":null,"properties":{"risk_score":2.711688025763225,"verdict":"RED_BLOCKS_DRAINAGE","lost_frac":0,"flow_frac":1.0,"upstream_km2":23.152433395385742,"hand_m":50,"area_in_meters":223.658203125,"confidence":0.7831000089645386}},{"type":"Feature","geometry":null,"properties":{"risk_score":4.810136712832472,"verdict":"AMBER_PARTIAL","lost_frac":0,"flow_frac":0.2222222222222222,"upstream_km2":0.7787662827306324,"hand_m":0.155517578125,"area_in_meters":42.683101654052734,"confidence":0.7831000089645386}},{"type":"Feature","geometry":null,"properties":{"risk_score":1.0769333773081167,"verdict":"RED_BLOCKS_DRAINAGE","lost_frac":0,"flow_frac":1.0,"upstream_km2":2.541897773742676,"hand_m":50,"area_in_meters":116.23600006103516,"confidence":0.8456000089645386}},{"type":"Feature","geometry":null,"properties":{"risk_score":2.626707973705372,"verdict":"RED_BLOCKS_DRAINAGE","lost_frac":0,"flow_frac":1.0,"upstream_km2":20.858535766601562,"hand_m":50,"area_in_meters":56.289398193359375,"confidence":0.8456000089645386}},{"type":"Feature","geometry":null,"properties":{"risk_score":2.754950157303483,"verdict":"RED_BLOCKS_DRAINAGE","lost_frac":0,"flow_frac":1.0,"upstream_km2":24.411165237426758,"hand_m":50,"area_in_meters":229.3668975830078,"confidence":0.9081000089645386}},{"type":"Feature","geometry":null,"properties":{"risk_score":1.0400836295383193,"verdict":"RED_BLOCKS_DRAINAGE","lost_frac":0,"flow_frac":1.0,"upstream_km2":2.391896963119507,"hand_m":50,"area_in_meters":80.18789672851562,"confidence":0.8511999845504761}},{"type":"Feature","geometry":null,"properties":{"risk_score":1.876015006290117,"verdict":"RED_BLOCKS_DRAINAGE","lost_frac":0,"flow_frac":1.0,"upstream_km2":8.052481651306152,"hand_m":50,"area_in_meters":105.45659637451172,"confidence":0.8511999845504761}},{"type":"Feature","geometry":null,"properties":{"risk_score":4.727080515841544,"verdict":"RED_BLOCKS_DRAINAGE","lost_frac":0,"flow_frac":1.0,"upstream_km2":256.52005894136744,"hand_m":50,"area_in_meters":520.0501708984375,"confidence":0.8679999709129333}},{"type":"Feature","geometry":null,"properties":{"risk_score":4.593090623036523,"verdict":"RED_BLOCKS_DRAINAGE","lost_frac":0,"flow_frac":1.0,"upstream_km2":219.02712180397725,"hand_m":50,"area_in_meters":585.971923828125,"confidence":0.8679999709129333}},{"type":"Feature","geometry":null,"properties":{"risk_score":1.32092996898325,"verdict":"RED_BLOCKS_DRAINAGE","lost_frac":0,"flow_frac":1.0,"upstream_km2":3.7170913219451904,"hand_m":50,"area_in_meters":126.80500030517578,"confidence":0.8568000197410583}},{"type":"Feature","geometry":null,"properties":{"risk_score":2.8605802543402374,"verdict":"RED_BLOCKS_DRAINAGE","lost_frac":0,"flow_frac":1.0,"upstream_km2":27.76708984375,"hand_m":50,"area_in_meters":57.65729904174805,"confidence":0.7373999953269958}},{"type":"Feature","geometry":null,"properties":{"risk_score":2.707563243983808,"verdict":"RED_BLOCKS_DRAINAGE","lost_frac":0,"flow_frac":1.0,"upstream_km2":23.03572654724121,"hand_m":50,"area_in_meters":45.333099365234375,"confidence":0.7373999953269958}},{"type":"Feature","geometry":null,"properties":{"risk_score":2.8927771974096195,"verdict":"RED_BLOCKS_DRAINAGE","lost_frac":0,"flow_frac":1.0,"upstream_km2":28.875581741333008,"hand_m":50,"area_in_meters":109.42549896240234,"confidence":0.7998999953269958}},{"type":"Feature","geometry":null,"properties":{"risk_score":1.5594492031040474,"verdict":"RED_BLOCKS_DRAINAGE","lost_frac":0,"flow_frac":1.0,"upstream_km2":5.2419328689575195,"hand_m":50,"area_in_meters":44.742401123046875,"confidence":0.7998999953269958}},{"type":"Feature","geometry":null,"properties":{"risk_score":1.8021625534832615,"verdict":"RED_BLOCKS_DRAINAGE","lost_frac":0,"flow_frac":1.0,"upstream_km2":7.300474166870117,"hand_m":50,"area_in_meters":333.56451416015625,"confidence":0.7998999953269958}},{"type":"Feature","geometry":null,"properties":{"risk_score":2.903884871707073,"verdict":"RED_BLOCKS_DRAINAGE","lost_frac":0,"flow_frac":1.0,"upstream_km2":29.26782989501953,"hand_m":50,"area_in_meters":89.02899932861328,"confidence":0.8623999953269958}},{"type":"Feature","geometry":null,"properties":{"risk_score":2.860333540653563,"verdict":"RED_BLOCKS_DRAINAGE","lost_frac":0,"flow_frac":1.0,"upstream_km2":27.758756637573242,"hand_m":50,"area_in_meters":55.0984001159668,"confidence":0.7541999816894531}},{"type":"Feature","geometry":null,"properties":{"risk_score":2.7181296218205406,"verdict":"RED_BLOCKS_DRAINAGE","lost_frac":0,"flow_frac":1.0,"upstream_km2":23.335826873779297,"hand_m":50,"area_in_meters":90.62699890136719,"confidence":0.7541999816894531}},{"type":"Feature","geometry":null,"properties":{"risk_score":3.6644506389741767,"verdict":"RED_BLOCKS_DRAINAGE","lost_frac":0,"flow_frac":1.0,"upstream_km2":72.93836212158203,"hand_m":50,"area_in_meters":154.51089477539062,"confidence":0.8166999816894531}},{"type":"Feature","geometry":null,"properties":{"risk_score":1.192906154598093,"verdict":"RED_BLOCKS_DRAINAGE","lost_frac":0,"flow_frac":1.0,"upstream_km2":3.058655023574829,"hand_m":50,"area_in_meters":104.58180236816406,"confidence":0.8166999816894531}},{"type":"Feature","geometry":null,"properties":{"risk_score":1.2271810506247398,"verdict":"RED_BLOCKS_DRAINAGE","lost_frac":0,"flow_frac":1.0,"upstream_km2":3.225346565246582,"hand_m":50,"area_in_meters":54.60070037841797,"confidence":0.8166999816894531}},{"type":"Feature","geometry":null,"properties":{"risk_score":1.7822664623711828,"verdict":"RED_BLOCKS_DRAINAGE","lost_frac":0,"flow_frac":1.0,"upstream_km2":7.1087870597839355,"hand_m":50,"area_in_meters":257.010009765625,"confidence":0.8111000061035156}},{"type":"Feature","geometry":null,"properties":{"risk_score":95.58067804548764,"verdict":"RED_BLOCKS_DRAINAGE","lost_frac":0,"flow_frac":0.9604743083003953,"upstream_km2":9.161082941582315,"hand_m":0.01185722501852767,"area_in_meters":867.7763061523438,"confidence":0.8111000061035156}},{"type":"Feature","geometry":null,"properties":{"risk_score":1.0483981008233028,"verdict":"RED_BLOCKS_DRAINAGE","lost_frac":0,"flow_frac":1.0,"upstream_km2":2.4251770973205566,"hand_m":50,"area_in_meters":106.10389709472656,"confidence":0.8111000061035156}},{"type":"Feature","geometry":null,"properties":{"risk_score":9.33021507954927,"verdict":"RED_BLOCKS_DRAINAGE","lost_frac":0,"flow_frac":0.5465116279069767,"upstream_km2":1.3975106793087584,"hand_m":1.2244241403978924,"area_in_meters":279.215087890625,"confidence":0.8736000061035156}},{"type":"Feature","geometry":null,"properties":{"risk_score":2.02990023552207,"verdict":"RED_BLOCKS_DRAINAGE","lost_frac":0,"flow_frac":1.0,"upstream_km2":9.845488548278809,"hand_m":50,"area_in_meters":121.28160095214844,"confidence":0.8736000061035156}},{"type":"Feature","geometry":null,"properties":{"risk_score":43.78164524757658,"verdict":"RED_BLOCKS_DRAINAGE","lost_frac":0,"flow_frac":0.64,"upstream_km2":18.941948634535073,"hand_m":0.8999999999999999,"area_in_meters":90.33350372314453,"confidence":0.7598000168800354}},{"type":"Feature","geometry":null,"properties":{"risk_score":9.107767456154885,"verdict":"AMBER_PARTIAL","lost_frac":0,"flow_frac":0.32738095238095233,"upstream_km2":3.363795878897821,"hand_m":1.3000085013253346,"area_in_meters":571.4915161132812,"confidence":0.8223000168800354}},{"type":"Feature","geometry":null,"properties":{"risk_score":1.0379858295247464,"verdict":"RED_BLOCKS_DRAINAGE","lost_frac":0,"flow_frac":1.0,"upstream_km2":2.3835513591766357,"hand_m":50,"area_in_meters":75.11260223388672,"confidence":0.8223000168800354}},{"type":"Feature","geometry":null,"properties":{"risk_score":2.7441794746203723,"verdict":"RED_BLOCKS_DRAINAGE","lost_frac":0,"flow_frac":1.0,"upstream_km2":24.09178352355957,"hand_m":50,"area_in_meters":510.3163146972656,"confidence":0.9473000168800354}},{"type":"Feature","geometry":null,"properties":{"risk_score":2.707563243983808,"verdict":"RED_BLOCKS_DRAINAGE","lost_frac":0,"flow_frac":1.0,"upstream_km2":23.03572654724121,"hand_m":50,"area_in_meters":144.91600036621094,"confidence":0.8278999924659729}},{"type":"Feature","geometry":null,"properties":{"risk_score":2.7441794746203723,"verdict":"RED_BLOCKS_DRAINAGE","lost_frac":0,"flow_frac":1.0,"upstream_km2":24.09178352355957,"hand_m":50,"area_in_meters":159.72259521484375,"confidence":0.8903999924659729}},{"type":"Feature","geometry":null,"properties":{"risk_score":11.257811128928939,"verdict":"AMBER_PARTIAL","lost_frac":0,"flow_frac":0.2274809160305343,"upstream_km2":5.986315832895632,"hand_m":0.7059298216841602,"area_in_meters":2250.3698,"confidence":0.8903999924659729}},{"type":"Feature","geometry":null,"properties":{"risk_score":1.32092996898325,"verdict":"RED_BLOCKS_DRAINAGE","lost_frac":0,"flow_frac":1.0,"upstream_km2":3.7170913219451904,"hand_m":50,"area_in_meters":93.9728012084961,"confidence":0.7821999788284302}},{"type":"Feature","geometry":null,"properties":{"risk_score":1.2553625720487296,"verdict":"RED_BLOCKS_DRAINAGE","lost_frac":0,"flow_frac":1.0,"upstream_km2":3.3675200939178467,"hand_m":50,"area_in_meters":46.9098014831543,"confidence":0.8446999788284302}},{"type":"Feature","geometry":null,"properties":{"risk_score":112.71600015884586,"verdict":"RED_BLOCKS_DRAINAGE","lost_frac":0,"flow_frac":0.9099099099099098,"upstream_km2":27.970767585275407,"hand_m":0.18018018018018017,"area_in_meters":384.3424072265625,"confidence":0.8446999788284302}},{"type":"Feature","geometry":null,"properties":{"risk_score":2.1718419093465227,"verdict":"RED_BLOCKS_DRAINAGE","lost_frac":0,"flow_frac":1.0,"upstream_km2":11.812662124633789,"hand_m":50,"area_in_meters":92.33940124511719,"confidence":0.8446999788284302}},{"type":"Feature","geometry":null,"properties":{"risk_score":1.3591785419052378,"verdict":"RED_BLOCKS_DRAINAGE","lost_frac":0,"flow_frac":1.0,"upstream_km2":3.9337944984436035,"hand_m":50,"area_in_meters":117.24749755859375,"confidence":0.8446999788284302}},{"type":"Feature","geometry":null,"properties":{"risk_score":1.000092615159986,"verdict":"RED_BLOCKS_DRAINAGE","lost_frac":0,"flow_frac":1.0,"upstream_km2":2.2362885278813973,"hand_m":50,"area_in_meters":291.130615234375,"confidence":0.8446999788284302}},{"type":"Feature","geometry":null,"properties":{"risk_score":10.583180804146144,"verdict":"RED_BLOCKS_DRAINAGE","lost_frac":0,"flow_frac":0.6538461538461539,"upstream_km2":1.8392905591485593,"hand_m":1.8000042255108173,"area_in_meters":162.48390197753906,"confidence":0.9071999788284302}},{"type":"Feature","geometry":null,"properties":{"risk_score":37.50784552264151,"verdict":"RED_BLOCKS_DRAINAGE","lost_frac":0,"flow_frac":0.6504065040650407,"upstream_km2":14.961407474594239,"hand_m":1.086191068819868,"area_in_meters":867.4616088867188,"confidence":0.9071999788284302}},{"type":"Feature","geometry":null,"properties":{"risk_score":2.6396542749297622,"verdict":"RED_BLOCKS_DRAINAGE","lost_frac":0,"flow_frac":1.0,"upstream_km2":21.193391799926758,"hand_m":50,"area_in_meters":117.31800079345703,"confidence":0.8335000276565552}},{"type":"Feature","geometry":null,"properties":{"risk_score":2.711830997032199,"verdict":"RED_BLOCKS_DRAINAGE","lost_frac":0,"flow_frac":1.0,"upstream_km2":23.156488779428845,"hand_m":50,"area_in_meters":128.67529296875,"confidence":0.8335000276565552}},{"type":"Feature","geometry":null,"properties":{"risk_score":1.3072678083372562,"verdict":"RED_BLOCKS_DRAINAGE","lost_frac":0,"flow_frac":1.0,"upstream_km2":3.6420154571533203,"hand_m":50,"area_in_meters":74.74510192871094,"confidence":0.8960000276565552}},{"type":"Feature","geometry":null,"properties":{"risk_score":1.0971679215378938,"verdict":"RED_BLOCKS_DRAINAGE","lost_frac":0,"flow_frac":1.0,"upstream_km2":2.6270675173345603,"hand_m":50,"area_in_meters":1795.8284912109375,"confidence":0.8960000276565552}},{"type":"Feature","geometry":null,"properties":{"risk_score":2.7086593503592282,"verdict":"RED_BLOCKS_DRAINAGE","lost_frac":0,"flow_frac":1.0,"upstream_km2":23.06668472290039,"hand_m":50,"area_in_meters":53.37879943847656,"confidence":0.7141000032424927}},{"type":"Feature","geometry":null,"properties":{"risk_score":1.2271810506247398,"verdict":"RED_BLOCKS_DRAINAGE","lost_frac":0,"flow_frac":1.0,"upstream_km2":3.225346565246582,"hand_m":50,"area_in_meters":213.4501953125,"confidence":0.7766000032424927}},{"type":"Feature","geometry":null,"properties":{"risk_score":2.626707973705372,"verdict":"RED_BLOCKS_DRAINAGE","lost_frac":0,"flow_frac":1.0,"upstream_km2":20.858535766601562,"hand_m":50,"area_in_meters":63.089698791503906,"confidence":0.7766000032424927}},{"type":"Feature","geometry":null,"properties":{"risk_score":1.2271810506247398,"verdict":"RED_BLOCKS_DRAINAGE","lost_frac":0,"flow_frac":1.0,"upstream_km2":3.225346565246582,"hand_m":50,"area_in_meters":223.20579528808594,"confidence":0.8391000032424927}},{"type":"Feature","geometry":null,"properties":{"risk_score":1.0483981008233028,"verdict":"RED_BLOCKS_DRAINAGE","lost_frac":0,"flow_frac":1.0,"upstream_km2":2.4251770973205566,"hand_m":50,"area_in_meters":78.51480102539062,"confidence":0.8391000032424927}},{"type":"Feature","geometry":null,"properties":{"risk_score":2.726258167272088,"verdict":"RED_BLOCKS_DRAINAGE","lost_frac":0,"flow_frac":1.0,"upstream_km2":23.569236755371094,"hand_m":50,"area_in_meters":67.06739807128906,"confidence":0.73089998960495}},{"type":"Feature","geometry":null,"properties":{"risk_score":1.5305396083603726,"verdict":"RED_BLOCKS_DRAINAGE","lost_frac":0,"flow_frac":1.0,"upstream_km2":5.033581733703613,"hand_m":50,"area_in_meters":70.2031021118164,"confidence":0.79339998960495}},{"type":"Feature","geometry":null,"properties":{"risk_score":75.84047963115287,"verdict":"RED_BLOCKS_DRAINAGE","lost_frac":0,"flow_frac":0.8,"upstream_km2":19.33540857434273,"hand_m":0.3800048828125,"area_in_meters":101.80079650878906,"confidence":0.85589998960495}},{"type":"Feature","geometry":null,"properties":{"risk_score":1.9779404050100857,"verdict":"RED_BLOCKS_DRAINAGE","lost_frac":0,"flow_frac":1.0,"upstream_km2":9.203510284423828,"hand_m":50,"area_in_meters":44.72010040283203,"confidence":0.7253000140190125}},{"type":"Feature","geometry":null,"properties":{"risk_score":77.98038338200931,"verdict":"RED_BLOCKS_DRAINAGE","lost_frac":0,"flow_frac":0.8,"upstream_km2":16.688495427370075,"hand_m":0.2800048828125,"area_in_meters":66.36060333251953,"confidence":0.8101999759674072}},{"type":"Feature","geometry":null,"properties":{"risk_score":4.984162290612973,"verdict":"AMBER_PARTIAL","lost_frac":0,"flow_frac":0.18018018018018017,"upstream_km2":2.187134499015572,"hand_m":0.8198198198198197,"area_in_meters":378.172607421875,"confidence":0.8726999759674072}},{"type":"Feature","geometry":null,"properties":{"risk_score":2.8118144206282016,"verdict":"RED_BLOCKS_DRAINAGE","lost_frac":0,"flow_frac":1.0,"upstream_km2":26.16597861748237,"hand_m":50,"area_in_meters":261.24700927734375,"confidence":0.9351999759674072}},{"type":"Feature","geometry":null,"properties":{"risk_score":2.711688025763225,"verdict":"RED_BLOCKS_DRAINAGE","lost_frac":0,"flow_frac":1.0,"upstream_km2":23.152433395385742,"hand_m":50,"area_in_meters":90.94999694824219,"confidence":0.7365000247955322}},{"type":"Feature","geometry":null,"properties":{"risk_score":2.8605802543402374,"verdict":"RED_BLOCKS_DRAINAGE","lost_frac":0,"flow_frac":1.0,"upstream_km2":27.76708984375,"hand_m":50,"area_in_meters":58.36790084838867,"confidence":0.7990000247955322}},{"type":"Feature","geometry":null,"properties":{"risk_score":2.9128290440072093,"verdict":"RED_BLOCKS_DRAINAGE","lost_frac":0,"flow_frac":1.0,"upstream_km2":29.587417602539062,"hand_m":50,"area_in_meters":155.06590270996094,"confidence":0.7990000247955322}},{"type":"Feature","geometry":null,"properties":{"risk_score":1.2221083421189252,"verdict":"RED_BLOCKS_DRAINAGE","lost_frac":0,"flow_frac":1.0,"upstream_km2":3.2002511024475098,"hand_m":50,"area_in_meters":51.097801208496094,"confidence":0.7990000247955322}},{"type":"Feature","geometry":null,"properties":{"risk_score":1.2050599037414342,"verdict":"RED_BLOCKS_DRAINAGE","lost_frac":0,"flow_frac":1.0,"upstream_km2":3.116997003555298,"hand_m":50,"area_in_meters":133.92430114746094,"confidence":0.7990000247955322}},{"type":"Feature","geometry":null,"properties":{"risk_score":1.0463346721211475,"verdict":"RED_BLOCKS_DRAINAGE","lost_frac":0,"flow_frac":1.0,"upstream_km2":2.4168875217437744,"hand_m":50,"area_in_meters":102.1427001953125,"confidence":0.8615000247955322}},{"type":"Feature","geometry":null,"properties":{"risk_score":80.013097897744,"verdict":"RED_BLOCKS_DRAINAGE","lost_frac":0,"flow_frac":0.8333333333333334,"upstream_km2":25.560549117469538,"hand_m":0.48333740234374994,"area_in_meters":84.660400390625,"confidence":0.8615000247955322}},{"type":"Feature","geometry":null,"properties":{"risk_score":1.0483981008233028,"verdict":"RED_BLOCKS_DRAINAGE","lost_frac":0,"flow_frac":1.0,"upstream_km2":2.4251770973205566,"hand_m":50,"area_in_meters":79.83989715576172,"confidence":0.8615000247955322}},{"type":"Feature","geometry":null,"properties":{"risk_score":1.7301189979849534,"verdict":"RED_BLOCKS_DRAINAGE","lost_frac":0,"flow_frac":1.0,"upstream_km2":6.627121925354004,"hand_m":50,"area_in_meters":254.63949584960938,"confidence":0.7421000003814697}},{"type":"Feature","geometry":null,"properties":{"risk_score":1.32092996898325,"verdict":"RED_BLOCKS_DRAINAGE","lost_frac":0,"flow_frac":1.0,"upstream_km2":3.7170913219451904,"hand_m":50,"area_in_meters":178.57960510253906,"confidence":0.8046000003814697}},{"type":"Feature","geometry":null,"properties":{"risk_score":2.626707973705372,"verdict":"RED_BLOCKS_DRAINAGE","lost_frac":0,"flow_frac":1.0,"upstream_km2":20.858535766601562,"hand_m":50,"area_in_meters":130.1903076171875,"confidence":0.8046000003814697}},{"type":"Feature","geometry":null,"properties":{"risk_score":2.1327294797726206,"verdict":"RED_BLOCKS_DRAINAGE","lost_frac":0,"flow_frac":1.0,"upstream_km2":11.237481117248535,"hand_m":50,"area_in_meters":775.6566162109375,"confidence":0.9296000003814697}},{"type":"Feature","geometry":null,"properties":{"risk_score":2.625733414849012,"verdict":"RED_BLOCKS_DRAINAGE","lost_frac":0,"flow_frac":1.0,"upstream_km2":20.833534240722656,"hand_m":50,"area_in_meters":111.06529998779297,"confidence":0.821399986743927}},{"type":"Feature","geometry":null,"properties":{"risk_score":2.8444058565509076,"verdict":"RED_BLOCKS_DRAINAGE","lost_frac":0,"flow_frac":1.0,"upstream_km2":27.225847244262695,"hand_m":50,"area_in_meters":232.37840270996094,"confidence":0.821399986743927}},{"type":"Feature","geometry":null,"properties":{"risk_score":5.4166833034597,"verdict":"GREEN_CLEAR","lost_frac":0,"flow_frac":0.058823529411764705,"upstream_km2":11.421687715193805,"hand_m":0.1882467830882353,"area_in_meters":61.861900329589844,"confidence":0.821399986743927}},{"type":"Feature","geometry":null,"properties":{"risk_score":1.0015619133127636,"verdict":"RED_BLOCKS_DRAINAGE","lost_frac":0,"flow_frac":1.0,"upstream_km2":2.241877317428589,"hand_m":50,"area_in_meters":203.3489990234375,"confidence":0.883899986743927}},{"type":"Feature","geometry":null,"properties":{"risk_score":2.900675722840846,"verdict":"RED_BLOCKS_DRAINAGE","lost_frac":0,"flow_frac":1.0,"upstream_km2":29.15397834777832,"hand_m":50,"area_in_meters":215.18099975585938,"confidence":0.946399986743927}},{"type":"Feature","geometry":null,"properties":{"risk_score":1.5398549514331459,"verdict":"AMBER_PARTIAL","lost_frac":0,"flow_frac":0.2413793103448276,"upstream_km2":0.5474654335913987,"hand_m":1.9723952720905171,"area_in_meters":206.18919372558594,"confidence":0.7533000111579895}},{"type":"Feature","geometry":null,"properties":{"risk_score":1.0442439543812836,"verdict":"RED_BLOCKS_DRAINAGE","lost_frac":0,"flow_frac":1.0,"upstream_km2":2.408508777618408,"hand_m":50,"area_in_meters":234.6092071533203,"confidence":0.7533000111579895}},{"type":"Feature","geometry":null,"properties":{"risk_score":19.61461953713411,"verdict":"AMBER_PARTIAL","lost_frac":0,"flow_frac":0.4426229508196722,"upstream_km2":10.498531777747587,"hand_m":1.3934426229508197,"area_in_meters":197.5836944580078,"confidence":0.8158000111579895}},{"type":"Feature","geometry":null,"properties":{"risk_score":2.7271244655376394,"verdict":"RED_BLOCKS_DRAINAGE","lost_frac":0,"flow_frac":1.0,"upstream_km2":23.5942440032959,"hand_m":50,"area_in_meters":346.72711181640625,"confidence":0.8158000111579895}},{"type":"Feature","geometry":null,"properties":{"risk_score":1.2871678626620489,"verdict":"RED_BLOCKS_DRAINAGE","lost_frac":0,"flow_frac":1.0,"upstream_km2":3.5337295532226562,"hand_m":50,"area_in_meters":237.51220703125,"confidence":0.8783000111579895}},{"type":"Feature","geometry":null,"properties":{"risk_score":1.08093138689451,"verdict":"RED_BLOCKS_DRAINAGE","lost_frac":0,"flow_frac":1.0,"upstream_km2":2.558565855026245,"hand_m":50,"area_in_meters":141.23609924316406,"confidence":0.7075999975204468}},{"type":"Feature","geometry":null,"properties":{"risk_score":2.711688025763225,"verdict":"RED_BLOCKS_DRAINAGE","lost_frac":0,"flow_frac":1.0,"upstream_km2":23.152433395385742,"hand_m":50,"area_in_meters":194.3061065673828,"confidence":0.7700999975204468}},{"type":"Feature","geometry":null,"properties":{"risk_score":2.7122756430907033,"verdict":"RED_BLOCKS_DRAINAGE","lost_frac":0,"flow_frac":1.0,"upstream_km2":23.169105529785156,"hand_m":50,"area_in_meters":214.72430419921875,"confidence":0.8325999975204468}},{"type":"Feature","geometry":null,"properties":{"risk_score":2.7279899493783475,"verdict":"RED_BLOCKS_DRAINAGE","lost_frac":0,"flow_frac":1.0,"upstream_km2":23.619253158569336,"hand_m":50,"area_in_meters":92.09049987792969,"confidence":0.8325999975204468}},{"type":"Feature","geometry":null,"properties":{"risk_score":1.3027723220978629,"verdict":"RED_BLOCKS_DRAINAGE","lost_frac":0,"flow_frac":1.0,"upstream_km2":3.6175742149353027,"hand_m":50,"area_in_meters":46.50230026245117,"confidence":0.8950999975204468}},{"type":"Feature","geometry":null,"properties":{"risk_score":21.68049973349496,"verdict":"RED_BLOCKS_DRAINAGE","lost_frac":0,"flow_frac":0.6829268292682927,"upstream_km2":2.1524649387816104,"hand_m":0.5707278367949696,"area_in_meters":144.29359436035156,"confidence":0.8950999975204468}},{"type":"Feature","geometry":null,"properties":{"risk_score":1.2871678626620489,"verdict":"RED_BLOCKS_DRAINAGE","lost_frac":0,"flow_frac":1.0,"upstream_km2":3.5337295532226562,"hand_m":50,"area_in_meters":57.29970169067383,"confidence":0.7131999731063843}},{"type":"Feature","geometry":null,"properties":{"risk_score":2.9139885607176033,"verdict":"RED_BLOCKS_DRAINAGE","lost_frac":0,"flow_frac":1.0,"upstream_km2":29.62909507751465,"hand_m":50,"area_in_meters":223.60350036621094,"confidence":0.7756999731063843}},{"type":"Feature","geometry":null,"properties":{"risk_score":1.1429842890849733,"verdict":"RED_BLOCKS_DRAINAGE","lost_frac":0,"flow_frac":1.0,"upstream_km2":2.8275598246475746,"hand_m":50,"area_in_meters":101.57939910888672,"confidence":0.7756999731063843}},{"type":"Feature","geometry":null,"properties":{"risk_score":3.317326458865645,"verdict":"RED_BLOCKS_DRAINAGE","lost_frac":0,"flow_frac":1.0,"upstream_km2":48.18543243408203,"hand_m":50,"area_in_meters":93.28980255126953,"confidence":0.7756999731063843}},{"type":"Feature","geometry":null,"properties":{"risk_score":2.8590987292321377,"verdict":"RED_BLOCKS_DRAINAGE","lost_frac":0,"flow_frac":1.0,"upstream_km2":27.717084884643555,"hand_m":50,"area_in_meters":155.52999877929688,"confidence":0.8381999731063843}},{"type":"Feature","geometry":null,"properties":{"risk_score":4.595989870710401,"verdict":"RED_BLOCKS_DRAINAGE","lost_frac":0,"flow_frac":1.0,"upstream_km2":219.7775115966797,"hand_m":50,"area_in_meters":95.70269775390625,"confidence":0.8381999731063843}},{"type":"Feature","geometry":null,"properties":{"risk_score":1.4662830673283758,"verdict":"RED_BLOCKS_DRAINAGE","lost_frac":0,"flow_frac":0.6,"upstream_km2":16.633584659546614,"hand_m":50,"area_in_meters":241.93910217285156,"confidence":0.8381999731063843}},{"type":"Feature","geometry":null,"properties":{"risk_score":1.1581582043095606,"verdict":"RED_BLOCKS_DRAINAGE","lost_frac":0,"flow_frac":0.826530612244898,"upstream_km2":4.183540627664449,"hand_m":50,"area_in_meters":689.5949096679688,"confidence":0.8381999731063843}},{"type":"Feature","geometry":null,"properties":{"risk_score":97.48636595684758,"verdict":"RED_BLOCKS_DRAINAGE","lost_frac":0,"flow_frac":0.8431372549019608,"upstream_km2":21.685443085782666,"hand_m":0.17255476409313722,"area_in_meters":191.61109924316406,"confidence":0.9006999731063843}},{"type":"Feature","geometry":null,"properties":{"risk_score":83.54256757169514,"verdict":"RED_BLOCKS_DRAINAGE","lost_frac":0,"flow_frac":0.9565217391304348,"upstream_km2":6.53699713435186,"hand_m":0.004349418308423913,"area_in_meters":82.78739929199219,"confidence":0.7645000219345093}},{"type":"Feature","geometry":null,"properties":{"risk_score":2.746734327379937,"verdict":"RED_BLOCKS_DRAINAGE","lost_frac":0,"flow_frac":1.0,"upstream_km2":24.167177200317383,"hand_m":50,"area_in_meters":139.66549682617188,"confidence":0.7645000219345093}},{"type":"Feature","geometry":null,"properties":{"risk_score":2.797617907238475,"verdict":"RED_BLOCKS_DRAINAGE","lost_frac":0,"flow_frac":1.0,"upstream_km2":25.716842651367188,"hand_m":50,"area_in_meters":155.02589416503906,"confidence":0.8270000219345093}},{"type":"Feature","geometry":null,"properties":{"risk_score":1.08093138689451,"verdict":"RED_BLOCKS_DRAINAGE","lost_frac":0,"flow_frac":1.0,"upstream_km2":2.558565855026245,"hand_m":50,"area_in_meters":85.1417007446289,"confidence":0.8270000219345093}},{"type":"Feature","geometry":null,"properties":{"risk_score":1.7301189979849534,"verdict":"RED_BLOCKS_DRAINAGE","lost_frac":0,"flow_frac":1.0,"upstream_km2":6.627121925354004,"hand_m":50,"area_in_meters":261.0775146484375,"confidence":0.8270000219345093}},{"type":"Feature","geometry":null,"properties":{"risk_score":3.072113282189216,"verdict":"AMBER_PARTIAL","lost_frac":0,"flow_frac":0.3999999999999999,"upstream_km2":1.2319433633238073,"hand_m":3.5399780273437496,"area_in_meters":278.235595703125,"confidence":0.8270000219345093}},{"type":"Feature","geometry":null,"properties":{"risk_score":1.1858824641106303,"verdict":"RED_BLOCKS_DRAINAGE","lost_frac":0,"flow_frac":1.0,"upstream_km2":3.0253167152404785,"hand_m":50,"area_in_meters":93.88349914550781,"confidence":0.8270000219345093}},{"type":"Feature","geometry":null,"properties":{"risk_score":2.384922637330153,"verdict":"RED_BLOCKS_DRAINAGE","lost_frac":0,"flow_frac":1.0,"upstream_km2":15.455479621887207,"hand_m":50,"area_in_meters":107.98049926757812,"confidence":0.8270000219345093}},{"type":"Feature","geometry":null,"properties":{"risk_score":2.1021506260150082,"verdict":"RED_BLOCKS_DRAINAGE","lost_frac":0,"flow_frac":1.0,"upstream_km2":10.805837992964122,"hand_m":50,"area_in_meters":206.77130126953125,"confidence":0.8895000219345093}},{"type":"Feature","geometry":null,"properties":{"risk_score":1.0358857361639484,"verdict":"RED_BLOCKS_DRAINAGE","lost_frac":0,"flow_frac":1.0,"upstream_km2":2.3752171993255615,"hand_m":50,"area_in_meters":260.9078063964844,"confidence":0.8895000219345093}},{"type":"Feature","geometry":null,"properties":{"risk_score":4.5930907733587825,"verdict":"RED_BLOCKS_DRAINAGE","lost_frac":0,"flow_frac":1.0,"upstream_km2":219.0271606445313,"hand_m":50,"area_in_meters":277.8476867675781,"confidence":0.8895000219345093}},{"type":"Feature","geometry":null,"properties":{"risk_score":1.027435735880982,"verdict":"RED_BLOCKS_DRAINAGE","lost_frac":0,"flow_frac":1.0,"upstream_km2":2.341890573501587,"hand_m":50,"area_in_meters":73.8280029296875,"confidence":0.7188000082969666}},{"type":"Feature","geometry":null,"properties":{"risk_score":2.7279899493783475,"verdict":"RED_BLOCKS_DRAINAGE","lost_frac":0,"flow_frac":1.0,"upstream_km2":23.619253158569336,"hand_m":50,"area_in_meters":96.0354995727539,"confidence":0.7813000082969666}},{"type":"Feature","geometry":null,"properties":{"risk_score":1.973065289909979,"verdict":"RED_BLOCKS_DRAINAGE","lost_frac":0,"flow_frac":1.0,"upstream_km2":9.145262718200684,"hand_m":50,"area_in_meters":76.38300323486328,"confidence":0.7813000082969666}},{"type":"Feature","geometry":null,"properties":{"risk_score":1.1104182891191237,"verdict":"RED_BLOCKS_DRAINAGE","lost_frac":0,"flow_frac":1.0,"upstream_km2":2.6839466094970703,"hand_m":50,"area_in_meters":194.26780700683594,"confidence":0.9063000082969666}},{"type":"Feature","geometry":null,"properties":{"risk_score":2.7181296218205406,"verdict":"RED_BLOCKS_DRAINAGE","lost_frac":0,"flow_frac":1.0,"upstream_km2":23.335826873779297,"hand_m":50,"area_in_meters":44.49689865112305,"confidence":0.786899983882904}},{"type":"Feature","geometry":null,"properties":{"risk_score":10.62393517028987,"verdict":"RED_BLOCKS_DRAINAGE","lost_frac":0,"flow_frac":0.75,"upstream_km2":1.533438703743741,"hand_m":1.8500061035156252,"area_in_meters":74.40779876708984,"confidence":0.7355999946594238}},{"type":"Feature","geometry":null,"properties":{"risk_score":4.462602477385513,"verdict":"RED_BLOCKS_DRAINAGE","lost_frac":0,"flow_frac":1.0,"upstream_km2":187.76751708984375,"hand_m":50,"area_in_meters":120.00479888916016,"confidence":0.7980999946594238}},{"type":"Feature","geometry":null,"properties":{"risk_score":13.03361918954811,"verdict":"AMBER_PARTIAL","lost_frac":0,"flow_frac":0.5,"upstream_km2":1.6126269660890102,"hand_m":0.600006103515625,"area_in_meters":68.12989807128906,"confidence":0.7980999946594238}},{"type":"Feature","geometry":null,"properties":{"risk_score":1.8140496831345745,"verdict":"RED_BLOCKS_DRAINAGE","lost_frac":0,"flow_frac":1.0,"upstream_km2":7.4171552658081055,"hand_m":50,"area_in_meters":178.40379333496094,"confidence":0.7980999946594238}},{"type":"Feature","geometry":null,"properties":{"risk_score":2.626707973705372,"verdict":"RED_BLOCKS_DRAINAGE","lost_frac":0,"flow_frac":1.0,"upstream_km2":20.858535766601562,"hand_m":50,"area_in_meters":74.3989028930664,"confidence":0.8605999946594238}},{"type":"Feature","geometry":null,"properties":{"risk_score":6.030157010875584,"verdict":"AMBER_PARTIAL","lost_frac":0,"flow_frac":0.265625,"upstream_km2":19.44901352013403,"hand_m":4.773437500000001,"area_in_meters":213.01980590820312,"confidence":0.8605999946594238}},{"type":"Feature","geometry":null,"properties":{"risk_score":79.3899109727657,"verdict":"RED_BLOCKS_DRAINAGE","lost_frac":0,"flow_frac":0.7555555555555556,"upstream_km2":20.541564127616585,"hand_m":0.26888292100694444,"area_in_meters":310.3793029785156,"confidence":0.9230999946594238}},{"type":"Feature","geometry":null,"properties":{"risk_score":42.92745286410529,"verdict":"RED_BLOCKS_DRAINAGE","lost_frac":0,"flow_frac":0.6451612903225806,"upstream_km2":19.084039947288414,"hand_m":0.95806884765625,"area_in_meters":107.65499877929688,"confidence":0.8036999702453613}},{"type":"Feature","geometry":null,"properties":{"risk_score":2.3597988858748713,"verdict":"RED_BLOCKS_DRAINAGE","lost_frac":0,"flow_frac":0.9,"upstream_km2":20.737989200651644,"hand_m":50,"area_in_meters":141.45050048828125,"confidence":0.8036999702453613}},{"type":"Feature","geometry":null,"properties":{"risk_score":1.3087953906972356,"verdict":"RED_BLOCKS_DRAINAGE","lost_frac":0,"flow_frac":1.0,"upstream_km2":3.6503500938415527,"hand_m":50,"area_in_meters":86.55480194091797,"confidence":0.8661999702453613}},{"type":"Feature","geometry":null,"properties":{"risk_score":16.21049332695656,"verdict":"AMBER_PARTIAL","lost_frac":0,"flow_frac":0.3461538461538462,"upstream_km2":9.458631582987998,"hand_m":1.1769550030048077,"area_in_meters":1326.987060546875,"confidence":0.8661999702453613}},{"type":"Feature","geometry":null,"properties":{"risk_score":1.0442439543812836,"verdict":"RED_BLOCKS_DRAINAGE","lost_frac":0,"flow_frac":1.0,"upstream_km2":2.408508777618408,"hand_m":50,"area_in_meters":230.08090209960938,"confidence":0.7300000190734863}},{"type":"Feature","geometry":null,"properties":{"risk_score":1.2050599037414342,"verdict":"RED_BLOCKS_DRAINAGE","lost_frac":0,"flow_frac":1.0,"upstream_km2":3.116997003555298,"hand_m":50,"area_in_meters":108.50450134277344,"confidence":0.7925000190734863}},{"type":"Feature","geometry":null,"properties":{"risk_score":4.462602477385513,"verdict":"RED_BLOCKS_DRAINAGE","lost_frac":0,"flow_frac":1.0,"upstream_km2":187.76751708984375,"hand_m":50,"area_in_meters":202.94009399414062,"confidence":0.7925000190734863}},{"type":"Feature","geometry":null,"properties":{"risk_score":2.8927771974096195,"verdict":"RED_BLOCKS_DRAINAGE","lost_frac":0,"flow_frac":1.0,"upstream_km2":28.875581741333008,"hand_m":50,"area_in_meters":40.977901458740234,"confidence":0.7925000190734863}},{"type":"Feature","geometry":null,"properties":{"risk_score":1.1288242705301472,"verdict":"AMBER_PARTIAL","lost_frac":0,"flow_frac":0.16,"upstream_km2":0.6773920601606369,"hand_m":2.1839794921875,"area_in_meters":99.27839660644531,"confidence":0.8093000054359436}},{"type":"Feature","geometry":null,"properties":{"risk_score":82.24669175094354,"verdict":"RED_BLOCKS_DRAINAGE","lost_frac":0,"flow_frac":0.84,"upstream_km2":21.652491913437842,"hand_m":0.38400390624999997,"area_in_meters":172.42529296875,"confidence":0.8093000054359436}},{"type":"Feature","geometry":null,"properties":{"risk_score":3.724495036131079,"verdict":"RED_BLOCKS_DRAINAGE","lost_frac":0,"flow_frac":1.0,"upstream_km2":78.34004974365234,"hand_m":50,"area_in_meters":289.881591796875,"confidence":0.8093000054359436}},{"type":"Feature","geometry":null,"properties":{"risk_score":2.754950157303483,"verdict":"RED_BLOCKS_DRAINAGE","lost_frac":0,"flow_frac":1.0,"upstream_km2":24.411165237426758,"hand_m":50,"area_in_meters":98.10549926757812,"confidence":0.7523999810218811}},{"type":"Feature","geometry":null,"properties":{"risk_score":41.84001884212666,"verdict":"RED_BLOCKS_DRAINAGE","lost_frac":0,"flow_frac":0.7746478873239436,"upstream_km2":22.98627816224602,"hand_m":1.554935079225352,"area_in_meters":247.18350219726562,"confidence":0.7523999810218811}},{"type":"Feature","geometry":null,"properties":{"risk_score":1.32092996898325,"verdict":"RED_BLOCKS_DRAINAGE","lost_frac":0,"flow_frac":1.0,"upstream_km2":3.7170913219451904,"hand_m":50,"area_in_meters":160.16229248046875,"confidence":0.8148999810218811}},{"type":"Feature","geometry":null,"properties":{"risk_score":2.7195868167943518,"verdict":"RED_BLOCKS_DRAINAGE","lost_frac":0,"flow_frac":1.0,"upstream_km2":23.377506256103516,"hand_m":50,"area_in_meters":776.0731201171875,"confidence":0.8148999810218811}},{"type":"Feature","geometry":null,"properties":{"risk_score":2.8927771974096195,"verdict":"RED_BLOCKS_DRAINAGE","lost_frac":0,"flow_frac":1.0,"upstream_km2":28.875581741333008,"hand_m":50,"area_in_meters":149.13389587402344,"confidence":0.8773999810218811}},{"type":"Feature","geometry":null,"properties":{"risk_score":2.728227370328412,"verdict":"RED_BLOCKS_DRAINAGE","lost_frac":0,"flow_frac":1.0,"upstream_km2":23.62611815508674,"hand_m":50,"area_in_meters":137.2209930419922,"confidence":0.8773999810218811}},{"type":"Feature","geometry":null,"properties":{"risk_score":3.4728942884818994,"verdict":"AMBER_PARTIAL","lost_frac":0,"flow_frac":0.32894736842105265,"upstream_km2":0.6827224967633618,"hand_m":1.140756707442434,"area_in_meters":264.16680908203125,"confidence":0.8773999810218811}},{"type":"Feature","geometry":null,"properties":{"risk_score":13.044998888013087,"verdict":"RED_BLOCKS_DRAINAGE","lost_frac":0,"flow_frac":0.6216216216216217,"upstream_km2":1.560738214367145,"hand_m":0.9459459459459462,"area_in_meters":245.86740112304688,"confidence":0.7580000162124634}},{"type":"Feature","geometry":null,"properties":{"risk_score":2.896901136240221,"verdict":"RED_BLOCKS_DRAINAGE","lost_frac":0,"flow_frac":1.0,"upstream_km2":29.020614624023438,"hand_m":50,"area_in_meters":102.94290161132812,"confidence":0.7580000162124634}},{"type":"Feature","geometry":null,"properties":{"risk_score":48.37295642097919,"verdict":"RED_BLOCKS_DRAINAGE","lost_frac":0,"flow_frac":0.7307692307692307,"upstream_km2":57.46393696107687,"hand_m":1.6692340557391827,"area_in_meters":99.1010971069336,"confidence":0.8205000162124634}},{"type":"Feature","geometry":null,"properties":{"risk_score":2.0108355461009433,"verdict":"RED_BLOCKS_DRAINAGE","lost_frac":0,"flow_frac":0.9466666666666667,"upstream_km2":11.114409458637237,"hand_m":50,"area_in_meters":255.96060180664062,"confidence":0.8830000162124634}},{"type":"Feature","geometry":null,"properties":{"risk_score":2.7195868167943518,"verdict":"RED_BLOCKS_DRAINAGE","lost_frac":0,"flow_frac":1.0,"upstream_km2":23.377506256103516,"hand_m":50,"area_in_meters":88.80509948730469,"confidence":0.7635999917984009}},{"type":"Feature","geometry":null,"properties":{"risk_score":37.891842289995814,"verdict":"RED_BLOCKS_DRAINAGE","lost_frac":0,"flow_frac":0.6555555555555557,"upstream_km2":50.621425964331465,"hand_m":1.9633165147569445,"area_in_meters":334.61749267578125,"confidence":0.8260999917984009}},{"type":"Feature","geometry":null,"properties":{"risk_score":12.059748365769703,"verdict":"AMBER_PARTIAL","lost_frac":0,"flow_frac":0.28723404255319146,"upstream_km2":7.85858206845265,"hand_m":1.2563924586519282,"area_in_meters":338.23291015625,"confidence":0.8260999917984009}},{"type":"Feature","geometry":null,"properties":{"risk_score":1.9798861015137954,"verdict":"RED_BLOCKS_DRAINAGE","lost_frac":0,"flow_frac":1.0,"upstream_km2":9.226850605010986,"hand_m":50,"area_in_meters":110.44750213623047,"confidence":0.7748000025749207}},{"type":"Feature","geometry":null,"properties":{"risk_score":3.714234352593551,"verdict":"RED_BLOCKS_DRAINAGE","lost_frac":0,"flow_frac":1.0,"upstream_km2":77.3897933959961,"hand_m":50,"area_in_meters":101.63849639892578,"confidence":0.7748000025749207}},{"type":"Feature","geometry":null,"properties":{"risk_score":71.56608330193471,"verdict":"RED_BLOCKS_DRAINAGE","lost_frac":0,"flow_frac":0.572289156626506,"upstream_km2":126.72907659381697,"hand_m":0.6843269072383283,"area_in_meters":613.2225952148438,"confidence":0.8373000025749207}},{"type":"Feature","geometry":null,"properties":{"risk_score":2.844154411326068,"verdict":"RED_BLOCKS_DRAINAGE","lost_frac":0,"flow_frac":1.0,"upstream_km2":27.217514038085938,"hand_m":50,"area_in_meters":202.2760009765625,"confidence":0.8373000025749207}},{"type":"Feature","geometry":null,"properties":{"risk_score":1.8962278063645228,"verdict":"RED_BLOCKS_DRAINAGE","lost_frac":0,"flow_frac":1.0,"upstream_km2":8.26992416381836,"hand_m":50,"area_in_meters":172.6278076171875,"confidence":0.8998000025749207}},{"type":"Feature","geometry":null,"properties":{"risk_score":2.9128290440072093,"verdict":"RED_BLOCKS_DRAINAGE","lost_frac":0,"flow_frac":1.0,"upstream_km2":29.587417602539062,"hand_m":50,"area_in_meters":105.7113037109375,"confidence":0.7178999781608582}},{"type":"Feature","geometry":null,"properties":{"risk_score":4.7893514386612255,"verdict":"RED_BLOCKS_DRAINAGE","lost_frac":0,"flow_frac":1.0,"upstream_km2":276.05706787109375,"hand_m":50,"area_in_meters":127.38020324707031,"confidence":0.7178999781608582}},{"type":"Feature","geometry":null,"properties":{"risk_score":1.3087953906972356,"verdict":"RED_BLOCKS_DRAINAGE","lost_frac":0,"flow_frac":1.0,"upstream_km2":3.6503500938415527,"hand_m":50,"area_in_meters":58.82529830932617,"confidence":0.7803999781608582}},{"type":"Feature","geometry":null,"properties":{"risk_score":2.123983881262204,"verdict":"RED_BLOCKS_DRAINAGE","lost_frac":0,"flow_frac":1.0,"upstream_km2":11.112443923950195,"hand_m":50,"area_in_meters":313.8891906738281,"confidence":0.8428999781608582}},{"type":"Feature","geometry":null,"properties":{"risk_score":2.746734327379937,"verdict":"RED_BLOCKS_DRAINAGE","lost_frac":0,"flow_frac":1.0,"upstream_km2":24.167177200317383,"hand_m":50,"area_in_meters":101.7477035522461,"confidence":0.8428999781608582}},{"type":"Feature","geometry":null,"properties":{"risk_score":1.0281812213233936,"verdict":"GREEN_CLEAR","lost_frac":0,"flow_frac":0.08333333333333333,"upstream_km2":1.295597539205725,"hand_m":1.9250335693359377,"area_in_meters":120.7699966430664,"confidence":0.8428999781608582}},{"type":"Feature","geometry":null,"properties":{"risk_score":1.2254810334339632,"verdict":"RED_BLOCKS_DRAINAGE","lost_frac":0,"flow_frac":1.0,"upstream_km2":3.2169196605682373,"hand_m":50,"area_in_meters":62.87080001831055,"confidence":0.8428999781608582}},{"type":"Feature","geometry":null,"properties":{"risk_score":9.712418568132533,"verdict":"AMBER_PARTIAL","lost_frac":0,"flow_frac":0.25806451612903225,"upstream_km2":18.85265166772109,"hand_m":2.4483780399445565,"area_in_meters":212.660400390625,"confidence":0.9053999781608582}},{"type":"Feature","geometry":null,"properties":{"risk_score":3.3212141399726303,"verdict":"RED_BLOCKS_DRAINAGE","lost_frac":0,"flow_frac":1.0,"upstream_km2":48.41049575805664,"hand_m":50,"area_in_meters":69.69889831542969,"confidence":0.7067000269889832}},{"type":"Feature","geometry":null,"properties":{"risk_score":1.8058181734407701,"verdict":"RED_BLOCKS_DRAINAGE","lost_frac":0,"flow_frac":1.0,"upstream_km2":7.336183547973633,"hand_m":50,"area_in_meters":60.905601501464844,"confidence":0.7692000269889832}},{"type":"Feature","geometry":null,"properties":{"risk_score":3.66550607898337,"verdict":"RED_BLOCKS_DRAINAGE","lost_frac":0,"flow_frac":1.0,"upstream_km2":73.03005981445312,"hand_m":50,"area_in_meters":242.31199645996094,"confidence":0.7692000269889832}},{"type":"Feature","geometry":null,"properties":{"risk_score":2.625733414849012,"verdict":"RED_BLOCKS_DRAINAGE","lost_frac":0,"flow_frac":1.0,"upstream_km2":20.833534240722656,"hand_m":50,"area_in_meters":158.98440551757812,"confidence":0.8317000269889832}},{"type":"Feature","geometry":null,"properties":{"risk_score":1.2338736348166532,"verdict":"RED_BLOCKS_DRAINAGE","lost_frac":0,"flow_frac":1.0,"upstream_km2":3.258685350418091,"hand_m":50,"area_in_meters":635.3911743164062,"confidence":0.8317000269889832}},{"type":"Feature","geometry":null,"properties":{"risk_score":13.289712629049372,"verdict":"AMBER_PARTIAL","lost_frac":0,"flow_frac":0.32258064516129026,"upstream_km2":9.962834357719625,"hand_m":1.524200439453125,"area_in_meters":216.15170288085938,"confidence":0.8317000269889832}},{"type":"Feature","geometry":null,"properties":{"risk_score":1.1387502891000318,"verdict":"GREEN_CLEAR","lost_frac":0,"flow_frac":0.10344827586206896,"upstream_km2":1.6063158980345933,"hand_m":2.7793431775323274,"area_in_meters":101.4896011352539,"confidence":0.8317000269889832}},{"type":"Feature","geometry":null,"properties":{"risk_score":2.188302536470105,"verdict":"RED_BLOCKS_DRAINAGE","lost_frac":0,"flow_frac":1.0,"upstream_km2":12.062740325927734,"hand_m":50,"area_in_meters":326.5647888183594,"confidence":0.8942000269889832}},{"type":"Feature","geometry":null,"properties":{"risk_score":2.9139885607176033,"verdict":"RED_BLOCKS_DRAINAGE","lost_frac":0,"flow_frac":1.0,"upstream_km2":29.62909507751465,"hand_m":50,"area_in_meters":120.33350372314453,"confidence":0.7860000133514404}},{"type":"Feature","geometry":null,"properties":{"risk_score":2.754950157303483,"verdict":"RED_BLOCKS_DRAINAGE","lost_frac":0,"flow_frac":1.0,"upstream_km2":24.411165237426758,"hand_m":50,"area_in_meters":270.460693359375,"confidence":0.7860000133514404}},{"type":"Feature","geometry":null,"properties":{"risk_score":2.7271244655376394,"verdict":"RED_BLOCKS_DRAINAGE","lost_frac":0,"flow_frac":1.0,"upstream_km2":23.5942440032959,"hand_m":50,"area_in_meters":186.64739990234375,"confidence":0.8485000133514404}},{"type":"Feature","geometry":null,"properties":{"risk_score":1.08093138689451,"verdict":"RED_BLOCKS_DRAINAGE","lost_frac":0,"flow_frac":1.0,"upstream_km2":2.558565855026245,"hand_m":50,"area_in_meters":49.83940124511719,"confidence":0.7290999889373779}},{"type":"Feature","geometry":null,"properties":{"risk_score":2.384922637330153,"verdict":"RED_BLOCKS_DRAINAGE","lost_frac":0,"flow_frac":1.0,"upstream_km2":15.455479621887207,"hand_m":50,"area_in_meters":94.78739929199219,"confidence":0.7915999889373779}},{"type":"Feature","geometry":null,"properties":{"risk_score":1.0789346998056413,"verdict":"RED_BLOCKS_DRAINAGE","lost_frac":0,"flow_frac":1.0,"upstream_km2":2.550231695175171,"hand_m":50,"area_in_meters":59.93439865112305,"confidence":0.7915999889373779}},{"type":"Feature","geometry":null,"properties":{"risk_score":1.5718650159070713,"verdict":"RED_BLOCKS_DRAINAGE","lost_frac":0,"flow_frac":1.0,"upstream_km2":5.3336076736450195,"hand_m":50,"area_in_meters":235.7689971923828,"confidence":0.7915999889373779}},{"type":"Feature","geometry":null,"properties":{"risk_score":1.0147431240022355,"verdict":"RED_BLOCKS_DRAINAGE","lost_frac":0,"flow_frac":1.0,"upstream_km2":2.2924485206604004,"hand_m":50,"area_in_meters":99.70610046386719,"confidence":0.9165999889373779}},{"type":"Feature","geometry":null,"properties":{"risk_score":2.7279899493783475,"verdict":"RED_BLOCKS_DRAINAGE","lost_frac":0,"flow_frac":1.0,"upstream_km2":23.619253158569336,"hand_m":50,"area_in_meters":316.4325866699219,"confidence":0.9165999889373779}},{"type":"Feature","geometry":null,"properties":{"risk_score":2.1718419093465227,"verdict":"RED_BLOCKS_DRAINAGE","lost_frac":0,"flow_frac":1.0,"upstream_km2":11.812662124633789,"hand_m":50,"area_in_meters":58.941898345947266,"confidence":0.7347000241279602}},{"type":"Feature","geometry":null,"properties":{"risk_score":2.626707973705372,"verdict":"RED_BLOCKS_DRAINAGE","lost_frac":0,"flow_frac":1.0,"upstream_km2":20.858535766601562,"hand_m":50,"area_in_meters":87.49459838867188,"confidence":0.7347000241279602}},{"type":"Feature","geometry":null,"properties":{"risk_score":1.0641042835070893,"verdict":"GREEN_CLEAR","lost_frac":0,"flow_frac":0.06451612903225806,"upstream_km2":1.5810985732222758,"hand_m":1.4967513545866935,"area_in_meters":116.84600067138672,"confidence":0.8597000241279602}},{"type":"Feature","geometry":null,"properties":{"risk_score":2.7057893747707973,"verdict":"RED_BLOCKS_DRAINAGE","lost_frac":0,"flow_frac":1.0,"upstream_km2":22.98571014404297,"hand_m":50,"area_in_meters":264.55511474609375,"confidence":0.8597000241279602}},{"type":"Feature","geometry":null,"properties":{"risk_score":1.2254810334339632,"verdict":"RED_BLOCKS_DRAINAGE","lost_frac":0,"flow_frac":1.0,"upstream_km2":3.2169196605682373,"hand_m":50,"area_in_meters":53.81999969482422,"confidence":0.8597000241279602}},{"type":"Feature","geometry":null,"properties":{"risk_score":1.5015028727719455,"verdict":"AMBER_PARTIAL","lost_frac":0,"flow_frac":0.19822485207100593,"upstream_km2":1.0540235406972644,"hand_m":3.126942651511649,"area_in_meters":1168.552978515625,"confidence":0.8597000241279602}},{"type":"Feature","geometry":null,"properties":{"risk_score":1.3401709971228934,"verdict":"RED_BLOCKS_DRAINAGE","lost_frac":0,"flow_frac":1.0,"upstream_km2":3.824887688954671,"hand_m":50,"area_in_meters":196.07949829101562,"confidence":0.8597000241279602}},{"type":"Feature","geometry":null,"properties":{"risk_score":2.410000006003811,"verdict":"RED_BLOCKS_DRAINAGE","lost_frac":0,"flow_frac":1.0,"upstream_km2":15.947279930114746,"hand_m":50,"area_in_meters":79.7437973022461,"confidence":0.8597000241279602}},{"type":"Feature","geometry":null,"properties":{"risk_score":2.821456888947226,"verdict":"RED_BLOCKS_DRAINAGE","lost_frac":0,"flow_frac":1.0,"upstream_km2":26.4753360748291,"hand_m":50,"area_in_meters":348.3362121582031,"confidence":0.9222000241279602}},{"type":"Feature","geometry":null,"properties":{"risk_score":93.87994760475529,"verdict":"RED_BLOCKS_DRAINAGE","lost_frac":0,"flow_frac":0.72,"upstream_km2":20.89717636995018,"hand_m":0.027993164062500003,"area_in_meters":89.16539764404297,"confidence":0.7402999997138977}},{"type":"Feature","geometry":null,"properties":{"risk_score":4.5901835501261115,"verdict":"RED_BLOCKS_DRAINAGE","lost_frac":0,"flow_frac":1.0,"upstream_km2":218.2772674560547,"hand_m":50,"area_in_meters":64.37529754638672,"confidence":0.7402999997138977}},{"type":"Feature","geometry":null,"properties":{"risk_score":3.328237348128226,"verdict":"AMBER_PARTIAL","lost_frac":0,"flow_frac":0.35086128739800543,"upstream_km2":0.839325780682232,"hand_m":1.7900196950433476,"area_in_meters":3756.7782,"confidence":0.8652999997138977}},{"type":"Feature","geometry":null,"properties":{"risk_score":57.24588971188458,"verdict":"RED_BLOCKS_DRAINAGE","lost_frac":0,"flow_frac":0.75,"upstream_km2":6.885960574261844,"hand_m":0.1750030517578125,"area_in_meters":164.9564971923828,"confidence":0.8652999997138977}},{"type":"Feature","geometry":null,"properties":{"risk_score":1.027435735880982,"verdict":"RED_BLOCKS_DRAINAGE","lost_frac":0,"flow_frac":1.0,"upstream_km2":2.341890573501587,"hand_m":50,"area_in_meters":46.37860107421875,"confidence":0.7458999752998352}},{"type":"Feature","geometry":null,"properties":{"risk_score":3.7276205470311097,"verdict":"RED_BLOCKS_DRAINAGE","lost_frac":0,"flow_frac":1.0,"upstream_km2":78.63179016113281,"hand_m":50,"area_in_meters":58.0718994140625,"confidence":0.7458999752998352}},{"type":"Feature","geometry":null,"properties":{"risk_score":2.166283537285706,"verdict":"RED_BLOCKS_DRAINAGE","lost_frac":0,"flow_frac":1.0,"upstream_km2":11.729302406311035,"hand_m":50,"area_in_meters":80.00420379638672,"confidence":0.8083999752998352}},{"type":"Feature","geometry":null,"properties":{"risk_score":39.25082680111432,"verdict":"AMBER_PARTIAL","lost_frac":0,"flow_frac":0.45,"upstream_km2":9.379674111725762,"hand_m":0.16502685546875,"area_in_meters":60.516300201416016,"confidence":0.8083999752998352}},{"type":"Feature","geometry":null,"properties":{"risk_score":1.6104630958028578,"verdict":"RED_BLOCKS_DRAINAGE","lost_frac":0,"flow_frac":1.0,"upstream_km2":5.627293109893799,"hand_m":50,"area_in_meters":81.1978988647461,"confidence":0.8708999752998352}},{"type":"Feature","geometry":null,"properties":{"risk_score":1.2271810506247398,"verdict":"RED_BLOCKS_DRAINAGE","lost_frac":0,"flow_frac":1.0,"upstream_km2":3.225346565246582,"hand_m":50,"area_in_meters":140.80059814453125,"confidence":0.7515000104904175}},{"type":"Feature","geometry":null,"properties":{"risk_score":7.020293341363475,"verdict":"AMBER_PARTIAL","lost_frac":0,"flow_frac":0.36065573770491804,"upstream_km2":0.8715277443807878,"hand_m":0.39836245677510246,"area_in_meters":213.7021026611328,"confidence":0.7515000104904175}},{"type":"Feature","geometry":null,"properties":{"risk_score":1.2254810334339632,"verdict":"RED_BLOCKS_DRAINAGE","lost_frac":0,"flow_frac":1.0,"upstream_km2":3.2169196605682373,"hand_m":50,"area_in_meters":71.53350067138672,"confidence":0.7515000104904175}},{"type":"Feature","geometry":null,"properties":{"risk_score":7.009192656620726,"verdict":"AMBER_PARTIAL","lost_frac":0,"flow_frac":0.28846153846153844,"upstream_km2":22.269795575626908,"hand_m":4.625000000000001,"area_in_meters":170.97569274902344,"confidence":0.8140000104904175}},{"type":"Feature","geometry":null,"properties":{"risk_score":1.8912450040208153,"verdict":"RED_BLOCKS_DRAINAGE","lost_frac":0,"flow_frac":1.0,"upstream_km2":8.215840549003788,"hand_m":50,"area_in_meters":134.65370178222656,"confidence":0.8765000104904175}},{"type":"Feature","geometry":null,"properties":{"risk_score":1.08093138689451,"verdict":"RED_BLOCKS_DRAINAGE","lost_frac":0,"flow_frac":1.0,"upstream_km2":2.558565855026245,"hand_m":50,"area_in_meters":93.52899932861328,"confidence":0.757099986076355}},{"type":"Feature","geometry":null,"properties":{"risk_score":5.701253924482369,"verdict":"AMBER_PARTIAL","lost_frac":0,"flow_frac":0.19999999999999998,"upstream_km2":1.3784187868237494,"hand_m":0.32001953124999993,"area_in_meters":119.90789794921875,"confidence":0.757099986076355}},{"type":"Feature","geometry":null,"properties":{"risk_score":1.2871678626620489,"verdict":"RED_BLOCKS_DRAINAGE","lost_frac":0,"flow_frac":1.0,"upstream_km2":3.5337295532226562,"hand_m":50,"area_in_meters":69.564697265625,"confidence":0.819599986076355}},{"type":"Feature","geometry":null,"properties":{"risk_score":70.3594894513359,"verdict":"RED_BLOCKS_DRAINAGE","lost_frac":0,"flow_frac":0.6024096385542168,"upstream_km2":46.72721369537603,"hand_m":0.4373396907944277,"area_in_meters":857.743408203125,"confidence":0.819599986076355}},{"type":"Feature","geometry":null,"properties":{"risk_score":2.1729492559045873,"verdict":"RED_BLOCKS_DRAINAGE","lost_frac":0,"flow_frac":1.0,"upstream_km2":11.829334259033203,"hand_m":50,"area_in_meters":65.53359985351562,"confidence":0.882099986076355}},{"type":"Feature","geometry":null,"properties":{"risk_score":3.7119674972146903,"verdict":"RED_BLOCKS_DRAINAGE","lost_frac":0,"flow_frac":1.0,"upstream_km2":77.181396484375,"hand_m":50,"area_in_meters":328.56500244140625,"confidence":0.882099986076355}},{"type":"Feature","geometry":null,"properties":{"risk_score":11.657317571057492,"verdict":"RED_BLOCKS_DRAINAGE","lost_frac":0,"flow_frac":0.5102040816326531,"upstream_km2":15.341769374450859,"hand_m":4.31022799744898,"area_in_meters":169.404296875,"confidence":0.7113999724388123}},{"type":"Feature","geometry":null,"properties":{"risk_score":2.896901136240221,"verdict":"RED_BLOCKS_DRAINAGE","lost_frac":0,"flow_frac":1.0,"upstream_km2":29.020614624023438,"hand_m":50,"area_in_meters":43.925899505615234,"confidence":0.7113999724388123}},{"type":"Feature","geometry":null,"properties":{"risk_score":1.0400836295383193,"verdict":"RED_BLOCKS_DRAINAGE","lost_frac":0,"flow_frac":1.0,"upstream_km2":2.391896963119507,"hand_m":50,"area_in_meters":180.08140563964844,"confidence":0.8363999724388123}},{"type":"Feature","geometry":null,"properties":{"risk_score":2.747299872103771,"verdict":"RED_BLOCKS_DRAINAGE","lost_frac":0,"flow_frac":1.0,"upstream_km2":24.183897018432617,"hand_m":50,"area_in_meters":464.5700988769531,"confidence":0.8988999724388123}},{"type":"Feature","geometry":null,"properties":{"risk_score":7.684992634301553,"verdict":"RED_BLOCKS_DRAINAGE","lost_frac":0,"flow_frac":0.5522388059701493,"upstream_km2":2.079747936785666,"hand_m":2.5104397446361943,"area_in_meters":234.47979736328125,"confidence":0.8988999724388123}},{"type":"Feature","geometry":null,"properties":{"risk_score":25.148538079781225,"verdict":"RED_BLOCKS_DRAINAGE","lost_frac":0,"flow_frac":0.8181818181818182,"upstream_km2":1.8357786014676096,"hand_m":0.47272283380681823,"area_in_meters":63.44810104370117,"confidence":0.7002000212669373}},{"type":"Feature","geometry":null,"properties":{"risk_score":2.913067897136878,"verdict":"RED_BLOCKS_DRAINAGE","lost_frac":0,"flow_frac":1.0,"upstream_km2":29.595998259151685,"hand_m":50,"area_in_meters":114.82469940185547,"confidence":0.7627000212669373}},{"type":"Feature","geometry":null,"properties":{"risk_score":2.728566428327632,"verdict":"RED_BLOCKS_DRAINAGE","lost_frac":0,"flow_frac":1.0,"upstream_km2":23.63592529296875,"hand_m":50,"area_in_meters":156.10800170898438,"confidence":0.7627000212669373}},{"type":"Feature","geometry":null,"properties":{"risk_score":1.1929829868770292,"verdict":"RED_BLOCKS_DRAINAGE","lost_frac":0,"flow_frac":1.0,"upstream_km2":3.059021234512329,"hand_m":50,"area_in_meters":46.68080139160156,"confidence":0.8252000212669373}},{"type":"Feature","geometry":null,"properties":{"risk_score":2.7279899493783475,"verdict":"RED_BLOCKS_DRAINAGE","lost_frac":0,"flow_frac":1.0,"upstream_km2":23.619253158569336,"hand_m":50,"area_in_meters":64.77580261230469,"confidence":0.8877000212669373}},{"type":"Feature","geometry":null,"properties":{"risk_score":14.116939910306755,"verdict":"RED_BLOCKS_DRAINAGE","lost_frac":0,"flow_frac":0.7704918032786885,"upstream_km2":1.806320305913687,"hand_m":1.4458988377305328,"area_in_meters":226.943603515625,"confidence":0.7682999968528748}},{"type":"Feature","geometry":null,"properties":{"risk_score":2.7531828599866013,"verdict":"RED_BLOCKS_DRAINAGE","lost_frac":0,"flow_frac":1.0,"upstream_km2":24.358482360839844,"hand_m":50,"area_in_meters":204.32420349121094,"confidence":0.8307999968528748}},{"type":"Feature","geometry":null,"properties":{"risk_score":2.028130741923391,"verdict":"RED_BLOCKS_DRAINAGE","lost_frac":0,"flow_frac":1.0,"upstream_km2":9.82297557592392,"hand_m":50,"area_in_meters":57.372501373291016,"confidence":0.8307999968528748}},{"type":"Feature","geometry":null,"properties":{"risk_score":1.7961561780654347,"verdict":"RED_BLOCKS_DRAINAGE","lost_frac":0,"flow_frac":1.0,"upstream_km2":7.242133617401123,"hand_m":50,"area_in_meters":103.6260986328125,"confidence":0.8307999968528748}},{"type":"Feature","geometry":null,"properties":{"risk_score":2.625733414849012,"verdict":"RED_BLOCKS_DRAINAGE","lost_frac":0,"flow_frac":1.0,"upstream_km2":20.833534240722656,"hand_m":50,"area_in_meters":72.33280181884766,"confidence":0.8307999968528748}},{"type":"Feature","geometry":null,"properties":{"risk_score":2.204252702655039,"verdict":"GREEN_CLEAR","lost_frac":0,"flow_frac":0.1101321585903084,"upstream_km2":0.8680648167293504,"hand_m":0.3559688618529736,"area_in_meters":3143.804443359375,"confidence":0.9557999968528748}},{"type":"Feature","geometry":null,"properties":{"risk_score":33.39509580988674,"verdict":"RED_BLOCKS_DRAINAGE","lost_frac":0,"flow_frac":0.6363636363636365,"upstream_km2":50.041442981836475,"hand_m":2.254549893465909,"area_in_meters":113.8322982788086,"confidence":0.7170000076293945}},{"type":"Feature","geometry":null,"properties":{"risk_score":2.384922637330153,"verdict":"RED_BLOCKS_DRAINAGE","lost_frac":0,"flow_frac":1.0,"upstream_km2":15.455479621887207,"hand_m":50,"area_in_meters":154.6873016357422,"confidence":0.7795000076293945}},{"type":"Feature","geometry":null,"properties":{"risk_score":2.626707973705372,"verdict":"RED_BLOCKS_DRAINAGE","lost_frac":0,"flow_frac":1.0,"upstream_km2":20.858535766601562,"hand_m":50,"area_in_meters":174.4521026611328,"confidence":0.7795000076293945}},{"type":"Feature","geometry":null,"properties":{"risk_score":4.917898459409545,"verdict":"AMBER_PARTIAL","lost_frac":0,"flow_frac":0.29411764705882354,"upstream_km2":0.8265466023893917,"hand_m":0.564697265625,"area_in_meters":121.2582015991211,"confidence":0.8420000076293945}},{"type":"Feature","geometry":null,"properties":{"risk_score":6.8194095457196315,"verdict":"AMBER_PARTIAL","lost_frac":0,"flow_frac":0.48780487804878053,"upstream_km2":1.1181954369857545,"hand_m":1.3316948123094514,"area_in_meters":160.99139404296875,"confidence":0.9045000076293945}},{"type":"Feature","geometry":null,"properties":{"risk_score":1.2221083421189252,"verdict":"RED_BLOCKS_DRAINAGE","lost_frac":0,"flow_frac":1.0,"upstream_km2":3.2002511024475098,"hand_m":50,"area_in_meters":58.919898986816406,"confidence":0.785099983215332}},{"type":"Feature","geometry":null,"properties":{"risk_score":1.7468299722899145,"verdict":"GREEN_CLEAR","lost_frac":0,"flow_frac":0.060606060606060615,"upstream_km2":1.4918419233607978,"hand_m":0.3757231741240531,"area_in_meters":128.53810119628906,"confidence":0.785099983215332}},{"type":"Feature","geometry":null,"properties":{"risk_score":30.337545566015066,"verdict":"AMBER_PARTIAL","lost_frac":0,"flow_frac":0.46938775510204084,"upstream_km2":3.7930048333899102,"hand_m":0.05304827008928571,"area_in_meters":170.70660400390625,"confidence":0.847599983215332}},{"type":"Feature","geometry":null,"properties":{"risk_score":6.910041942516287,"verdict":"AMBER_PARTIAL","lost_frac":0,"flow_frac":0.36363636363636365,"upstream_km2":3.987876735966314,"hand_m":2.6727350408380683,"area_in_meters":301.7412109375,"confidence":0.847599983215332}},{"type":"Feature","geometry":null,"properties":{"risk_score":1.9807186124503784,"verdict":"RED_BLOCKS_DRAINAGE","lost_frac":0,"flow_frac":1.0,"upstream_km2":9.23685359954834,"hand_m":50,"area_in_meters":106.1781005859375,"confidence":0.7907000184059143}},{"type":"Feature","geometry":null,"properties":{"risk_score":3.4052320442960684,"verdict":"AMBER_PARTIAL","lost_frac":0,"flow_frac":0.23684210526315788,"upstream_km2":6.56698492772289,"hand_m":5.113120631167764,"area_in_meters":128.56019592285156,"confidence":0.7907000184059143}},{"type":"Feature","geometry":null,"properties":{"risk_score":3.727263939838414,"verdict":"RED_BLOCKS_DRAINAGE","lost_frac":0,"flow_frac":1.0,"upstream_km2":78.59844970703125,"hand_m":50,"area_in_meters":59.850399017333984,"confidence":0.7962999939918518}},{"type":"Feature","geometry":null,"properties":{"risk_score":2.8949125718045425,"verdict":"RED_BLOCKS_DRAINAGE","lost_frac":0,"flow_frac":1.0,"upstream_km2":28.950592041015625,"hand_m":50,"area_in_meters":70.18620300292969,"confidence":0.7505999803543091}},{"type":"Feature","geometry":null,"properties":{"risk_score":8.922484774515857,"verdict":"AMBER_PARTIAL","lost_frac":0,"flow_frac":0.22571428571428573,"upstream_km2":5.530488816368261,"hand_m":1.061588099888393,"area_in_meters":6004.0393,"confidence":0.8755999803543091}},{"type":"Feature","geometry":null,"properties":{"risk_score":1.131273360867122,"verdict":"RED_BLOCKS_DRAINAGE","lost_frac":0,"flow_frac":1.0,"upstream_km2":2.775282144546509,"hand_m":50,"area_in_meters":137.41859436035156,"confidence":0.8755999803543091}},{"type":"Feature","geometry":null,"properties":{"risk_score":92.95026027580799,"verdict":"RED_BLOCKS_DRAINAGE","lost_frac":0,"flow_frac":0.8671328671328671,"upstream_km2":20.891884656877004,"hand_m":0.2503499918050699,"area_in_meters":497.5804138183594,"confidence":0.9380999803543091}},{"type":"Feature","geometry":null,"properties":{"risk_score":34.10569920648313,"verdict":"RED_BLOCKS_DRAINAGE","lost_frac":0,"flow_frac":0.6666666666666667,"upstream_km2":18.009194757478937,"hand_m":1.5000000000000002,"area_in_meters":113.49929809570312,"confidence":0.7394000291824341}},{"type":"Feature","geometry":null,"properties":{"risk_score":1.2338736348166532,"verdict":"RED_BLOCKS_DRAINAGE","lost_frac":0,"flow_frac":1.0,"upstream_km2":3.258685350418091,"hand_m":50,"area_in_meters":182.45140075683594,"confidence":0.8644000291824341}},{"type":"Feature","geometry":null,"properties":{"risk_score":50.65676826853417,"verdict":"RED_BLOCKS_DRAINAGE","lost_frac":0,"flow_frac":0.6428571428571429,"upstream_km2":17.468118056588406,"hand_m":0.607147216796875,"area_in_meters":70.43409729003906,"confidence":0.8644000291824341}},{"type":"Feature","geometry":null,"properties":{"risk_score":3.6644506389741767,"verdict":"RED_BLOCKS_DRAINAGE","lost_frac":0,"flow_frac":1.0,"upstream_km2":72.93836212158203,"hand_m":50,"area_in_meters":308.548095703125,"confidence":0.9269000291824341}},{"type":"Feature","geometry":null,"properties":{"risk_score":2.707563243983808,"verdict":"RED_BLOCKS_DRAINAGE","lost_frac":0,"flow_frac":1.0,"upstream_km2":23.03572654724121,"hand_m":50,"area_in_meters":43.338401794433594,"confidence":0.7450000047683716}},{"type":"Feature","geometry":null,"properties":{"risk_score":2.123983881262204,"verdict":"RED_BLOCKS_DRAINAGE","lost_frac":0,"flow_frac":1.0,"upstream_km2":11.112443923950195,"hand_m":50,"area_in_meters":146.51910400390625,"confidence":0.8075000047683716}},{"type":"Feature","geometry":null,"properties":{"risk_score":1.8140496831345745,"verdict":"RED_BLOCKS_DRAINAGE","lost_frac":0,"flow_frac":1.0,"upstream_km2":7.4171552658081055,"hand_m":50,"area_in_meters":106.3125991821289,"confidence":0.8075000047683716}},{"type":"Feature","geometry":null,"properties":{"risk_score":2.860333540653563,"verdict":"RED_BLOCKS_DRAINAGE","lost_frac":0,"flow_frac":1.0,"upstream_km2":27.758756637573242,"hand_m":50,"area_in_meters":88.61360168457031,"confidence":0.8700000047683716}},{"type":"Feature","geometry":null,"properties":{"risk_score":1.0769333773081167,"verdict":"RED_BLOCKS_DRAINAGE","lost_frac":0,"flow_frac":1.0,"upstream_km2":2.541897773742676,"hand_m":50,"area_in_meters":82.71790313720703,"confidence":0.8700000047683716}},{"type":"Feature","geometry":null,"properties":{"risk_score":2.898223586455044,"verdict":"RED_BLOCKS_DRAINAGE","lost_frac":0,"flow_frac":1.0,"upstream_km2":29.067272186279297,"hand_m":50,"area_in_meters":390.98028564453125,"confidence":0.8700000047683716}},{"type":"Feature","geometry":null,"properties":{"risk_score":1.1189595342467729,"verdict":"RED_BLOCKS_DRAINAGE","lost_frac":0,"flow_frac":1.0,"upstream_km2":2.7210830450057983,"hand_m":50,"area_in_meters":83.53739929199219,"confidence":0.7617999911308289}},{"type":"Feature","geometry":null,"properties":{"risk_score":5.097462137618625,"verdict":"AMBER_PARTIAL","lost_frac":0,"flow_frac":0.34210526315789475,"upstream_km2":1.1156905938528088,"hand_m":1.1842024953741777,"area_in_meters":129.53469848632812,"confidence":0.8242999911308289}},{"type":"Feature","geometry":null,"properties":{"risk_score":3.7276205470311097,"verdict":"RED_BLOCKS_DRAINAGE","lost_frac":0,"flow_frac":1.0,"upstream_km2":78.63179016113281,"hand_m":50,"area_in_meters":70.6084976196289,"confidence":0.8242999911308289}},{"type":"Feature","geometry":null,"properties":{"risk_score":1.876015006290117,"verdict":"RED_BLOCKS_DRAINAGE","lost_frac":0,"flow_frac":1.0,"upstream_km2":8.052481651306152,"hand_m":50,"area_in_meters":74.19979858398438,"confidence":0.8242999911308289}},{"type":"Feature","geometry":null,"properties":{"risk_score":1.1553618013596088,"verdict":"RED_BLOCKS_DRAINAGE","lost_frac":0,"flow_frac":1.0,"upstream_km2":2.8836002349853516,"hand_m":50,"area_in_meters":56.93410110473633,"confidence":0.8242999911308289}},{"type":"Feature","geometry":null,"properties":{"risk_score":2.9139885607176033,"verdict":"RED_BLOCKS_DRAINAGE","lost_frac":0,"flow_frac":1.0,"upstream_km2":29.62909507751465,"hand_m":50,"area_in_meters":147.93809509277344,"confidence":0.8867999911308289}},{"type":"Feature","geometry":null,"properties":{"risk_score":1.1104182891191237,"verdict":"RED_BLOCKS_DRAINAGE","lost_frac":0,"flow_frac":1.0,"upstream_km2":2.6839466094970703,"hand_m":50,"area_in_meters":127.35900115966797,"confidence":0.8867999911308289}},{"type":"Feature","geometry":null,"properties":{"risk_score":1.0400836295383193,"verdict":"RED_BLOCKS_DRAINAGE","lost_frac":0,"flow_frac":1.0,"upstream_km2":2.391896963119507,"hand_m":50,"area_in_meters":288.3374938964844,"confidence":0.8867999911308289}},{"type":"Feature","geometry":null,"properties":{"risk_score":2.7478633657411784,"verdict":"RED_BLOCKS_DRAINAGE","lost_frac":0,"flow_frac":1.0,"upstream_km2":24.2005672454834,"hand_m":50,"area_in_meters":73.61540222167969,"confidence":0.7562000155448914}},{"type":"Feature","geometry":null,"properties":{"risk_score":2.7122756430907033,"verdict":"RED_BLOCKS_DRAINAGE","lost_frac":0,"flow_frac":1.0,"upstream_km2":23.169105529785156,"hand_m":50,"area_in_meters":165.3188934326172,"confidence":0.7562000155448914}},{"type":"Feature","geometry":null,"properties":{"risk_score":1.1947297997953303,"verdict":"RED_BLOCKS_DRAINAGE","lost_frac":0,"flow_frac":1.0,"upstream_km2":3.0673561096191406,"hand_m":50,"area_in_meters":231.6555938720703,"confidence":0.8187000155448914}},{"type":"Feature","geometry":null,"properties":{"risk_score":2.795489839364128,"verdict":"RED_BLOCKS_DRAINAGE","lost_frac":0,"flow_frac":1.0,"upstream_km2":25.65015983581543,"hand_m":50,"area_in_meters":167.27310180664062,"confidence":0.8187000155448914}},{"type":"Feature","geometry":null,"properties":{"risk_score":1.8168169333870148,"verdict":"RED_BLOCKS_DRAINAGE","lost_frac":0,"flow_frac":1.0,"upstream_km2":7.444552421569824,"hand_m":50,"area_in_meters":98.9729995727539,"confidence":0.8187000155448914}},{"type":"Feature","geometry":null,"properties":{"risk_score":2.7122756430907033,"verdict":"RED_BLOCKS_DRAINAGE","lost_frac":0,"flow_frac":1.0,"upstream_km2":23.169105529785156,"hand_m":50,"area_in_meters":64.10569763183594,"confidence":0.8187000155448914}},{"type":"Feature","geometry":null,"properties":{"risk_score":2.410000006003811,"verdict":"RED_BLOCKS_DRAINAGE","lost_frac":0,"flow_frac":1.0,"upstream_km2":15.947279930114746,"hand_m":50,"area_in_meters":80.23280334472656,"confidence":0.8812000155448914}},{"type":"Feature","geometry":null,"properties":{"risk_score":1.2050599037414342,"verdict":"RED_BLOCKS_DRAINAGE","lost_frac":0,"flow_frac":1.0,"upstream_km2":3.116997003555298,"hand_m":50,"area_in_meters":317.99951171875,"confidence":0.8812000155448914}},{"type":"Feature","geometry":null,"properties":{"risk_score":2.707563243983808,"verdict":"RED_BLOCKS_DRAINAGE","lost_frac":0,"flow_frac":1.0,"upstream_km2":23.03572654724121,"hand_m":50,"area_in_meters":78.59839630126953,"confidence":0.7785999774932861}},{"type":"Feature","geometry":null,"properties":{"risk_score":1.7528822732789648,"verdict":"RED_BLOCKS_DRAINAGE","lost_frac":0,"flow_frac":1.0,"upstream_km2":6.833754539489746,"hand_m":50,"area_in_meters":132.7593994140625,"confidence":0.7785999774932861}},{"type":"Feature","geometry":null,"properties":{"risk_score":2.8042594363021713,"verdict":"RED_BLOCKS_DRAINAGE","lost_frac":0,"flow_frac":1.0,"upstream_km2":25.926029205322266,"hand_m":50,"area_in_meters":194.73280334472656,"confidence":0.7785999774932861}},{"type":"Feature","geometry":null,"properties":{"risk_score":2.384922637330153,"verdict":"RED_BLOCKS_DRAINAGE","lost_frac":0,"flow_frac":1.0,"upstream_km2":15.455479621887207,"hand_m":50,"area_in_meters":124.64630126953125,"confidence":0.7785999774932861}},{"type":"Feature","geometry":null,"properties":{"risk_score":2.7195868167943518,"verdict":"RED_BLOCKS_DRAINAGE","lost_frac":0,"flow_frac":1.0,"upstream_km2":23.377506256103516,"hand_m":50,"area_in_meters":54.12879943847656,"confidence":0.7785999774932861}},{"type":"Feature","geometry":null,"properties":{"risk_score":2.754111722614967,"verdict":"RED_BLOCKS_DRAINAGE","lost_frac":0,"flow_frac":1.0,"upstream_km2":24.386157989501953,"hand_m":50,"area_in_meters":104.82170104980469,"confidence":0.8410999774932861}},{"type":"Feature","geometry":null,"properties":{"risk_score":1.0147431240022355,"verdict":"RED_BLOCKS_DRAINAGE","lost_frac":0,"flow_frac":1.0,"upstream_km2":2.2924485206604004,"hand_m":50,"area_in_meters":86.03040313720703,"confidence":0.8410999774932861}},{"type":"Feature","geometry":null,"properties":{"risk_score":2.7574605196361532,"verdict":"RED_BLOCKS_DRAINAGE","lost_frac":0,"flow_frac":1.0,"upstream_km2":24.486186981201172,"hand_m":50,"area_in_meters":242.8262939453125,"confidence":0.9035999774932861}},{"type":"Feature","geometry":null,"properties":{"risk_score":1.754883043810054,"verdict":"RED_BLOCKS_DRAINAGE","lost_frac":0,"flow_frac":1.0,"upstream_km2":6.852181911468506,"hand_m":50,"area_in_meters":59.15620040893555,"confidence":0.7674000263214111}},{"type":"Feature","geometry":null,"properties":{"risk_score":1.3664825423123341,"verdict":"RED_BLOCKS_DRAINAGE","lost_frac":0,"flow_frac":1.0,"upstream_km2":3.976294755935669,"hand_m":50,"area_in_meters":78.72429656982422,"confidence":0.7674000263214111}},{"type":"Feature","geometry":null,"properties":{"risk_score":1.9758507251855266,"verdict":"RED_BLOCKS_DRAINAGE","lost_frac":0,"flow_frac":1.0,"upstream_km2":9.178502082824707,"hand_m":50,"area_in_meters":152.2886962890625,"confidence":0.7674000263214111}},{"type":"Feature","geometry":null,"properties":{"risk_score":1.8058181734407701,"verdict":"RED_BLOCKS_DRAINAGE","lost_frac":0,"flow_frac":1.0,"upstream_km2":7.336183547973633,"hand_m":50,"area_in_meters":72.32599639892578,"confidence":0.7674000263214111}},{"type":"Feature","geometry":null,"properties":{"risk_score":3.7119674972146903,"verdict":"RED_BLOCKS_DRAINAGE","lost_frac":0,"flow_frac":1.0,"upstream_km2":77.181396484375,"hand_m":50,"area_in_meters":271.60980224609375,"confidence":0.8299000263214111}},{"type":"Feature","geometry":null,"properties":{"risk_score":2.6490656507866284,"verdict":"AMBER_PARTIAL","lost_frac":0,"flow_frac":0.3630434782608696,"upstream_km2":0.8345443487855727,"hand_m":2.611545065174932,"area_in_meters":1592.7911376953125,"confidence":0.8924000263214111}},{"type":"Feature","geometry":null,"properties":{"risk_score":1.9779404050100857,"verdict":"RED_BLOCKS_DRAINAGE","lost_frac":0,"flow_frac":1.0,"upstream_km2":9.203510284423828,"hand_m":50,"area_in_meters":66.11630249023438,"confidence":0.7730000019073486}},{"type":"Feature","geometry":null,"properties":{"risk_score":1.027435735880982,"verdict":"RED_BLOCKS_DRAINAGE","lost_frac":0,"flow_frac":1.0,"upstream_km2":2.341890573501587,"hand_m":50,"area_in_meters":137.21600341796875,"confidence":0.7730000019073486}},{"type":"Feature","geometry":null,"properties":{"risk_score":1.8168169333870148,"verdict":"RED_BLOCKS_DRAINAGE","lost_frac":0,"flow_frac":1.0,"upstream_km2":7.444552421569824,"hand_m":50,"area_in_meters":81.78189849853516,"confidence":0.8355000019073486}},{"type":"Feature","geometry":null,"properties":{"risk_score":2.7847691750353207,"verdict":"RED_BLOCKS_DRAINAGE","lost_frac":0,"flow_frac":1.0,"upstream_km2":25.31675148010254,"hand_m":50,"area_in_meters":91.17160034179688,"confidence":0.8355000019073486}},{"type":"Feature","geometry":null,"properties":{"risk_score":1.2254810334339632,"verdict":"RED_BLOCKS_DRAINAGE","lost_frac":0,"flow_frac":1.0,"upstream_km2":3.2169196605682373,"hand_m":50,"area_in_meters":58.265098571777344,"confidence":0.7897999882698059}},{"type":"Feature","geometry":null,"properties":{"risk_score":2.685119399620741,"verdict":"RED_BLOCKS_DRAINAGE","lost_frac":0,"flow_frac":1.0,"upstream_km2":22.410511016845703,"hand_m":50,"area_in_meters":43.32210159301758,"confidence":0.8522999882698059}},{"type":"Feature","geometry":null,"properties":{"risk_score":2.7279899493783475,"verdict":"RED_BLOCKS_DRAINAGE","lost_frac":0,"flow_frac":1.0,"upstream_km2":23.619253158569336,"hand_m":50,"area_in_meters":181.0167999267578,"confidence":0.8522999882698059}},{"type":"Feature","geometry":null,"properties":{"risk_score":1.9807186124503784,"verdict":"RED_BLOCKS_DRAINAGE","lost_frac":0,"flow_frac":1.0,"upstream_km2":9.23685359954834,"hand_m":50,"area_in_meters":94.68569946289062,"confidence":0.8522999882698059}},{"type":"Feature","geometry":null,"properties":{"risk_score":1.2271810506247398,"verdict":"RED_BLOCKS_DRAINAGE","lost_frac":0,"flow_frac":1.0,"upstream_km2":3.225346565246582,"hand_m":50,"area_in_meters":118.44229888916016,"confidence":0.7842000126838684}},{"type":"Feature","geometry":null,"properties":{"risk_score":1.360056503406639,"verdict":"GREEN_CLEAR","lost_frac":0,"flow_frac":0.07692307692307693,"upstream_km2":1.9551365805359986,"hand_m":1.6615271935096154,"area_in_meters":47.49190139770508,"confidence":0.8467000126838684}},{"type":"Feature","geometry":null,"properties":{"risk_score":1.2271810506247398,"verdict":"RED_BLOCKS_DRAINAGE","lost_frac":0,"flow_frac":1.0,"upstream_km2":3.225346565246582,"hand_m":50,"area_in_meters":137.04580688476562,"confidence":0.8467000126838684}},{"type":"Feature","geometry":null,"properties":{"risk_score":88.66115143605063,"verdict":"RED_BLOCKS_DRAINAGE","lost_frac":0,"flow_frac":0.9476439790575917,"upstream_km2":10.30208370919432,"hand_m":0.12565572848494763,"area_in_meters":662.6126708984375,"confidence":0.8467000126838684}},{"type":"Feature","geometry":null,"properties":{"risk_score":1.2871678626620489,"verdict":"RED_BLOCKS_DRAINAGE","lost_frac":0,"flow_frac":1.0,"upstream_km2":3.5337295532226562,"hand_m":50,"area_in_meters":89.4354019165039,"confidence":0.8467000126838684}},{"type":"Feature","geometry":null,"properties":{"risk_score":4.5901835501261115,"verdict":"RED_BLOCKS_DRAINAGE","lost_frac":0,"flow_frac":1.0,"upstream_km2":218.2772674560547,"hand_m":50,"area_in_meters":336.9039001464844,"confidence":0.9092000126838684}},{"type":"Feature","geometry":null,"properties":{"risk_score":115.22096005504478,"verdict":"RED_BLOCKS_DRAINAGE","lost_frac":0,"flow_frac":0.875,"upstream_km2":21.37346534745302,"hand_m":0.02500152587890625,"area_in_meters":57.92490005493164,"confidence":0.7384999990463257}},{"type":"Feature","geometry":null,"properties":{"risk_score":23.4086972724849,"verdict":"AMBER_PARTIAL","lost_frac":0,"flow_frac":0.37037037037037035,"upstream_km2":7.730630984633333,"hand_m":0.48891420717592593,"area_in_meters":98.10639953613281,"confidence":0.7384999990463257}},{"type":"Feature","geometry":null,"properties":{"risk_score":2.7994755610117856,"verdict":"RED_BLOCKS_DRAINAGE","lost_frac":0,"flow_frac":1.0,"upstream_km2":25.775188446044922,"hand_m":50,"area_in_meters":44.159400939941406,"confidence":0.7384999990463257}},{"type":"Feature","geometry":null,"properties":{"risk_score":1.027435735880982,"verdict":"RED_BLOCKS_DRAINAGE","lost_frac":0,"flow_frac":1.0,"upstream_km2":2.341890573501587,"hand_m":50,"area_in_meters":75.31890106201172,"confidence":0.8009999990463257}},{"type":"Feature","geometry":null,"properties":{"risk_score":1.0124383803323538,"verdict":"RED_BLOCKS_DRAINAGE","lost_frac":0,"flow_frac":1.0,"upstream_km2":2.2835495471954346,"hand_m":50,"area_in_meters":89.83689880371094,"confidence":0.8009999990463257}},{"type":"Feature","geometry":null,"properties":{"risk_score":2.9128290440072093,"verdict":"RED_BLOCKS_DRAINAGE","lost_frac":0,"flow_frac":1.0,"upstream_km2":29.587417602539062,"hand_m":50,"area_in_meters":123.32879638671875,"confidence":0.8634999990463257}},{"type":"Feature","geometry":null,"properties":{"risk_score":56.61513325159995,"verdict":"RED_BLOCKS_DRAINAGE","lost_frac":0,"flow_frac":0.7272727272727273,"upstream_km2":6.729457952547818,"hand_m":0.1409079811789773,"area_in_meters":81.15769958496094,"confidence":0.8065999746322632}},{"type":"Feature","geometry":null,"properties":{"risk_score":2.625733414849012,"verdict":"RED_BLOCKS_DRAINAGE","lost_frac":0,"flow_frac":1.0,"upstream_km2":20.833534240722656,"hand_m":50,"area_in_meters":79.67489624023438,"confidence":0.8690999746322632}},{"type":"Feature","geometry":null,"properties":{"risk_score":1.1928882961028775,"verdict":"RED_BLOCKS_DRAINAGE","lost_frac":0,"flow_frac":1.0,"upstream_km2":3.05856990814209,"hand_m":50,"area_in_meters":177.20379638671875,"confidence":0.8690999746322632}},{"type":"Feature","geometry":null,"properties":{"risk_score":137.4203711022494,"verdict":"RED_BLOCKS_DRAINAGE","lost_frac":0,"flow_frac":0.7037037037037037,"upstream_km2":132.7803609545032,"hand_m":0.08888527199074074,"area_in_meters":101.53569793701172,"confidence":0.7329000234603882}},{"type":"Feature","geometry":null,"properties":{"risk_score":4.7893514386612255,"verdict":"RED_BLOCKS_DRAINAGE","lost_frac":0,"flow_frac":1.0,"upstream_km2":276.05706787109375,"hand_m":50,"area_in_meters":90.78240203857422,"confidence":0.7329000234603882}},{"type":"Feature","geometry":null,"properties":{"risk_score":1.9779404050100857,"verdict":"RED_BLOCKS_DRAINAGE","lost_frac":0,"flow_frac":1.0,"upstream_km2":9.203510284423828,"hand_m":50,"area_in_meters":152.56829833984375,"confidence":0.7954000234603882}},{"type":"Feature","geometry":null,"properties":{"risk_score":3.6644506389741767,"verdict":"RED_BLOCKS_DRAINAGE","lost_frac":0,"flow_frac":1.0,"upstream_km2":72.93836212158203,"hand_m":50,"area_in_meters":253.3739013671875,"confidence":0.7954000234603882}},{"type":"Feature","geometry":null,"properties":{"risk_score":2.8590987292321377,"verdict":"RED_BLOCKS_DRAINAGE","lost_frac":0,"flow_frac":1.0,"upstream_km2":27.717084884643555,"hand_m":50,"area_in_meters":104.31849670410156,"confidence":0.7954000234603882}},{"type":"Feature","geometry":null,"properties":{"risk_score":1.876015006290117,"verdict":"RED_BLOCKS_DRAINAGE","lost_frac":0,"flow_frac":1.0,"upstream_km2":8.052481651306152,"hand_m":50,"area_in_meters":75.34190368652344,"confidence":0.8579000234603882}},{"type":"Feature","geometry":null,"properties":{"risk_score":2.7574605196361532,"verdict":"RED_BLOCKS_DRAINAGE","lost_frac":0,"flow_frac":1.0,"upstream_km2":24.486186981201172,"hand_m":50,"area_in_meters":87.4636001586914,"confidence":0.8579000234603882}},{"type":"Feature","geometry":null,"properties":{"risk_score":1.3832894295007796,"verdict":"RED_BLOCKS_DRAINAGE","lost_frac":0,"flow_frac":1.0,"upstream_km2":4.075485706329346,"hand_m":50,"area_in_meters":117.00679779052734,"confidence":0.8579000234603882}},{"type":"Feature","geometry":null,"properties":{"risk_score":108.00650258480266,"verdict":"RED_BLOCKS_DRAINAGE","lost_frac":0,"flow_frac":0.9,"upstream_km2":18.773515594843776,"hand_m":0.08000488281250001,"area_in_meters":78.37300109863281,"confidence":0.755299985408783}},{"type":"Feature","geometry":null,"properties":{"risk_score":2.726258167272088,"verdict":"RED_BLOCKS_DRAINAGE","lost_frac":0,"flow_frac":1.0,"upstream_km2":23.569236755371094,"hand_m":50,"area_in_meters":105.0969009399414,"confidence":0.817799985408783}},{"type":"Feature","geometry":null,"properties":{"risk_score":2.8608269530142323,"verdict":"RED_BLOCKS_DRAINAGE","lost_frac":0,"flow_frac":1.0,"upstream_km2":27.77542495727539,"hand_m":50,"area_in_meters":174.29519653320312,"confidence":0.817799985408783}},{"type":"Feature","geometry":null,"properties":{"risk_score":3.3589171461264526,"verdict":"AMBER_PARTIAL","lost_frac":0,"flow_frac":0.4090909090909091,"upstream_km2":0.8470280942591754,"hand_m":2.2454473322088067,"area_in_meters":78.81210327148438,"confidence":0.880299985408783}},{"type":"Feature","geometry":null,"properties":{"risk_score":3.712330649669868,"verdict":"RED_BLOCKS_DRAINAGE","lost_frac":0,"flow_frac":1.0,"upstream_km2":77.2147445678711,"hand_m":50,"area_in_meters":225.9561004638672,"confidence":0.880299985408783}},{"type":"Feature","geometry":null,"properties":{"risk_score":2.7555128220149228,"verdict":"RED_BLOCKS_DRAINAGE","lost_frac":0,"flow_frac":1.0,"upstream_km2":24.427961150212074,"hand_m":50,"area_in_meters":205.01609802246094,"confidence":0.880299985408783}},{"type":"Feature","geometry":null,"properties":{"risk_score":1.6069007877652177,"verdict":"GREEN_CLEAR","lost_frac":0,"flow_frac":0.08333333333333333,"upstream_km2":2.518408553674817,"hand_m":1.8333333333333333,"area_in_meters":45.471500396728516,"confidence":0.7497000098228455}},{"type":"Feature","geometry":null,"properties":{"risk_score":2.728566428327632,"verdict":"RED_BLOCKS_DRAINAGE","lost_frac":0,"flow_frac":1.0,"upstream_km2":23.63592529296875,"hand_m":50,"area_in_meters":54.90489959716797,"confidence":0.7497000098228455}},{"type":"Feature","geometry":null,"properties":{"risk_score":2.713449662687177,"verdict":"RED_BLOCKS_DRAINAGE","lost_frac":0,"flow_frac":1.0,"upstream_km2":23.202449798583984,"hand_m":50,"area_in_meters":134.02890014648438,"confidence":0.8122000098228455}},{"type":"Feature","geometry":null,"properties":{"risk_score":1.2871678626620489,"verdict":"RED_BLOCKS_DRAINAGE","lost_frac":0,"flow_frac":1.0,"upstream_km2":3.5337295532226562,"hand_m":50,"area_in_meters":82.3678970336914,"confidence":0.8747000098228455}},{"type":"Feature","geometry":null,"properties":{"risk_score":1.0147431240022355,"verdict":"RED_BLOCKS_DRAINAGE","lost_frac":0,"flow_frac":1.0,"upstream_km2":2.2924485206604004,"hand_m":50,"area_in_meters":143.90870666503906,"confidence":0.8747000098228455}},{"type":"Feature","geometry":null,"properties":{"risk_score":37.13177417118566,"verdict":"RED_BLOCKS_DRAINAGE","lost_frac":0,"flow_frac":0.6538461538461539,"upstream_km2":10.489170742676603,"hand_m":0.8670416192694025,"area_in_meters":629.239990234375,"confidence":0.7664999961853027}},{"type":"Feature","geometry":null,"properties":{"risk_score":2.734882007150012,"verdict":"RED_BLOCKS_DRAINAGE","lost_frac":0,"flow_frac":1.0,"upstream_km2":23.819316864013672,"hand_m":50,"area_in_meters":215.14840698242188,"confidence":0.8914999961853027}},{"type":"Feature","geometry":null,"properties":{"risk_score":1.0124383803323538,"verdict":"RED_BLOCKS_DRAINAGE","lost_frac":0,"flow_frac":1.0,"upstream_km2":2.2835495471954346,"hand_m":50,"area_in_meters":94.93099975585938,"confidence":0.7720999717712402}},{"type":"Feature","geometry":null,"properties":{"risk_score":77.11651062908159,"verdict":"AMBER_PARTIAL","lost_frac":0,"flow_frac":0.4411764705882353,"upstream_km2":96.63524082178414,"hand_m":0.13823565314797795,"area_in_meters":229.8675994873047,"confidence":0.8345999717712402}},{"type":"Feature","geometry":null,"properties":{"risk_score":112.78481232959376,"verdict":"RED_BLOCKS_DRAINAGE","lost_frac":0,"flow_frac":0.9292035398230089,"upstream_km2":21.901208383187786,"hand_m":0.12035052544247787,"area_in_meters":381.83990478515625,"confidence":0.8970999717712402}},{"type":"Feature","geometry":null,"properties":{"risk_score":61.545538918936856,"verdict":"RED_BLOCKS_DRAINAGE","lost_frac":0,"flow_frac":0.5757575757575757,"upstream_km2":13.442855247945497,"hand_m":0.08485366358901514,"area_in_meters":236.0496063232422,"confidence":0.8970999717712402}},{"type":"Feature","geometry":null,"properties":{"risk_score":3.728600488238766,"verdict":"RED_BLOCKS_DRAINAGE","lost_frac":0,"flow_frac":1.0,"upstream_km2":78.72348022460938,"hand_m":50,"area_in_meters":199.99130249023438,"confidence":0.8234000205993652}},{"type":"Feature","geometry":null,"properties":{"risk_score":1.7722232093405244,"verdict":"RED_BLOCKS_DRAINAGE","lost_frac":0,"flow_frac":1.0,"upstream_km2":7.01371396029437,"hand_m":50,"area_in_meters":96.27970123291016,"confidence":0.8234000205993652}},{"type":"Feature","geometry":null,"properties":{"risk_score":2.726258167272088,"verdict":"RED_BLOCKS_DRAINAGE","lost_frac":0,"flow_frac":1.0,"upstream_km2":23.569236755371094,"hand_m":50,"area_in_meters":194.6029052734375,"confidence":0.8234000205993652}},{"type":"Feature","geometry":null,"properties":{"risk_score":1.0082505075556958,"verdict":"RED_BLOCKS_DRAINAGE","lost_frac":0,"flow_frac":1.0,"upstream_km2":2.2674410343170166,"hand_m":50,"area_in_meters":114.10890197753906,"confidence":0.8859000205993652}},{"type":"Feature","geometry":null,"properties":{"risk_score":124.51316690003173,"verdict":"RED_BLOCKS_DRAINAGE","lost_frac":0,"flow_frac":0.9090909090909091,"upstream_km2":23.104643478312276,"hand_m":0.00909423828125,"area_in_meters":76.81340026855469,"confidence":0.8859000205993652}},{"type":"Feature","geometry":null,"properties":{"risk_score":87.62123260403865,"verdict":"RED_BLOCKS_DRAINAGE","lost_frac":0,"flow_frac":0.5697674418604651,"upstream_km2":157.29666207565083,"hand_m":0.4302325581395348,"area_in_meters":298.7676086425781,"confidence":0.7777000069618225}},{"type":"Feature","geometry":null,"properties":{"risk_score":1.2254810334339632,"verdict":"RED_BLOCKS_DRAINAGE","lost_frac":0,"flow_frac":1.0,"upstream_km2":3.2169196605682373,"hand_m":50,"area_in_meters":85.09239959716797,"confidence":0.8402000069618225}},{"type":"Feature","geometry":null,"properties":{"risk_score":1.0147431240022355,"verdict":"RED_BLOCKS_DRAINAGE","lost_frac":0,"flow_frac":1.0,"upstream_km2":2.2924485206604004,"hand_m":50,"area_in_meters":253.5247039794922,"confidence":0.9027000069618225}},{"type":"Feature","geometry":null,"properties":{"risk_score":2.047000350866035,"verdict":"AMBER_PARTIAL","lost_frac":0,"flow_frac":0.25,"upstream_km2":0.6021384198684245,"hand_m":1.5,"area_in_meters":109.01959991455078,"confidence":0.84579998254776}},{"type":"Feature","geometry":null,"properties":{"risk_score":59.09085975524428,"verdict":"RED_BLOCKS_DRAINAGE","lost_frac":0,"flow_frac":0.8133333333333332,"upstream_km2":6.056458718602856,"hand_m":0.16800455729166663,"area_in_meters":244.7001953125,"confidence":0.84579998254776}},{"type":"Feature","geometry":null,"properties":{"risk_score":2.410000006003811,"verdict":"RED_BLOCKS_DRAINAGE","lost_frac":0,"flow_frac":1.0,"upstream_km2":15.947279930114746,"hand_m":50,"area_in_meters":100.52559661865234,"confidence":0.84579998254776}},{"type":"Feature","geometry":null,"properties":{"risk_score":1.0379858295247464,"verdict":"RED_BLOCKS_DRAINAGE","lost_frac":0,"flow_frac":1.0,"upstream_km2":2.3835513591766357,"hand_m":50,"area_in_meters":86.8740005493164,"confidence":0.7944999933242798}},{"type":"Feature","geometry":null,"properties":{"risk_score":6.981542302459304,"verdict":"AMBER_PARTIAL","lost_frac":0,"flow_frac":0.4411764705882353,"upstream_km2":1.3468716415193152,"hand_m":1.3411901137408089,"area_in_meters":139.84979248046875,"confidence":0.8569999933242798}},{"type":"Feature","geometry":null,"properties":{"risk_score":1.7301189979849534,"verdict":"RED_BLOCKS_DRAINAGE","lost_frac":0,"flow_frac":1.0,"upstream_km2":6.627121925354004,"hand_m":50,"area_in_meters":233.3876953125,"confidence":0.7264000177383423}},{"type":"Feature","geometry":null,"properties":{"risk_score":13.985855331979192,"verdict":"RED_BLOCKS_DRAINAGE","lost_frac":0,"flow_frac":0.6595744680851063,"upstream_km2":2.0644035662742373,"hand_m":1.2936128656914894,"area_in_meters":161.5493927001953,"confidence":0.7889000177383423}},{"type":"Feature","geometry":null,"properties":{"risk_score":3.727263939838414,"verdict":"RED_BLOCKS_DRAINAGE","lost_frac":0,"flow_frac":1.0,"upstream_km2":78.59844970703125,"hand_m":50,"area_in_meters":249.49459838867188,"confidence":0.8514000177383423}},{"type":"Feature","geometry":null,"properties":{"risk_score":1.9779404050100857,"verdict":"RED_BLOCKS_DRAINAGE","lost_frac":0,"flow_frac":1.0,"upstream_km2":9.203510284423828,"hand_m":50,"area_in_meters":81.98609924316406,"confidence":0.8514000177383423}},{"type":"Feature","geometry":null,"properties":{"risk_score":1.7329064030356987,"verdict":"RED_BLOCKS_DRAINAGE","lost_frac":0,"flow_frac":1.0,"upstream_km2":6.65212869644165,"hand_m":50,"area_in_meters":404.60528564453125,"confidence":0.9139000177383423}},{"type":"Feature","geometry":null,"properties":{"risk_score":1.0970224511399114,"verdict":"RED_BLOCKS_DRAINAGE","lost_frac":0,"flow_frac":0.9,"upstream_km2":3.1845239285379647,"hand_m":50,"area_in_meters":74.01629638671875,"confidence":0.7432000041007996}},{"type":"Feature","geometry":null,"properties":{"risk_score":42.980989056217425,"verdict":"RED_BLOCKS_DRAINAGE","lost_frac":0,"flow_frac":0.6923076923076923,"upstream_km2":5.775990431125347,"hand_m":0.3384728064903846,"area_in_meters":50.26029968261719,"confidence":0.8057000041007996}},{"type":"Feature","geometry":null,"properties":{"risk_score":2.7537424114100904,"verdict":"RED_BLOCKS_DRAINAGE","lost_frac":0,"flow_frac":1.0,"upstream_km2":24.375150680541992,"hand_m":50,"area_in_meters":92.78579711914062,"confidence":0.8057000041007996}},{"type":"Feature","geometry":null,"properties":{"risk_score":38.17700409823655,"verdict":"RED_BLOCKS_DRAINAGE","lost_frac":0,"flow_frac":0.6666666666666666,"upstream_km2":14.943119413219392,"hand_m":1.0999959309895833,"area_in_meters":84.75489807128906,"confidence":0.8057000041007996}},{"type":"Feature","geometry":null,"properties":{"risk_score":95.1256322560216,"verdict":"RED_BLOCKS_DRAINAGE","lost_frac":0,"flow_frac":0.7272727272727273,"upstream_km2":21.061795093119144,"hand_m":0.027266068892045452,"area_in_meters":146.60650634765625,"confidence":0.8057000041007996}},{"type":"Feature","geometry":null,"properties":{"risk_score":3.724316095563377,"verdict":"RED_BLOCKS_DRAINAGE","lost_frac":0,"flow_frac":1.0,"upstream_km2":78.32337951660156,"hand_m":50,"area_in_meters":92.23310089111328,"confidence":0.8057000041007996}},{"type":"Feature","geometry":null,"properties":{"risk_score":1.8058181734407701,"verdict":"RED_BLOCKS_DRAINAGE","lost_frac":0,"flow_frac":1.0,"upstream_km2":7.336183547973633,"hand_m":50,"area_in_meters":74.4260025024414,"confidence":0.8057000041007996}},{"type":"Feature","geometry":null,"properties":{"risk_score":6.580287779008202,"verdict":"AMBER_PARTIAL","lost_frac":0,"flow_frac":0.22340425531914893,"upstream_km2":1.167257668410844,"hand_m":0.1404341028091755,"area_in_meters":1304.578857421875,"confidence":0.8682000041007996}},{"type":"Feature","geometry":null,"properties":{"risk_score":4.462602477385513,"verdict":"RED_BLOCKS_DRAINAGE","lost_frac":0,"flow_frac":1.0,"upstream_km2":187.76751708984375,"hand_m":50,"area_in_meters":49.485198974609375,"confidence":0.7487999796867371}},{"type":"Feature","geometry":null,"properties":{"risk_score":2.7984145408371424,"verdict":"RED_BLOCKS_DRAINAGE","lost_frac":0,"flow_frac":1.0,"upstream_km2":25.74184799194336,"hand_m":50,"area_in_meters":41.46950149536133,"confidence":0.7487999796867371}},{"type":"Feature","geometry":null,"properties":{"risk_score":10.266020720197268,"verdict":"AMBER_PARTIAL","lost_frac":0,"flow_frac":0.18518518518518517,"upstream_km2":3.8966453257534237,"hand_m":0.24448423032407407,"area_in_meters":90.48989868164062,"confidence":0.8112999796867371}},{"type":"Feature","geometry":null,"properties":{"risk_score":2.188845727813047,"verdict":"RED_BLOCKS_DRAINAGE","lost_frac":0,"flow_frac":1.0,"upstream_km2":12.071075439453125,"hand_m":50,"area_in_meters":205.59820556640625,"confidence":0.8737999796867371}},{"type":"Feature","geometry":null,"properties":{"risk_score":1.9807186124503784,"verdict":"RED_BLOCKS_DRAINAGE","lost_frac":0,"flow_frac":1.0,"upstream_km2":9.23685359954834,"hand_m":50,"area_in_meters":116.14409637451172,"confidence":0.8737999796867371}},{"type":"Feature","geometry":null,"properties":{"risk_score":100.43806197909564,"verdict":"RED_BLOCKS_DRAINAGE","lost_frac":0,"flow_frac":0.9047619047619048,"upstream_km2":22.11209349378589,"hand_m":0.22856794084821427,"area_in_meters":71.568603515625,"confidence":0.7376000285148621}},{"type":"Feature","geometry":null,"properties":{"risk_score":1.1929829868770292,"verdict":"RED_BLOCKS_DRAINAGE","lost_frac":0,"flow_frac":1.0,"upstream_km2":3.059021234512329,"hand_m":50,"area_in_meters":120.67900085449219,"confidence":0.7376000285148621}},{"type":"Feature","geometry":null,"properties":{"risk_score":3.72506761309694,"verdict":"RED_BLOCKS_DRAINAGE","lost_frac":0,"flow_frac":1.0,"upstream_km2":78.3934149534806,"hand_m":50,"area_in_meters":315.8609924316406,"confidence":0.8001000285148621}},{"type":"Feature","geometry":null,"properties":{"risk_score":1.2553625720487296,"verdict":"RED_BLOCKS_DRAINAGE","lost_frac":0,"flow_frac":1.0,"upstream_km2":3.3675200939178467,"hand_m":50,"area_in_meters":49.75910186767578,"confidence":0.8626000285148621}},{"type":"Feature","geometry":null,"properties":{"risk_score":9.041476574343024,"verdict":"AMBER_PARTIAL","lost_frac":0,"flow_frac":0.26666666666666666,"upstream_km2":6.264567261685928,"hand_m":1.54002685546875,"area_in_meters":110.76490020751953,"confidence":0.8626000285148621}},{"type":"Feature","geometry":null,"properties":{"risk_score":7.918279952416089,"verdict":"RED_BLOCKS_DRAINAGE","lost_frac":0,"flow_frac":0.588235294117647,"upstream_km2":1.214299333446166,"hand_m":1.5647008559283087,"area_in_meters":177.29879760742188,"confidence":0.8626000285148621}},{"type":"Feature","geometry":null,"properties":{"risk_score":2.7279899493783475,"verdict":"RED_BLOCKS_DRAINAGE","lost_frac":0,"flow_frac":1.0,"upstream_km2":23.619253158569336,"hand_m":50,"area_in_meters":249.456298828125,"confidence":0.8626000285148621}},{"type":"Feature","geometry":null,"properties":{"risk_score":69.17920286692011,"verdict":"RED_BLOCKS_DRAINAGE","lost_frac":0,"flow_frac":0.8089887640449438,"upstream_km2":21.986939750329245,"hand_m":0.5921301681004214,"area_in_meters":307.92840576171875,"confidence":0.8626000285148621}},{"type":"Feature","geometry":null,"properties":{"risk_score":2.4213470410251388,"verdict":"GREEN_CLEAR","lost_frac":0,"flow_frac":0.12312312312312311,"upstream_km2":2.6208119210940937,"hand_m":1.841473553631757,"area_in_meters":1146.1724853515625,"confidence":0.7544000148773193}},{"type":"Feature","geometry":null,"properties":{"risk_score":5.310869277682845,"verdict":"AMBER_PARTIAL","lost_frac":0,"flow_frac":0.3870967741935484,"upstream_km2":1.1827929470567935,"hand_m":1.4709827053931452,"area_in_meters":130.0435028076172,"confidence":0.8169000148773193}},{"type":"Feature","geometry":null,"properties":{"risk_score":1.0463346721211475,"verdict":"RED_BLOCKS_DRAINAGE","lost_frac":0,"flow_frac":1.0,"upstream_km2":2.4168875217437744,"hand_m":50,"area_in_meters":159.82049560546875,"confidence":0.8794000148773193}},{"type":"Feature","geometry":null,"properties":{"risk_score":3.6651254830470728,"verdict":"RED_BLOCKS_DRAINAGE","lost_frac":0,"flow_frac":1.0,"upstream_km2":72.99698015243288,"hand_m":50,"area_in_meters":442.33770751953125,"confidence":0.8794000148773193}},{"type":"Feature","geometry":null,"properties":{"risk_score":1.5651151992171115,"verdict":"RED_BLOCKS_DRAINAGE","lost_frac":0,"flow_frac":1.0,"upstream_km2":5.283603191375732,"hand_m":50,"area_in_meters":213.51119995117188,"confidence":0.8794000148773193}},{"type":"Feature","geometry":null,"properties":{"risk_score":18.0149871889601,"verdict":"AMBER_PARTIAL","lost_frac":0,"flow_frac":0.2564102564102564,"upstream_km2":7.157164483402783,"hand_m":0.2974086663661859,"area_in_meters":172.3520050048828,"confidence":0.7599999904632568}},{"type":"Feature","geometry":null,"properties":{"risk_score":1.08093138689451,"verdict":"RED_BLOCKS_DRAINAGE","lost_frac":0,"flow_frac":1.0,"upstream_km2":2.558565855026245,"hand_m":50,"area_in_meters":53.446800231933594,"confidence":0.7599999904632568}},{"type":"Feature","geometry":null,"properties":{"risk_score":2.7441794746203723,"verdict":"RED_BLOCKS_DRAINAGE","lost_frac":0,"flow_frac":1.0,"upstream_km2":24.09178352355957,"hand_m":50,"area_in_meters":157.11790466308594,"confidence":0.8224999904632568}},{"type":"Feature","geometry":null,"properties":{"risk_score":2.384922637330153,"verdict":"RED_BLOCKS_DRAINAGE","lost_frac":0,"flow_frac":1.0,"upstream_km2":15.455479621887207,"hand_m":50,"area_in_meters":122.85320281982422,"confidence":0.8224999904632568}},{"type":"Feature","geometry":null,"properties":{"risk_score":2.7984145408371424,"verdict":"RED_BLOCKS_DRAINAGE","lost_frac":0,"flow_frac":1.0,"upstream_km2":25.74184799194336,"hand_m":50,"area_in_meters":201.24009704589844,"confidence":0.8849999904632568}},{"type":"Feature","geometry":null,"properties":{"risk_score":1.0379858295247464,"verdict":"RED_BLOCKS_DRAINAGE","lost_frac":0,"flow_frac":1.0,"upstream_km2":2.3835513591766357,"hand_m":50,"area_in_meters":49.21049880981445,"confidence":0.7087000012397766}},{"type":"Feature","geometry":null,"properties":{"risk_score":1.8760809414546453,"verdict":"RED_BLOCKS_DRAINAGE","lost_frac":0,"flow_frac":1.0,"upstream_km2":8.053182601928711,"hand_m":50,"area_in_meters":56.79359817504883,"confidence":0.7712000012397766}},{"type":"Feature","geometry":null,"properties":{"risk_score":2.634487380598563,"verdict":"AMBER_PARTIAL","lost_frac":0,"flow_frac":0.4583333333333333,"upstream_km2":0.940342432470061,"hand_m":4.0083465576171875,"area_in_meters":77.86859893798828,"confidence":0.7712000012397766}},{"type":"Feature","geometry":null,"properties":{"risk_score":2.384922637330153,"verdict":"RED_BLOCKS_DRAINAGE","lost_frac":0,"flow_frac":1.0,"upstream_km2":15.455479621887207,"hand_m":50,"area_in_meters":116.20709991455078,"confidence":0.7712000012397766}},{"type":"Feature","geometry":null,"properties":{"risk_score":24.59998554223494,"verdict":"RED_BLOCKS_DRAINAGE","lost_frac":0,"flow_frac":0.6,"upstream_km2":14.163215185701848,"hand_m":1.87998046875,"area_in_meters":93.96099853515625,"confidence":0.8962000012397766}},{"type":"Feature","geometry":null,"properties":{"risk_score":10.138541652433544,"verdict":"RED_BLOCKS_DRAINAGE","lost_frac":0,"flow_frac":0.5789473684210527,"upstream_km2":1.4075590081905063,"hand_m":1.178942228618421,"area_in_meters":79.78790283203125,"confidence":0.7142999768257141}},{"type":"Feature","geometry":null,"properties":{"risk_score":1.0483981008233028,"verdict":"RED_BLOCKS_DRAINAGE","lost_frac":0,"flow_frac":1.0,"upstream_km2":2.4251770973205566,"hand_m":50,"area_in_meters":83.38690185546875,"confidence":0.7142999768257141}},{"type":"Feature","geometry":null,"properties":{"risk_score":1.218722239743642,"verdict":"RED_BLOCKS_DRAINAGE","lost_frac":0,"flow_frac":1.0,"upstream_km2":3.1835825443267822,"hand_m":50,"area_in_meters":60.08330154418945,"confidence":0.7142999768257141}},{"type":"Feature","geometry":null,"properties":{"risk_score":1.0483981008233028,"verdict":"RED_BLOCKS_DRAINAGE","lost_frac":0,"flow_frac":1.0,"upstream_km2":2.4251770973205566,"hand_m":50,"area_in_meters":59.964500427246094,"confidence":0.8392999768257141}},{"type":"Feature","geometry":null,"properties":{"risk_score":2.9128290440072093,"verdict":"RED_BLOCKS_DRAINAGE","lost_frac":0,"flow_frac":1.0,"upstream_km2":29.587417602539062,"hand_m":50,"area_in_meters":306.3699035644531,"confidence":0.9017999768257141}},{"type":"Feature","geometry":null,"properties":{"risk_score":1.1947297997953303,"verdict":"RED_BLOCKS_DRAINAGE","lost_frac":0,"flow_frac":1.0,"upstream_km2":3.0673561096191406,"hand_m":50,"area_in_meters":107.91120147705078,"confidence":0.9017999768257141}},{"type":"Feature","geometry":null,"properties":{"risk_score":3.727263939838414,"verdict":"RED_BLOCKS_DRAINAGE","lost_frac":0,"flow_frac":1.0,"upstream_km2":78.59844970703125,"hand_m":50,"area_in_meters":67.6167984008789,"confidence":0.7031000256538391}},{"type":"Feature","geometry":null,"properties":{"risk_score":28.642189213288084,"verdict":"RED_BLOCKS_DRAINAGE","lost_frac":0,"flow_frac":0.9090909090909091,"upstream_km2":2.129749103872613,"hand_m":0.5727261629971591,"area_in_meters":80.93250274658203,"confidence":0.7656000256538391}},{"type":"Feature","geometry":null,"properties":{"risk_score":3.3864661549316715,"verdict":"AMBER_PARTIAL","lost_frac":0,"flow_frac":0.2,"upstream_km2":2.4281775459647177,"hand_m":2.160009765625,"area_in_meters":147.4799041748047,"confidence":0.8281000256538391}},{"type":"Feature","geometry":null,"properties":{"risk_score":2.9426979352073745,"verdict":"RED_BLOCKS_DRAINAGE","lost_frac":0,"flow_frac":1.0,"upstream_km2":30.6793270111084,"hand_m":50,"area_in_meters":425.960205078125,"confidence":0.8906000256538391}},{"type":"Feature","geometry":null,"properties":{"risk_score":5.974777727163749,"verdict":"AMBER_PARTIAL","lost_frac":0,"flow_frac":0.19178082191780824,"upstream_km2":4.490094677864077,"hand_m":1.3739331389126712,"area_in_meters":241.85679626464844,"confidence":0.8906000256538391}},{"type":"Feature","geometry":null,"properties":{"risk_score":2.0246478708252256,"verdict":"RED_BLOCKS_DRAINAGE","lost_frac":0,"flow_frac":1.0,"upstream_km2":9.778800010681152,"hand_m":50,"area_in_meters":60.829200744628906,"confidence":0.7199000120162964}},{"type":"Feature","geometry":null,"properties":{"risk_score":1.2050599037414342,"verdict":"RED_BLOCKS_DRAINAGE","lost_frac":0,"flow_frac":1.0,"upstream_km2":3.116997003555298,"hand_m":50,"area_in_meters":181.28750610351562,"confidence":0.7824000120162964}},{"type":"Feature","geometry":null,"properties":{"risk_score":3.66550607898337,"verdict":"RED_BLOCKS_DRAINAGE","lost_frac":0,"flow_frac":1.0,"upstream_km2":73.03005981445312,"hand_m":50,"area_in_meters":207.37789916992188,"confidence":0.9074000120162964}},{"type":"Feature","geometry":null,"properties":{"risk_score":83.99155554943043,"verdict":"RED_BLOCKS_DRAINAGE","lost_frac":0,"flow_frac":0.8095238095238095,"upstream_km2":24.884467201041325,"hand_m":0.36190941220238093,"area_in_meters":67.8812026977539,"confidence":0.7254999876022339}},{"type":"Feature","geometry":null,"properties":{"risk_score":28.453055187153016,"verdict":"RED_BLOCKS_DRAINAGE","lost_frac":0,"flow_frac":0.6218905472636816,"upstream_km2":4.424038749966604,"hand_m":0.604988971159826,"area_in_meters":698.290283203125,"confidence":0.7879999876022339}},{"type":"Feature","geometry":null,"properties":{"risk_score":4.595989870710401,"verdict":"RED_BLOCKS_DRAINAGE","lost_frac":0,"flow_frac":1.0,"upstream_km2":219.7775115966797,"hand_m":50,"area_in_meters":123.73650360107422,"confidence":0.7879999876022339}},{"type":"Feature","geometry":null,"properties":{"risk_score":2.851933382212525,"verdict":"AMBER_PARTIAL","lost_frac":0.23809523809523808,"flow_frac":0.23809523809523808,"upstream_km2":0.5263708155779612,"hand_m":0.5332961309523809,"area_in_meters":168.1259002685547,"confidence":0.8504999876022339}},{"type":"Feature","geometry":null,"properties":{"risk_score":2.754950157303483,"verdict":"RED_BLOCKS_DRAINAGE","lost_frac":0,"flow_frac":1.0,"upstream_km2":24.411165237426758,"hand_m":50,"area_in_meters":263.6380920410156,"confidence":0.8504999876022339}},{"type":"Feature","geometry":null,"properties":{"risk_score":1.8334655301663123,"verdict":"RED_BLOCKS_DRAINAGE","lost_frac":0,"flow_frac":1.0,"upstream_km2":7.611274242401123,"hand_m":50,"area_in_meters":59.686100006103516,"confidence":0.8047999739646912}},{"type":"Feature","geometry":null,"properties":{"risk_score":2.735822275084758,"verdict":"RED_BLOCKS_DRAINAGE","lost_frac":0,"flow_frac":1.0,"upstream_km2":23.84673684218834,"hand_m":50,"area_in_meters":96.49299621582031,"confidence":0.8047999739646912}},{"type":"Feature","geometry":null,"properties":{"risk_score":7.042189421842399,"verdict":"AMBER_PARTIAL","lost_frac":0,"flow_frac":0.3709677419354838,"upstream_km2":29.162732685931147,"hand_m":6.793540708480342,"area_in_meters":199.96780395507812,"confidence":0.8047999739646912}},{"type":"Feature","geometry":null,"properties":{"risk_score":2.626707973705372,"verdict":"RED_BLOCKS_DRAINAGE","lost_frac":0,"flow_frac":1.0,"upstream_km2":20.858535766601562,"hand_m":50,"area_in_meters":43.15399932861328,"confidence":0.8672999739646912}},{"type":"Feature","geometry":null,"properties":{"risk_score":1.08093138689451,"verdict":"RED_BLOCKS_DRAINAGE","lost_frac":0,"flow_frac":1.0,"upstream_km2":2.558565855026245,"hand_m":50,"area_in_meters":63.5723991394043,"confidence":0.7311000227928162}},{"type":"Feature","geometry":null,"properties":{"risk_score":13.988611343995034,"verdict":"RED_BLOCKS_DRAINAGE","lost_frac":0,"flow_frac":0.6,"upstream_km2":2.188543051481247,"hand_m":1.160009765625,"area_in_meters":125.18949890136719,"confidence":0.8561000227928162}},{"type":"Feature","geometry":null,"properties":{"risk_score":42.074721541944974,"verdict":"RED_BLOCKS_DRAINAGE","lost_frac":0,"flow_frac":0.6493506493506493,"upstream_km2":19.26965692355116,"hand_m":1.016891677658279,"area_in_meters":265.3373107910156,"confidence":0.9186000227928162}},{"type":"Feature","geometry":null,"properties":{"risk_score":2.734882007150012,"verdict":"RED_BLOCKS_DRAINAGE","lost_frac":0,"flow_frac":1.0,"upstream_km2":23.819316864013672,"hand_m":50,"area_in_meters":148.3800048828125,"confidence":0.7991999983787537}},{"type":"Feature","geometry":null,"properties":{"risk_score":6.3709334698294455,"verdict":"RED_BLOCKS_DRAINAGE","lost_frac":0,"flow_frac":0.603448275862069,"upstream_km2":1.5774944436993321,"hand_m":2.894822745487607,"area_in_meters":203.41409301757812,"confidence":0.8616999983787537}},{"type":"Feature","geometry":null,"properties":{"risk_score":7.289446548405737,"verdict":"GREEN_CLEAR","lost_frac":0,"flow_frac":0.10404624277456646,"upstream_km2":23.606738741665733,"hand_m":0.9855272590769508,"area_in_meters":1207.4422607421875,"confidence":0.8616999983787537}},{"type":"Feature","geometry":null,"properties":{"risk_score":2.707563243983808,"verdict":"RED_BLOCKS_DRAINAGE","lost_frac":0,"flow_frac":1.0,"upstream_km2":23.03572654724121,"hand_m":50,"area_in_meters":65.02230072021484,"confidence":0.8616999983787537}},{"type":"Feature","geometry":null,"properties":{"risk_score":1.131273360867122,"verdict":"RED_BLOCKS_DRAINAGE","lost_frac":0,"flow_frac":1.0,"upstream_km2":2.775282144546509,"hand_m":50,"area_in_meters":175.9763946533203,"confidence":0.7479000091552734}},{"type":"Feature","geometry":null,"properties":{"risk_score":2.8590987292321377,"verdict":"RED_BLOCKS_DRAINAGE","lost_frac":0,"flow_frac":1.0,"upstream_km2":27.717084884643555,"hand_m":50,"area_in_meters":105.681396484375,"confidence":0.8104000091552734}},{"type":"Feature","geometry":null,"properties":{"risk_score":1.32092996898325,"verdict":"RED_BLOCKS_DRAINAGE","lost_frac":0,"flow_frac":1.0,"upstream_km2":3.7170913219451904,"hand_m":50,"area_in_meters":79.3864974975586,"confidence":0.8104000091552734}},{"type":"Feature","geometry":null,"properties":{"risk_score":1.0400836295383193,"verdict":"RED_BLOCKS_DRAINAGE","lost_frac":0,"flow_frac":1.0,"upstream_km2":2.391896963119507,"hand_m":50,"area_in_meters":47.53580093383789,"confidence":0.8104000091552734}},{"type":"Feature","geometry":null,"properties":{"risk_score":221.58683124210512,"verdict":"RED_BLOCKS_DRAINAGE","lost_frac":0,"flow_frac":0.9655172413793103,"upstream_km2":219.0328007124621,"hand_m":0.020688813308189655,"area_in_meters":298.83648681640625,"confidence":0.8729000091552734}},{"type":"Feature","geometry":null,"properties":{"risk_score":6.704471412398045,"verdict":"GREEN_CLEAR","lost_frac":0,"flow_frac":0.06666666666666667,"upstream_km2":14.610160530358552,"hand_m":0.18667805989583333,"area_in_meters":97.74569702148438,"confidence":0.8729000091552734}},{"type":"Feature","geometry":null,"properties":{"risk_score":95.8556226281969,"verdict":"RED_BLOCKS_DRAINAGE","lost_frac":0,"flow_frac":0.8,"upstream_km2":22.223673723265527,"hand_m":0.139990234375,"area_in_meters":199.56570434570312,"confidence":0.8729000091552734}},{"type":"Feature","geometry":null,"properties":{"risk_score":2.9139885607176033,"verdict":"RED_BLOCKS_DRAINAGE","lost_frac":0,"flow_frac":1.0,"upstream_km2":29.62909507751465,"hand_m":50,"area_in_meters":304.8258972167969,"confidence":0.8729000091552734}},{"type":"Feature","geometry":null,"properties":{"risk_score":2.754295839983162,"verdict":"RED_BLOCKS_DRAINAGE","lost_frac":0,"flow_frac":1.0,"upstream_km2":24.391647385387888,"hand_m":50,"area_in_meters":145.14939880371094,"confidence":0.7534999847412109}},{"type":"Feature","geometry":null,"properties":{"risk_score":38.48669249508043,"verdict":"RED_BLOCKS_DRAINAGE","lost_frac":0,"flow_frac":0.8387096774193549,"upstream_km2":4.223057906684136,"hand_m":0.5645161290322581,"area_in_meters":114.65170288085938,"confidence":0.7534999847412109}},{"type":"Feature","geometry":null,"properties":{"risk_score":1.2204267331745546,"verdict":"RED_BLOCKS_DRAINAGE","lost_frac":0,"flow_frac":1.0,"upstream_km2":3.191964864730835,"hand_m":50,"area_in_meters":48.893798828125,"confidence":0.8159999847412109}},{"type":"Feature","geometry":null,"properties":{"risk_score":22.182626123078304,"verdict":"AMBER_PARTIAL","lost_frac":0,"flow_frac":0.45,"upstream_km2":10.542802010290325,"hand_m":1.1550201416015626,"area_in_meters":288.0985107421875,"confidence":0.8159999847412109}},{"type":"Feature","geometry":null,"properties":{"risk_score":5.805469325320884,"verdict":"AMBER_PARTIAL","lost_frac":0,"flow_frac":0.46551724137931033,"upstream_km2":1.0480871106144685,"hand_m":1.4965778219288792,"area_in_meters":194.35049438476562,"confidence":0.8159999847412109}},{"type":"Feature","geometry":null,"properties":{"risk_score":10.98121688739132,"verdict":"RED_BLOCKS_DRAINAGE","lost_frac":0,"flow_frac":0.5384615384615384,"upstream_km2":1.6328634052322464,"hand_m":1.0615609975961537,"area_in_meters":47.12369918823242,"confidence":0.8159999847412109}},{"type":"Feature","geometry":null,"properties":{"risk_score":2.7118020727753853,"verdict":"RED_BLOCKS_DRAINAGE","lost_frac":0,"flow_frac":1.0,"upstream_km2":23.15566828713488,"hand_m":50,"area_in_meters":230.0319061279297,"confidence":0.8784999847412109}},{"type":"Feature","geometry":null,"properties":{"risk_score":16.875889248293095,"verdict":"RED_BLOCKS_DRAINAGE","lost_frac":0,"flow_frac":0.5416666666666666,"upstream_km2":1.7547028098876278,"hand_m":0.41251118977864587,"area_in_meters":91.78289794921875,"confidence":0.8327999711036682}},{"type":"Feature","geometry":null,"properties":{"risk_score":2.711688025763225,"verdict":"RED_BLOCKS_DRAINAGE","lost_frac":0,"flow_frac":1.0,"upstream_km2":23.152433395385742,"hand_m":50,"area_in_meters":254.5491943359375,"confidence":0.8952999711036682}},{"type":"Feature","geometry":null,"properties":{"risk_score":1.1175109823518126,"verdict":"GREEN_CLEAR","lost_frac":0,"flow_frac":0.09803921568627451,"upstream_km2":2.2730419430881734,"hand_m":3.51766907935049,"area_in_meters":344.6445007324219,"confidence":0.8952999711036682}},{"type":"Feature","geometry":null,"properties":{"risk_score":2.7195868167943518,"verdict":"RED_BLOCKS_DRAINAGE","lost_frac":0,"flow_frac":1.0,"upstream_km2":23.377506256103516,"hand_m":50,"area_in_meters":132.47959899902344,"confidence":0.8216000199317932}},{"type":"Feature","geometry":null,"properties":{"risk_score":60.850367211644574,"verdict":"RED_BLOCKS_DRAINAGE","lost_frac":0,"flow_frac":0.7142857142857142,"upstream_km2":17.43701500818133,"hand_m":0.48571777343749994,"area_in_meters":117.74109649658203,"confidence":0.8216000199317932}},{"type":"Feature","geometry":null,"properties":{"risk_score":25.63002371713403,"verdict":"RED_BLOCKS_DRAINAGE","lost_frac":0,"flow_frac":0.5476190476190477,"upstream_km2":2.0845653751776334,"hand_m":0.04522705078125,"area_in_meters":153.57260131835938,"confidence":0.8216000199317932}},{"type":"Feature","geometry":null,"properties":{"risk_score":2.188845727813047,"verdict":"RED_BLOCKS_DRAINAGE","lost_frac":0,"flow_frac":1.0,"upstream_km2":12.071075439453125,"hand_m":50,"area_in_meters":60.60409927368164,"confidence":0.8216000199317932}},{"type":"Feature","geometry":null,"properties":{"risk_score":1.5244744268268031,"verdict":"AMBER_PARTIAL","lost_frac":0,"flow_frac":0.23076923076923078,"upstream_km2":0.5968490976553698,"hand_m":2.0769324669471154,"area_in_meters":40.01959991455078,"confidence":0.7021999955177307}},{"type":"Feature","geometry":null,"properties":{"risk_score":1.48148358130839,"verdict":"RED_BLOCKS_DRAINAGE","lost_frac":0,"flow_frac":0.9778325123152709,"upstream_km2":4.924955791146885,"hand_m":50,"area_in_meters":1392.6585,"confidence":0.8271999955177307}},{"type":"Feature","geometry":null,"properties":{"risk_score":2.734882007150012,"verdict":"RED_BLOCKS_DRAINAGE","lost_frac":0,"flow_frac":1.0,"upstream_km2":23.819316864013672,"hand_m":50,"area_in_meters":74.17369842529297,"confidence":0.8271999955177307}},{"type":"Feature","geometry":null,"properties":{"risk_score":49.21856136229927,"verdict":"RED_BLOCKS_DRAINAGE","lost_frac":0,"flow_frac":0.8214285714285714,"upstream_km2":3.0726731850632603,"hand_m":0.017852783203125,"area_in_meters":94.66519927978516,"confidence":0.8271999955177307}},{"type":"Feature","geometry":null,"properties":{"risk_score":2.7124457737809315,"verdict":"RED_BLOCKS_DRAINAGE","lost_frac":0,"flow_frac":1.0,"upstream_km2":23.17393469974913,"hand_m":50,"area_in_meters":465.0714111328125,"confidence":0.8896999955177307}},{"type":"Feature","geometry":null,"properties":{"risk_score":3.728600488238766,"verdict":"RED_BLOCKS_DRAINAGE","lost_frac":0,"flow_frac":1.0,"upstream_km2":78.72348022460938,"hand_m":50,"area_in_meters":66.158203125,"confidence":0.718999981880188}},{"type":"Feature","geometry":null,"properties":{"risk_score":125.41864577536033,"verdict":"RED_BLOCKS_DRAINAGE","lost_frac":0,"flow_frac":0.6842105263157895,"upstream_km2":150.48726235251678,"hand_m":0.18948524876644737,"area_in_meters":89.0459976196289,"confidence":0.781499981880188}},{"type":"Feature","geometry":null,"properties":{"risk_score":6.198071739887966,"verdict":"AMBER_PARTIAL","lost_frac":0,"flow_frac":0.36184210526315785,"upstream_km2":1.0087101545282884,"hand_m":0.7684245862458879,"area_in_meters":1059.2431,"confidence":0.843999981880188}},{"type":"Feature","geometry":null,"properties":{"risk_score":2.7994755610117856,"verdict":"RED_BLOCKS_DRAINAGE","lost_frac":0,"flow_frac":1.0,"upstream_km2":25.775188446044922,"hand_m":50,"area_in_meters":74.85209655761719,"confidence":0.843999981880188}},{"type":"Feature","geometry":null,"properties":{"risk_score":28.644287189211244,"verdict":"RED_BLOCKS_DRAINAGE","lost_frac":0,"flow_frac":0.5576923076923077,"upstream_km2":6.535570684981603,"hand_m":0.7077085054837741,"area_in_meters":186.07789611816406,"confidence":0.843999981880188}},{"type":"Feature","geometry":null,"properties":{"risk_score":2.735986286663252,"verdict":"GREEN_CLEAR","lost_frac":0,"flow_frac":0.1276595744680851,"upstream_km2":3.0451981930181065,"hand_m":1.8319468396775267,"area_in_meters":168.0966033935547,"confidence":0.843999981880188}},{"type":"Feature","geometry":null,"properties":{"risk_score":1.4569100832208393,"verdict":"RED_BLOCKS_DRAINAGE","lost_frac":0,"flow_frac":1.0,"upstream_km2":4.533808708190918,"hand_m":50,"area_in_meters":42.863800048828125,"confidence":0.7134000062942505}},{"type":"Feature","geometry":null,"properties":{"risk_score":5.313577095949388,"verdict":"AMBER_PARTIAL","lost_frac":0,"flow_frac":0.24285714285714288,"upstream_km2":18.75036478379209,"hand_m":4.921428571428573,"area_in_meters":232.5648956298828,"confidence":0.7134000062942505}},{"type":"Feature","geometry":null,"properties":{"risk_score":2.4923468041740535,"verdict":"AMBER_PARTIAL","lost_frac":0,"flow_frac":0.3125,"upstream_km2":0.7328653424046934,"hand_m":1.9937248229980469,"area_in_meters":58.72959899902344,"confidence":0.7134000062942505}},{"type":"Feature","geometry":null,"properties":{"risk_score":3.728689473464577,"verdict":"RED_BLOCKS_DRAINAGE","lost_frac":0,"flow_frac":1.0,"upstream_km2":78.7318115234375,"hand_m":50,"area_in_meters":57.53929901123047,"confidence":0.7759000062942505}},{"type":"Feature","geometry":null,"properties":{"risk_score":1.0379858295247464,"verdict":"RED_BLOCKS_DRAINAGE","lost_frac":0,"flow_frac":1.0,"upstream_km2":2.3835513591766357,"hand_m":50,"area_in_meters":78.47920227050781,"confidence":0.7759000062942505}},{"type":"Feature","geometry":null,"properties":{"risk_score":1.08093138689451,"verdict":"RED_BLOCKS_DRAINAGE","lost_frac":0,"flow_frac":1.0,"upstream_km2":2.558565855026245,"hand_m":50,"area_in_meters":56.3755989074707,"confidence":0.7759000062942505}},{"type":"Feature","geometry":null,"properties":{"risk_score":6.779882831542598,"verdict":"AMBER_PARTIAL","lost_frac":0,"flow_frac":0.2846975088967971,"upstream_km2":2.11645039584607,"hand_m":1.072953736654804,"area_in_meters":940.6309814453125,"confidence":0.8384000062942505}},{"type":"Feature","geometry":null,"properties":{"risk_score":3.727263939838414,"verdict":"RED_BLOCKS_DRAINAGE","lost_frac":0,"flow_frac":1.0,"upstream_km2":78.59844970703125,"hand_m":50,"area_in_meters":247.2989959716797,"confidence":0.8384000062942505}},{"type":"Feature","geometry":null,"properties":{"risk_score":7.636708612212724,"verdict":"AMBER_PARTIAL","lost_frac":0,"flow_frac":0.25396825396825395,"upstream_km2":2.349837323266362,"hand_m":0.746031746031746,"area_in_meters":208.029296875,"confidence":0.8384000062942505}},{"type":"Feature","geometry":null,"properties":{"risk_score":3.728600488238766,"verdict":"RED_BLOCKS_DRAINAGE","lost_frac":0,"flow_frac":1.0,"upstream_km2":78.72348022460938,"hand_m":50,"area_in_meters":420.3716125488281,"confidence":0.7871000170707703}},{"type":"Feature","geometry":null,"properties":{"risk_score":2.412926746774036,"verdict":"RED_BLOCKS_DRAINAGE","lost_frac":0,"flow_frac":1.0,"upstream_km2":16.005626678466797,"hand_m":50,"area_in_meters":105.57980346679688,"confidence":0.8496000170707703}},{"type":"Feature","geometry":null,"properties":{"risk_score":1.8140496831345745,"verdict":"RED_BLOCKS_DRAINAGE","lost_frac":0,"flow_frac":1.0,"upstream_km2":7.4171552658081055,"hand_m":50,"area_in_meters":168.4062957763672,"confidence":0.9121000170707703}},{"type":"Feature","geometry":null,"properties":{"risk_score":1.32092996898325,"verdict":"RED_BLOCKS_DRAINAGE","lost_frac":0,"flow_frac":1.0,"upstream_km2":3.7170913219451904,"hand_m":50,"area_in_meters":164.77450561523438,"confidence":0.7926999926567078}},{"type":"Feature","geometry":null,"properties":{"risk_score":1.5305396083603726,"verdict":"RED_BLOCKS_DRAINAGE","lost_frac":0,"flow_frac":1.0,"upstream_km2":5.033581733703613,"hand_m":50,"area_in_meters":683.3228759765625,"confidence":0.8551999926567078}},{"type":"Feature","geometry":null,"properties":{"risk_score":3.2599930329928895,"verdict":"AMBER_PARTIAL","lost_frac":0,"flow_frac":0.5,"upstream_km2":1.0250704712234437,"hand_m":3.70001220703125,"area_in_meters":82.16490173339844,"confidence":0.8551999926567078}},{"type":"Feature","geometry":null,"properties":{"risk_score":15.190237637440394,"verdict":"RED_BLOCKS_DRAINAGE","lost_frac":0,"flow_frac":0.68,"upstream_km2":1.6517873495817184,"hand_m":0.89599609375,"area_in_meters":95.50279998779297,"confidence":0.746999979019165}},{"type":"Feature","geometry":null,"properties":{"risk_score":1.2254810334339632,"verdict":"RED_BLOCKS_DRAINAGE","lost_frac":0,"flow_frac":1.0,"upstream_km2":3.2169196605682373,"hand_m":50,"area_in_meters":66.09310150146484,"confidence":0.809499979019165}},{"type":"Feature","geometry":null,"properties":{"risk_score":2.754111722614967,"verdict":"RED_BLOCKS_DRAINAGE","lost_frac":0,"flow_frac":1.0,"upstream_km2":24.386157989501953,"hand_m":50,"area_in_meters":169.89559936523438,"confidence":0.809499979019165}},{"type":"Feature","geometry":null,"properties":{"risk_score":2.7271244655376394,"verdict":"RED_BLOCKS_DRAINAGE","lost_frac":0,"flow_frac":1.0,"upstream_km2":23.5942440032959,"hand_m":50,"area_in_meters":124.68309783935547,"confidence":0.934499979019165}},{"type":"Feature","geometry":null,"properties":{"risk_score":3.727263939838414,"verdict":"RED_BLOCKS_DRAINAGE","lost_frac":0,"flow_frac":1.0,"upstream_km2":78.59844970703125,"hand_m":50,"area_in_meters":56.31489944458008,"confidence":0.73580002784729}},{"type":"Feature","geometry":null,"properties":{"risk_score":1.2338736348166532,"verdict":"RED_BLOCKS_DRAINAGE","lost_frac":0,"flow_frac":1.0,"upstream_km2":3.258685350418091,"hand_m":50,"area_in_meters":135.3948974609375,"confidence":0.73580002784729}},{"type":"Feature","geometry":null,"properties":{"risk_score":2.7279899493783475,"verdict":"RED_BLOCKS_DRAINAGE","lost_frac":0,"flow_frac":1.0,"upstream_km2":23.619253158569336,"hand_m":50,"area_in_meters":64.6803970336914,"confidence":0.73580002784729}},{"type":"Feature","geometry":null,"properties":{"risk_score":1.2050599037414342,"verdict":"RED_BLOCKS_DRAINAGE","lost_frac":0,"flow_frac":1.0,"upstream_km2":3.116997003555298,"hand_m":50,"area_in_meters":131.764404296875,"confidence":0.79830002784729}},{"type":"Feature","geometry":null,"properties":{"risk_score":2.123983881262204,"verdict":"RED_BLOCKS_DRAINAGE","lost_frac":0,"flow_frac":1.0,"upstream_km2":11.112443923950195,"hand_m":50,"area_in_meters":117.0261001586914,"confidence":0.79830002784729}},{"type":"Feature","geometry":null,"properties":{"risk_score":2.685119399620741,"verdict":"RED_BLOCKS_DRAINAGE","lost_frac":0,"flow_frac":1.0,"upstream_km2":22.410511016845703,"hand_m":50,"area_in_meters":147.8300018310547,"confidence":0.79830002784729}},{"type":"Feature","geometry":null,"properties":{"risk_score":1.0483981008233028,"verdict":"RED_BLOCKS_DRAINAGE","lost_frac":0,"flow_frac":1.0,"upstream_km2":2.4251770973205566,"hand_m":50,"area_in_meters":78.92410278320312,"confidence":0.79830002784729}},{"type":"Feature","geometry":null,"properties":{"risk_score":33.93642021202176,"verdict":"RED_BLOCKS_DRAINAGE","lost_frac":0,"flow_frac":0.5774647887323944,"upstream_km2":13.414565681991443,"hand_m":0.9718258280149646,"area_in_meters":249.44540405273438,"confidence":0.79830002784729}},{"type":"Feature","geometry":null,"properties":{"risk_score":1.32092996898325,"verdict":"RED_BLOCKS_DRAINAGE","lost_frac":0,"flow_frac":1.0,"upstream_km2":3.7170913219451904,"hand_m":50,"area_in_meters":54.51319885253906,"confidence":0.86080002784729}},{"type":"Feature","geometry":null,"properties":{"risk_score":2.625733414849012,"verdict":"RED_BLOCKS_DRAINAGE","lost_frac":0,"flow_frac":1.0,"upstream_km2":20.833534240722656,"hand_m":50,"area_in_meters":191.3251953125,"confidence":0.7414000034332275}},{"type":"Feature","geometry":null,"properties":{"risk_score":2.7279899493783475,"verdict":"RED_BLOCKS_DRAINAGE","lost_frac":0,"flow_frac":1.0,"upstream_km2":23.619253158569336,"hand_m":50,"area_in_meters":48.80099868774414,"confidence":0.7414000034332275}},{"type":"Feature","geometry":null,"properties":{"risk_score":2.785038840051561,"verdict":"RED_BLOCKS_DRAINAGE","lost_frac":0,"flow_frac":1.0,"upstream_km2":25.32508659362793,"hand_m":50,"area_in_meters":75.62120056152344,"confidence":0.8039000034332275}},{"type":"Feature","geometry":null,"properties":{"risk_score":2.9139885607176033,"verdict":"RED_BLOCKS_DRAINAGE","lost_frac":0,"flow_frac":1.0,"upstream_km2":29.62909507751465,"hand_m":50,"area_in_meters":150.1273956298828,"confidence":0.8664000034332275}},{"type":"Feature","geometry":null,"properties":{"risk_score":3.3212141399726303,"verdict":"RED_BLOCKS_DRAINAGE","lost_frac":0,"flow_frac":1.0,"upstream_km2":48.41049575805664,"hand_m":50,"area_in_meters":187.38589477539062,"confidence":0.8664000034332275}},{"type":"Feature","geometry":null,"properties":{"risk_score":23.81208732181585,"verdict":"RED_BLOCKS_DRAINAGE","lost_frac":0,"flow_frac":0.764705882352941,"upstream_km2":2.340932566015159,"hand_m":0.6823586856617647,"area_in_meters":411.7546081542969,"confidence":0.8831999897956848}},{"type":"Feature","geometry":null,"properties":{"risk_score":3.240711856560187,"verdict":"AMBER_PARTIAL","lost_frac":0,"flow_frac":0.1935483870967742,"upstream_km2":2.1010678001649437,"hand_m":1.9355035597278225,"area_in_meters":103.97940063476562,"confidence":0.7526000142097473}},{"type":"Feature","geometry":null,"properties":{"risk_score":1.2221083421189252,"verdict":"RED_BLOCKS_DRAINAGE","lost_frac":0,"flow_frac":1.0,"upstream_km2":3.2002511024475098,"hand_m":50,"area_in_meters":73.38690185546875,"confidence":0.7526000142097473}},{"type":"Feature","geometry":null,"properties":{"risk_score":2.711688025763225,"verdict":"RED_BLOCKS_DRAINAGE","lost_frac":0,"flow_frac":1.0,"upstream_km2":23.152433395385742,"hand_m":50,"area_in_meters":42.82469940185547,"confidence":0.8151000142097473}},{"type":"Feature","geometry":null,"properties":{"risk_score":1.131273360867122,"verdict":"RED_BLOCKS_DRAINAGE","lost_frac":0,"flow_frac":1.0,"upstream_km2":2.775282144546509,"hand_m":50,"area_in_meters":128.85690307617188,"confidence":0.8776000142097473}},{"type":"Feature","geometry":null,"properties":{"risk_score":2.7122756430907033,"verdict":"RED_BLOCKS_DRAINAGE","lost_frac":0,"flow_frac":1.0,"upstream_km2":23.169105529785156,"hand_m":50,"area_in_meters":86.85260009765625,"confidence":0.8776000142097473}},{"type":"Feature","geometry":null,"properties":{"risk_score":1.34475972588043,"verdict":"RED_BLOCKS_DRAINAGE","lost_frac":0,"flow_frac":1.0,"upstream_km2":3.8509573936462402,"hand_m":50,"area_in_meters":86.01280212402344,"confidence":0.8776000142097473}},{"type":"Feature","geometry":null,"properties":{"risk_score":2.860333540653563,"verdict":"RED_BLOCKS_DRAINAGE","lost_frac":0,"flow_frac":1.0,"upstream_km2":27.758756637573242,"hand_m":50,"area_in_meters":97.0635986328125,"confidence":0.7124999761581421}},{"type":"Feature","geometry":null,"properties":{"risk_score":1.865342831532708,"verdict":"AMBER_PARTIAL","lost_frac":0,"flow_frac":0.24242424242424246,"upstream_km2":0.7619497121847941,"hand_m":2.1969881924715913,"area_in_meters":117.47139739990234,"confidence":0.7749999761581421}},{"type":"Feature","geometry":null,"properties":{"risk_score":3.1710382688882195,"verdict":"AMBER_PARTIAL","lost_frac":0,"flow_frac":0.2,"upstream_km2":5.578421247005463,"hand_m":4.1599609375,"area_in_meters":84.78700256347656,"confidence":0.8374999761581421}},{"type":"Feature","geometry":null,"properties":{"risk_score":1.8367002131628545,"verdict":"RED_BLOCKS_DRAINAGE","lost_frac":0,"flow_frac":1.0,"upstream_km2":7.644046783447266,"hand_m":50,"area_in_meters":86.51699829101562,"confidence":0.8374999761581421}},{"type":"Feature","geometry":null,"properties":{"risk_score":2.754111722614967,"verdict":"RED_BLOCKS_DRAINAGE","lost_frac":0,"flow_frac":1.0,"upstream_km2":24.386157989501953,"hand_m":50,"area_in_meters":82.57160186767578,"confidence":0.8999999761581421}},{"type":"Feature","geometry":null,"properties":{"risk_score":26.698482570759868,"verdict":"RED_BLOCKS_DRAINAGE","lost_frac":0,"flow_frac":0.8275862068965517,"upstream_km2":2.008480034961269,"hand_m":0.4827565160290948,"area_in_meters":93.48709869384766,"confidence":0.7638000249862671}},{"type":"Feature","geometry":null,"properties":{"risk_score":28.265837854475123,"verdict":"RED_BLOCKS_DRAINAGE","lost_frac":0,"flow_frac":0.6685552407932012,"upstream_km2":2.42683614994117,"hand_m":0.26515176140890584,"area_in_meters":1214.6402,"confidence":0.8263000249862671}},{"type":"Feature","geometry":null,"properties":{"risk_score":26.678236093813183,"verdict":"RED_BLOCKS_DRAINAGE","lost_frac":0,"flow_frac":0.576051779935275,"upstream_km2":2.0391446959745725,"hand_m":0.04238447170813106,"area_in_meters":2184.8931,"confidence":0.8263000249862671}},{"type":"Feature","geometry":null,"properties":{"risk_score":1.2271810506247398,"verdict":"RED_BLOCKS_DRAINAGE","lost_frac":0,"flow_frac":1.0,"upstream_km2":3.225346565246582,"hand_m":50,"area_in_meters":110.67680358886719,"confidence":0.8263000249862671}},{"type":"Feature","geometry":null,"properties":{"risk_score":4.6412520453002015,"verdict":"RED_BLOCKS_DRAINAGE","lost_frac":0,"flow_frac":1.0,"upstream_km2":231.8297882080078,"hand_m":50,"area_in_meters":66.1084976196289,"confidence":0.8888000249862671}},{"type":"Feature","geometry":null,"properties":{"risk_score":1.3285108105246275,"verdict":"RED_BLOCKS_DRAINAGE","lost_frac":0,"flow_frac":1.0,"upstream_km2":3.7592718601226807,"hand_m":50,"area_in_meters":258.15771484375,"confidence":0.8888000249862671}},{"type":"Feature","geometry":null,"properties":{"risk_score":1.2050599037414342,"verdict":"RED_BLOCKS_DRAINAGE","lost_frac":0,"flow_frac":1.0,"upstream_km2":3.116997003555298,"hand_m":50,"area_in_meters":227.65159606933594,"confidence":0.8888000249862671}},{"type":"Feature","geometry":null,"properties":{"risk_score":2.7537424114100904,"verdict":"RED_BLOCKS_DRAINAGE","lost_frac":0,"flow_frac":1.0,"upstream_km2":24.375150680541992,"hand_m":50,"area_in_meters":163.89840698242188,"confidence":0.7694000005722046}},{"type":"Feature","geometry":null,"properties":{"risk_score":2.1718419093465227,"verdict":"RED_BLOCKS_DRAINAGE","lost_frac":0,"flow_frac":1.0,"upstream_km2":11.812662124633789,"hand_m":50,"area_in_meters":99.52960205078125,"confidence":0.7694000005722046}},{"type":"Feature","geometry":null,"properties":{"risk_score":2.7057893747707973,"verdict":"RED_BLOCKS_DRAINAGE","lost_frac":0,"flow_frac":1.0,"upstream_km2":22.98571014404297,"hand_m":50,"area_in_meters":68.51589965820312,"confidence":0.8319000005722046}},{"type":"Feature","geometry":null,"properties":{"risk_score":2.711688025763225,"verdict":"RED_BLOCKS_DRAINAGE","lost_frac":0,"flow_frac":1.0,"upstream_km2":23.152433395385742,"hand_m":50,"area_in_meters":109.53199768066406,"confidence":0.8319000005722046}},{"type":"Feature","geometry":null,"properties":{"risk_score":101.93805040374708,"verdict":"RED_BLOCKS_DRAINAGE","lost_frac":0,"flow_frac":0.8333333333333334,"upstream_km2":17.366834544887144,"hand_m":0.03333536783854167,"area_in_meters":98.45249938964844,"confidence":0.8319000005722046}},{"type":"Feature","geometry":null,"properties":{"risk_score":11.514942350766786,"verdict":"AMBER_PARTIAL","lost_frac":0,"flow_frac":0.3428571428571428,"upstream_km2":1.2799084234450544,"hand_m":0.06569824218749999,"area_in_meters":142.30389404296875,"confidence":0.8319000005722046}},{"type":"Feature","geometry":null,"properties":{"risk_score":1.0463346721211475,"verdict":"RED_BLOCKS_DRAINAGE","lost_frac":0,"flow_frac":1.0,"upstream_km2":2.4168875217437744,"hand_m":50,"area_in_meters":682.1329956054688,"confidence":0.8486999869346619}},{"type":"Feature","geometry":null,"properties":{"risk_score":1.0425143875417513,"verdict":"AMBER_PARTIAL","lost_frac":0,"flow_frac":0.15789473684210525,"upstream_km2":0.5233025362617091,"hand_m":1.7684004934210529,"area_in_meters":131.60760498046875,"confidence":0.8486999869346619}},{"type":"Feature","geometry":null,"properties":{"risk_score":1.6312580959776106,"verdict":"GREEN_CLEAR","lost_frac":0,"flow_frac":0.08333333333333333,"upstream_km2":2.039821032745143,"hand_m":1.466644287109375,"area_in_meters":106.9529037475586,"confidence":0.8486999869346619}},{"type":"Feature","geometry":null,"properties":{"risk_score":1.7822664623711828,"verdict":"RED_BLOCKS_DRAINAGE","lost_frac":0,"flow_frac":1.0,"upstream_km2":7.1087870597839355,"hand_m":50,"area_in_meters":65.63770294189453,"confidence":0.7181000113487244}},{"type":"Feature","geometry":null,"properties":{"risk_score":14.73180486223898,"verdict":"AMBER_PARTIAL","lost_frac":0,"flow_frac":0.417910447761194,"upstream_km2":32.273700610998624,"hand_m":3.317882025419776,"area_in_meters":259.12091064453125,"confidence":0.7806000113487244}},{"type":"Feature","geometry":null,"properties":{"risk_score":12.49496818534552,"verdict":"RED_BLOCKS_DRAINAGE","lost_frac":0,"flow_frac":0.5294117647058824,"upstream_km2":1.6596854294047634,"hand_m":0.800005744485294,"area_in_meters":49.6599006652832,"confidence":0.7806000113487244}},{"type":"Feature","geometry":null,"properties":{"risk_score":2.384922637330153,"verdict":"RED_BLOCKS_DRAINAGE","lost_frac":0,"flow_frac":1.0,"upstream_km2":15.455479621887207,"hand_m":50,"area_in_meters":91.22760009765625,"confidence":0.8431000113487244}},{"type":"Feature","geometry":null,"properties":{"risk_score":2.728566428327632,"verdict":"RED_BLOCKS_DRAINAGE","lost_frac":0,"flow_frac":1.0,"upstream_km2":23.63592529296875,"hand_m":50,"area_in_meters":189.6761932373047,"confidence":0.9056000113487244}},{"type":"Feature","geometry":null,"properties":{"risk_score":63.67256860406396,"verdict":"RED_BLOCKS_DRAINAGE","lost_frac":0,"flow_frac":0.7391304347826086,"upstream_km2":19.460009178389672,"hand_m":0.5217391304347826,"area_in_meters":67.90339660644531,"confidence":0.7348999977111816}},{"type":"Feature","geometry":null,"properties":{"risk_score":85.4069002579415,"verdict":"RED_BLOCKS_DRAINAGE","lost_frac":0,"flow_frac":0.9850746268656717,"upstream_km2":7.0028101532483715,"hand_m":0.04179086258162314,"area_in_meters":225.0778045654297,"confidence":0.7973999977111816}},{"type":"Feature","geometry":null,"properties":{"risk_score":1.0350941082213703,"verdict":"AMBER_PARTIAL","lost_frac":0,"flow_frac":0.5,"upstream_km2":10.370930114760995,"hand_m":50,"area_in_meters":162.32440185546875,"confidence":0.7973999977111816}},{"type":"Feature","geometry":null,"properties":{"risk_score":67.78964943026435,"verdict":"RED_BLOCKS_DRAINAGE","lost_frac":0,"flow_frac":0.701388888888889,"upstream_km2":18.229552831026485,"hand_m":0.3284649319118923,"area_in_meters":1477.705810546875,"confidence":0.7973999977111816}},{"type":"Feature","geometry":null,"properties":{"risk_score":1.1894785743601444,"verdict":"RED_BLOCKS_DRAINAGE","lost_frac":0,"flow_frac":1.0,"upstream_km2":3.042351484298706,"hand_m":50,"area_in_meters":104.52059936523438,"confidence":0.8598999977111816}},{"type":"Feature","geometry":null,"properties":{"risk_score":1.218722239743642,"verdict":"RED_BLOCKS_DRAINAGE","lost_frac":0,"flow_frac":1.0,"upstream_km2":3.1835825443267822,"hand_m":50,"area_in_meters":51.80220031738281,"confidence":0.7404999732971191}},{"type":"Feature","geometry":null,"properties":{"risk_score":1.1736903578560116,"verdict":"GREEN_CLEAR","lost_frac":0,"flow_frac":0.07142857142857142,"upstream_km2":1.74763051699847,"hand_m":1.671417236328125,"area_in_meters":53.928199768066406,"confidence":0.7404999732971191}},{"type":"Feature","geometry":null,"properties":{"risk_score":8.688585690031562,"verdict":"RED_BLOCKS_DRAINAGE","lost_frac":0,"flow_frac":0.5454545454545454,"upstream_km2":1.3402499265291472,"hand_m":1.3181651722301138,"area_in_meters":77.41490173339844,"confidence":0.8029999732971191}},{"type":"Feature","geometry":null,"properties":{"risk_score":2.860333540653563,"verdict":"RED_BLOCKS_DRAINAGE","lost_frac":0,"flow_frac":1.0,"upstream_km2":27.758756637573242,"hand_m":50,"area_in_meters":91.01300048828125,"confidence":0.8654999732971191}},{"type":"Feature","geometry":null,"properties":{"risk_score":1.027435735880982,"verdict":"RED_BLOCKS_DRAINAGE","lost_frac":0,"flow_frac":1.0,"upstream_km2":2.341890573501587,"hand_m":50,"area_in_meters":47.984901428222656,"confidence":0.7293000221252441}},{"type":"Feature","geometry":null,"properties":{"risk_score":1.7603692361734338,"verdict":"RED_BLOCKS_DRAINAGE","lost_frac":0,"flow_frac":0.8571428571428571,"upstream_km2":10.153718912175723,"hand_m":50,"area_in_meters":73.4032974243164,"confidence":0.7918000221252441}},{"type":"Feature","geometry":null,"properties":{"risk_score":23.862386101949344,"verdict":"AMBER_PARTIAL","lost_frac":0,"flow_frac":0.2702702702702703,"upstream_km2":7.858502715700181,"hand_m":0.07299969647381759,"area_in_meters":256.8280944824219,"confidence":0.7918000221252441}},{"type":"Feature","geometry":null,"properties":{"risk_score":2.754950157303483,"verdict":"RED_BLOCKS_DRAINAGE","lost_frac":0,"flow_frac":1.0,"upstream_km2":24.411165237426758,"hand_m":50,"area_in_meters":236.41290283203125,"confidence":0.8543000221252441}},{"type":"Feature","geometry":null,"properties":{"risk_score":1.2271810506247398,"verdict":"RED_BLOCKS_DRAINAGE","lost_frac":0,"flow_frac":1.0,"upstream_km2":3.225346565246582,"hand_m":50,"area_in_meters":140.7436065673828,"confidence":0.8543000221252441}},{"type":"Feature","geometry":null,"properties":{"risk_score":1.3387969416595396,"verdict":"RED_BLOCKS_DRAINAGE","lost_frac":0,"flow_frac":1.0,"upstream_km2":3.817108631134033,"hand_m":50,"area_in_meters":126.63189697265625,"confidence":0.8543000221252441}},{"type":"Feature","geometry":null,"properties":{"risk_score":130.64428924527402,"verdict":"RED_BLOCKS_DRAINAGE","lost_frac":0,"flow_frac":0.9607843137254902,"upstream_km2":75.26821781377144,"hand_m":0.3843132467830882,"area_in_meters":186.04580688476562,"confidence":0.9168000221252441}},{"type":"Feature","geometry":null,"properties":{"risk_score":2.410000006003811,"verdict":"RED_BLOCKS_DRAINAGE","lost_frac":0,"flow_frac":1.0,"upstream_km2":15.947279930114746,"hand_m":50,"area_in_meters":96.25489807128906,"confidence":0.7461000084877014}},{"type":"Feature","geometry":null,"properties":{"risk_score":1.421999287006399,"verdict":"GREEN_CLEAR","lost_frac":0,"flow_frac":0.15,"upstream_km2":2.387924328958616,"hand_m":4.590020751953125,"area_in_meters":69.33170318603516,"confidence":0.7461000084877014}},{"type":"Feature","geometry":null,"properties":{"risk_score":89.1748410367926,"verdict":"RED_BLOCKS_DRAINAGE","lost_frac":0,"flow_frac":0.6935483870967742,"upstream_km2":20.144274022129757,"hand_m":0.030655399445564516,"area_in_meters":210.44309997558594,"confidence":0.8086000084877014}},{"type":"Feature","geometry":null,"properties":{"risk_score":1.5718650159070713,"verdict":"RED_BLOCKS_DRAINAGE","lost_frac":0,"flow_frac":1.0,"upstream_km2":5.3336076736450195,"hand_m":50,"area_in_meters":249.977294921875,"confidence":0.8086000084877014}},{"type":"Feature","geometry":null,"properties":{"risk_score":2.754111722614967,"verdict":"RED_BLOCKS_DRAINAGE","lost_frac":0,"flow_frac":1.0,"upstream_km2":24.386157989501953,"hand_m":50,"area_in_meters":106.39089965820312,"confidence":0.8711000084877014}},{"type":"Feature","geometry":null,"properties":{"risk_score":1.3027723220978629,"verdict":"RED_BLOCKS_DRAINAGE","lost_frac":0,"flow_frac":1.0,"upstream_km2":3.6175742149353027,"hand_m":50,"area_in_meters":41.65610122680664,"confidence":0.7516999840736389}},{"type":"Feature","geometry":null,"properties":{"risk_score":1.2271810506247398,"verdict":"RED_BLOCKS_DRAINAGE","lost_frac":0,"flow_frac":1.0,"upstream_km2":3.225346565246582,"hand_m":50,"area_in_meters":140.91400146484375,"confidence":0.8141999840736389}},{"type":"Feature","geometry":null,"properties":{"risk_score":1.2338736348166532,"verdict":"RED_BLOCKS_DRAINAGE","lost_frac":0,"flow_frac":1.0,"upstream_km2":3.258685350418091,"hand_m":50,"area_in_meters":68.80699920654297,"confidence":0.8141999840736389}},{"type":"Feature","geometry":null,"properties":{"risk_score":2.795489839364128,"verdict":"RED_BLOCKS_DRAINAGE","lost_frac":0,"flow_frac":1.0,"upstream_km2":25.65015983581543,"hand_m":50,"area_in_meters":82.59539794921875,"confidence":0.8766999840736389}},{"type":"Feature","geometry":null,"properties":{"risk_score":1.7103060727449018,"verdict":"RED_BLOCKS_DRAINAGE","lost_frac":0,"flow_frac":0.6951219512195121,"upstream_km2":16.98144383110651,"hand_m":50,"area_in_meters":251.62559509277344,"confidence":0.8766999840736389}},{"type":"Feature","geometry":null,"properties":{"risk_score":1.8367002131628545,"verdict":"RED_BLOCKS_DRAINAGE","lost_frac":0,"flow_frac":1.0,"upstream_km2":7.644046783447266,"hand_m":50,"area_in_meters":273.0779113769531,"confidence":0.9391999840736389}},{"type":"Feature","geometry":null,"properties":{"risk_score":1.2187320426478319,"verdict":"RED_BLOCKS_DRAINAGE","lost_frac":0,"flow_frac":1.0,"upstream_km2":3.1836307048797607,"hand_m":50,"area_in_meters":54.75550079345703,"confidence":0.7003999948501587}},{"type":"Feature","geometry":null,"properties":{"risk_score":2.711688025763225,"verdict":"RED_BLOCKS_DRAINAGE","lost_frac":0,"flow_frac":1.0,"upstream_km2":23.152433395385742,"hand_m":50,"area_in_meters":169.49729919433594,"confidence":0.7628999948501587}},{"type":"Feature","geometry":null,"properties":{"risk_score":125.75215126417392,"verdict":"RED_BLOCKS_DRAINAGE","lost_frac":0,"flow_frac":0.9690721649484536,"upstream_km2":22.436636572876544,"hand_m":0.05566972555573453,"area_in_meters":347.77740478515625,"confidence":0.7628999948501587}},{"type":"Feature","geometry":null,"properties":{"risk_score":1.0483981008233028,"verdict":"RED_BLOCKS_DRAINAGE","lost_frac":0,"flow_frac":1.0,"upstream_km2":2.4251770973205566,"hand_m":50,"area_in_meters":68.23419952392578,"confidence":0.7628999948501587}},{"type":"Feature","geometry":null,"properties":{"risk_score":1.08093138689451,"verdict":"RED_BLOCKS_DRAINAGE","lost_frac":0,"flow_frac":1.0,"upstream_km2":2.558565855026245,"hand_m":50,"area_in_meters":85.23500061035156,"confidence":0.7059999704360962}},{"type":"Feature","geometry":null,"properties":{"risk_score":1.027435735880982,"verdict":"RED_BLOCKS_DRAINAGE","lost_frac":0,"flow_frac":1.0,"upstream_km2":2.341890573501587,"hand_m":50,"area_in_meters":62.24760055541992,"confidence":0.7059999704360962}},{"type":"Feature","geometry":null,"properties":{"risk_score":2.860333540653563,"verdict":"RED_BLOCKS_DRAINAGE","lost_frac":0,"flow_frac":1.0,"upstream_km2":27.758756637573242,"hand_m":50,"area_in_meters":113.84989929199219,"confidence":0.7684999704360962}},{"type":"Feature","geometry":null,"properties":{"risk_score":2.746734327379937,"verdict":"RED_BLOCKS_DRAINAGE","lost_frac":0,"flow_frac":1.0,"upstream_km2":24.167177200317383,"hand_m":50,"area_in_meters":96.1238021850586,"confidence":0.7684999704360962}},{"type":"Feature","geometry":null,"properties":{"risk_score":2.123983881262204,"verdict":"RED_BLOCKS_DRAINAGE","lost_frac":0,"flow_frac":1.0,"upstream_km2":11.112443923950195,"hand_m":50,"area_in_meters":98.74400329589844,"confidence":0.8309999704360962}},{"type":"Feature","geometry":null,"properties":{"risk_score":23.309928223329766,"verdict":"AMBER_PARTIAL","lost_frac":0,"flow_frac":0.3761996161228406,"upstream_km2":8.015714822598014,"hand_m":0.5412775724268234,"area_in_meters":1783.19189453125,"confidence":0.8934999704360962}},{"type":"Feature","geometry":null,"properties":{"risk_score":2.7195868167943518,"verdict":"RED_BLOCKS_DRAINAGE","lost_frac":0,"flow_frac":1.0,"upstream_km2":23.377506256103516,"hand_m":50,"area_in_meters":126.70659637451172,"confidence":0.7573000192642212}},{"type":"Feature","geometry":null,"properties":{"risk_score":1.1103388148707447,"verdict":"RED_BLOCKS_DRAINAGE","lost_frac":0,"flow_frac":1.0,"upstream_km2":2.683602809906006,"hand_m":50,"area_in_meters":107.71759796142578,"confidence":0.7573000192642212}},{"type":"Feature","geometry":null,"properties":{"risk_score":3.3218842240716744,"verdict":"AMBER_PARTIAL","lost_frac":0,"flow_frac":0.30434782608695654,"upstream_km2":1.0613494852314824,"hand_m":1.878226902173913,"area_in_meters":83.13089752197266,"confidence":0.8198000192642212}},{"type":"Feature","geometry":null,"properties":{"risk_score":2.8105513098530874,"verdict":"RED_BLOCKS_DRAINAGE","lost_frac":0,"flow_frac":1.0,"upstream_km2":26.125713348388672,"hand_m":50,"area_in_meters":73.1718978881836,"confidence":0.8198000192642212}},{"type":"Feature","geometry":null,"properties":{"risk_score":1.1947297997953303,"verdict":"RED_BLOCKS_DRAINAGE","lost_frac":0,"flow_frac":1.0,"upstream_km2":3.0673561096191406,"hand_m":50,"area_in_meters":86.29209899902344,"confidence":0.8198000192642212}},{"type":"Feature","geometry":null,"properties":{"risk_score":2.7544844621733047,"verdict":"RED_BLOCKS_DRAINAGE","lost_frac":0,"flow_frac":1.0,"upstream_km2":24.39727232191298,"hand_m":50,"area_in_meters":267.42169189453125,"confidence":0.8823000192642212}},{"type":"Feature","geometry":null,"properties":{"risk_score":10.571346335671777,"verdict":"AMBER_PARTIAL","lost_frac":0,"flow_frac":0.4600000000000001,"upstream_km2":36.1597880181484,"hand_m":5.831993408203126,"area_in_meters":354.9035949707031,"confidence":0.9448000192642212}},{"type":"Feature","geometry":null,"properties":{"risk_score":1.978983295264616,"verdict":"RED_BLOCKS_DRAINAGE","lost_frac":0,"flow_frac":1.0,"upstream_km2":9.21601402759552,"hand_m":50,"area_in_meters":77.88929748535156,"confidence":0.7741000056266785}},{"type":"Feature","geometry":null,"properties":{"risk_score":2.7984145408371424,"verdict":"RED_BLOCKS_DRAINAGE","lost_frac":0,"flow_frac":1.0,"upstream_km2":25.74184799194336,"hand_m":50,"area_in_meters":45.75910186767578,"confidence":0.7741000056266785}},{"type":"Feature","geometry":null,"properties":{"risk_score":2.7994755610117856,"verdict":"RED_BLOCKS_DRAINAGE","lost_frac":0,"flow_frac":1.0,"upstream_km2":25.775188446044922,"hand_m":50,"area_in_meters":84.1801986694336,"confidence":0.7741000056266785}},{"type":"Feature","geometry":null,"properties":{"risk_score":12.520938443593849,"verdict":"AMBER_PARTIAL","lost_frac":0,"flow_frac":0.2753623188405797,"upstream_km2":9.348062256810026,"hand_m":1.2318929036458333,"area_in_meters":234.3188934326172,"confidence":0.8366000056266785}},{"type":"Feature","geometry":null,"properties":{"risk_score":2.1973347702948596,"verdict":"AMBER_PARTIAL","lost_frac":0,"flow_frac":0.21428571428571427,"upstream_km2":0.5244431419165005,"hand_m":0.7857142857142857,"area_in_meters":248.7301025390625,"confidence":0.8991000056266785}},{"type":"Feature","geometry":null,"properties":{"risk_score":1.138760133573657,"verdict":"RED_BLOCKS_DRAINAGE","lost_frac":0,"flow_frac":1.0,"upstream_km2":2.8086202144622803,"hand_m":50,"area_in_meters":113.45210266113281,"confidence":0.779699981212616}},{"type":"Feature","geometry":null,"properties":{"risk_score":2.8378574242611347,"verdict":"RED_BLOCKS_DRAINAGE","lost_frac":0,"flow_frac":1.0,"upstream_km2":27.009624481201172,"hand_m":50,"area_in_meters":171.0904998779297,"confidence":0.842199981212616}},{"type":"Feature","geometry":null,"properties":{"risk_score":2.1032280440847284,"verdict":"RED_BLOCKS_DRAINAGE","lost_frac":0,"flow_frac":1.0,"upstream_km2":10.820784568786621,"hand_m":50,"area_in_meters":60.95069885253906,"confidence":0.842199981212616}},{"type":"Feature","geometry":null,"properties":{"risk_score":3.8648713895258693,"verdict":"RED_BLOCKS_DRAINAGE","lost_frac":0,"flow_frac":1.0,"upstream_km2":92.55874955026727,"hand_m":50,"area_in_meters":132.8968048095703,"confidence":0.842199981212616}},{"type":"Feature","geometry":null,"properties":{"risk_score":18.424740829696137,"verdict":"AMBER_PARTIAL","lost_frac":0,"flow_frac":0.32727272727272727,"upstream_km2":23.898169747587634,"hand_m":1.4799671519886366,"area_in_meters":371.3717041015625,"confidence":0.904699981212616}},{"type":"Feature","geometry":null,"properties":{"risk_score":2.754111722614967,"verdict":"RED_BLOCKS_DRAINAGE","lost_frac":0,"flow_frac":1.0,"upstream_km2":24.386157989501953,"hand_m":50,"area_in_meters":53.40380096435547,"confidence":0.7853000164031982}},{"type":"Feature","geometry":null,"properties":{"risk_score":1.0607547461300972,"verdict":"RED_BLOCKS_DRAINAGE","lost_frac":0,"flow_frac":1.0,"upstream_km2":2.47524094581604,"hand_m":50,"area_in_meters":683.2080078125,"confidence":0.9103000164031982}},{"type":"Feature","geometry":null,"properties":{"risk_score":1.2050599037414342,"verdict":"RED_BLOCKS_DRAINAGE","lost_frac":0,"flow_frac":1.0,"upstream_km2":3.116997003555298,"hand_m":50,"area_in_meters":69.15299987792969,"confidence":0.7283999919891357}},{"type":"Feature","geometry":null,"properties":{"risk_score":1.0769333773081167,"verdict":"RED_BLOCKS_DRAINAGE","lost_frac":0,"flow_frac":1.0,"upstream_km2":2.541897773742676,"hand_m":50,"area_in_meters":217.0863037109375,"confidence":0.8533999919891357}},{"type":"Feature","geometry":null,"properties":{"risk_score":17.002473559948005,"verdict":"RED_BLOCKS_DRAINAGE","lost_frac":0,"flow_frac":0.6538461538461539,"upstream_km2":1.588577617998593,"hand_m":0.5884657639723557,"area_in_meters":93.39530181884766,"confidence":0.8021000027656555}},{"type":"Feature","geometry":null,"properties":{"risk_score":2.7984145408371424,"verdict":"RED_BLOCKS_DRAINAGE","lost_frac":0,"flow_frac":1.0,"upstream_km2":25.74184799194336,"hand_m":50,"area_in_meters":129.5509033203125,"confidence":0.8646000027656555}},{"type":"Feature","geometry":null,"properties":{"risk_score":1.0015619133127636,"verdict":"RED_BLOCKS_DRAINAGE","lost_frac":0,"flow_frac":1.0,"upstream_km2":2.241877317428589,"hand_m":50,"area_in_meters":64.07830047607422,"confidence":0.745199978351593}},{"type":"Feature","geometry":null,"properties":{"risk_score":20.286964983830362,"verdict":"RED_BLOCKS_DRAINAGE","lost_frac":0,"flow_frac":0.5238095238095238,"upstream_km2":8.099696691635819,"hand_m":1.4762079148065477,"area_in_meters":78.76409912109375,"confidence":0.807699978351593}},{"type":"Feature","geometry":null,"properties":{"risk_score":1.2254810334339632,"verdict":"RED_BLOCKS_DRAINAGE","lost_frac":0,"flow_frac":1.0,"upstream_km2":3.2169196605682373,"hand_m":50,"area_in_meters":122.85250091552734,"confidence":0.807699978351593}},{"type":"Feature","geometry":null,"properties":{"risk_score":121.6070889890324,"verdict":"RED_BLOCKS_DRAINAGE","lost_frac":0,"flow_frac":0.9570200573065902,"upstream_km2":22.387797082712964,"hand_m":0.07736337219063395,"area_in_meters":1205.4798583984375,"confidence":0.870199978351593}},{"type":"Feature","geometry":null,"properties":{"risk_score":2.74869303397396,"verdict":"RED_BLOCKS_DRAINAGE","lost_frac":0,"flow_frac":1.0,"upstream_km2":24.22513198852539,"hand_m":50,"area_in_meters":89.90869903564453,"confidence":0.734000027179718}},{"type":"Feature","geometry":null,"properties":{"risk_score":2.9139885607176033,"verdict":"RED_BLOCKS_DRAINAGE","lost_frac":0,"flow_frac":1.0,"upstream_km2":29.62909507751465,"hand_m":50,"area_in_meters":259.3096008300781,"confidence":0.734000027179718}},{"type":"Feature","geometry":null,"properties":{"risk_score":120.9602883023271,"verdict":"RED_BLOCKS_DRAINAGE","lost_frac":0,"flow_frac":0.9512195121951219,"upstream_km2":23.170670256472942,"hand_m":0.08780428258384146,"area_in_meters":143.0679931640625,"confidence":0.796500027179718}},{"type":"Feature","geometry":null,"properties":{"risk_score":2.1729492559045873,"verdict":"RED_BLOCKS_DRAINAGE","lost_frac":0,"flow_frac":1.0,"upstream_km2":11.829334259033203,"hand_m":50,"area_in_meters":53.05839920043945,"confidence":0.796500027179718}},{"type":"Feature","geometry":null,"properties":{"risk_score":2.6248091009693697,"verdict":"RED_BLOCKS_DRAINAGE","lost_frac":0,"flow_frac":1.0,"upstream_km2":20.809848132886387,"hand_m":50,"area_in_meters":134.07870483398438,"confidence":0.859000027179718}},{"type":"Feature","geometry":null,"properties":{"risk_score":2.7195868167943518,"verdict":"RED_BLOCKS_DRAINAGE","lost_frac":0,"flow_frac":1.0,"upstream_km2":23.377506256103516,"hand_m":50,"area_in_meters":185.52499389648438,"confidence":0.921500027179718}},{"type":"Feature","geometry":null,"properties":{"risk_score":1.2221083421189252,"verdict":"RED_BLOCKS_DRAINAGE","lost_frac":0,"flow_frac":1.0,"upstream_km2":3.2002511024475098,"hand_m":50,"area_in_meters":94.77179718017578,"confidence":0.7508000135421753}},{"type":"Feature","geometry":null,"properties":{"risk_score":2.7279899493783475,"verdict":"RED_BLOCKS_DRAINAGE","lost_frac":0,"flow_frac":1.0,"upstream_km2":23.619253158569336,"hand_m":50,"area_in_meters":151.45919799804688,"confidence":0.8133000135421753}},{"type":"Feature","geometry":null,"properties":{"risk_score":2.7279899493783475,"verdict":"RED_BLOCKS_DRAINAGE","lost_frac":0,"flow_frac":1.0,"upstream_km2":23.619253158569336,"hand_m":50,"area_in_meters":202.90029907226562,"confidence":0.8133000135421753}},{"type":"Feature","geometry":null,"properties":{"risk_score":1.2271810506247398,"verdict":"RED_BLOCKS_DRAINAGE","lost_frac":0,"flow_frac":1.0,"upstream_km2":3.225346565246582,"hand_m":50,"area_in_meters":112.59259796142578,"confidence":0.8133000135421753}},{"type":"Feature","geometry":null,"properties":{"risk_score":1.835092055576994,"verdict":"AMBER_PARTIAL","lost_frac":0,"flow_frac":0.1724137931034483,"upstream_km2":1.3479486534307743,"hand_m":2.4827586206896552,"area_in_meters":114.47540283203125,"confidence":0.8758000135421753}},{"type":"Feature","geometry":null,"properties":{"risk_score":2.712569299767395,"verdict":"RED_BLOCKS_DRAINAGE","lost_frac":0,"flow_frac":1.0,"upstream_km2":23.177441596984867,"hand_m":50,"area_in_meters":196.1573028564453,"confidence":0.8758000135421753}},{"type":"Feature","geometry":null,"properties":{"risk_score":2.860333540653563,"verdict":"RED_BLOCKS_DRAINAGE","lost_frac":0,"flow_frac":1.0,"upstream_km2":27.758756637573242,"hand_m":50,"area_in_meters":54.61159896850586,"confidence":0.7563999891281128}},{"type":"Feature","geometry":null,"properties":{"risk_score":2.9462753010329727,"verdict":"RED_BLOCKS_DRAINAGE","lost_frac":0,"flow_frac":1.0,"upstream_km2":30.81269073486328,"hand_m":50,"area_in_meters":98.26679992675781,"confidence":0.8188999891281128}},{"type":"Feature","geometry":null,"properties":{"risk_score":2.7122756430907033,"verdict":"RED_BLOCKS_DRAINAGE","lost_frac":0,"flow_frac":1.0,"upstream_km2":23.169105529785156,"hand_m":50,"area_in_meters":245.8603057861328,"confidence":0.8188999891281128}},{"type":"Feature","geometry":null,"properties":{"risk_score":2.9424738532717676,"verdict":"RED_BLOCKS_DRAINAGE","lost_frac":0,"flow_frac":1.0,"upstream_km2":30.670991897583008,"hand_m":50,"area_in_meters":342.4314880371094,"confidence":0.7620000243186951}},{"type":"Feature","geometry":null,"properties":{"risk_score":1.2221083421189252,"verdict":"RED_BLOCKS_DRAINAGE","lost_frac":0,"flow_frac":1.0,"upstream_km2":3.2002511024475098,"hand_m":50,"area_in_meters":53.91550064086914,"confidence":0.7620000243186951}},{"type":"Feature","geometry":null,"properties":{"risk_score":1.2050599037414342,"verdict":"RED_BLOCKS_DRAINAGE","lost_frac":0,"flow_frac":1.0,"upstream_km2":3.116997003555298,"hand_m":50,"area_in_meters":101.92400360107422,"confidence":0.7620000243186951}},{"type":"Feature","geometry":null,"properties":{"risk_score":91.6932920043131,"verdict":"RED_BLOCKS_DRAINAGE","lost_frac":0,"flow_frac":0.7758620689655173,"upstream_km2":16.171420856668004,"hand_m":0.044830322265625,"area_in_meters":201.06149291992188,"confidence":0.8245000243186951}},{"type":"Feature","geometry":null,"properties":{"risk_score":1.8506120877901737,"verdict":"RED_BLOCKS_DRAINAGE","lost_frac":0,"flow_frac":1.0,"upstream_km2":7.786424160003662,"hand_m":50,"area_in_meters":68.58219909667969,"confidence":0.8245000243186951}},{"type":"Feature","geometry":null,"properties":{"risk_score":1.195264971767719,"verdict":"GREEN_CLEAR","lost_frac":0,"flow_frac":0.09090909090909091,"upstream_km2":1.4126213580708613,"hand_m":1.9091242009943181,"area_in_meters":80.07050323486328,"confidence":0.8245000243186951}},{"type":"Feature","geometry":null,"properties":{"risk_score":9.839604429973514,"verdict":"AMBER_PARTIAL","lost_frac":0,"flow_frac":0.3076923076923077,"upstream_km2":7.703211157940902,"hand_m":1.9384530874399037,"area_in_meters":89.07250213623047,"confidence":0.8245000243186951}},{"type":"Feature","geometry":null,"properties":{"risk_score":1.0358857361639484,"verdict":"RED_BLOCKS_DRAINAGE","lost_frac":0,"flow_frac":1.0,"upstream_km2":2.3752171993255615,"hand_m":50,"area_in_meters":725.529296875,"confidence":0.8245000243186951}},{"type":"Feature","geometry":null,"properties":{"risk_score":2.4067719482038927,"verdict":"RED_BLOCKS_DRAINAGE","lost_frac":0,"flow_frac":0.9013157894736842,"upstream_km2":22.00628172959152,"hand_m":50,"area_in_meters":553.7813720703125,"confidence":0.8870000243186951}},{"type":"Feature","geometry":null,"properties":{"risk_score":60.921691752619026,"verdict":"RED_BLOCKS_DRAINAGE","lost_frac":0,"flow_frac":0.7272727272727272,"upstream_km2":18.705431521192867,"hand_m":0.5454545454545454,"area_in_meters":192.2574005126953,"confidence":0.8870000243186951}},{"type":"Feature","geometry":null,"properties":{"risk_score":1.0147431240022355,"verdict":"RED_BLOCKS_DRAINAGE","lost_frac":0,"flow_frac":1.0,"upstream_km2":2.2924485206604004,"hand_m":50,"area_in_meters":219.8990936279297,"confidence":0.8870000243186951}},{"type":"Feature","geometry":null,"properties":{"risk_score":3.3333564304925503,"verdict":"RED_BLOCKS_DRAINAGE","lost_frac":0,"flow_frac":1.0,"upstream_km2":49.120082772296406,"hand_m":50,"area_in_meters":179.37359619140625,"confidence":0.7050999999046326}},{"type":"Feature","geometry":null,"properties":{"risk_score":1.0124383803323538,"verdict":"RED_BLOCKS_DRAINAGE","lost_frac":0,"flow_frac":1.0,"upstream_km2":2.2835495471954346,"hand_m":50,"area_in_meters":69.61419677734375,"confidence":0.7050999999046326}},{"type":"Feature","geometry":null,"properties":{"risk_score":2.384922637330153,"verdict":"RED_BLOCKS_DRAINAGE","lost_frac":0,"flow_frac":1.0,"upstream_km2":15.455479621887207,"hand_m":50,"area_in_meters":55.03739929199219,"confidence":0.8300999999046326}},{"type":"Feature","geometry":null,"properties":{"risk_score":1.0372863737138731,"verdict":"RED_BLOCKS_DRAINAGE","lost_frac":0,"flow_frac":1.0,"upstream_km2":2.380773305892945,"hand_m":50,"area_in_meters":84.2051010131836,"confidence":0.8300999999046326}},{"type":"Feature","geometry":null,"properties":{"risk_score":1.0317836481674179,"verdict":"RED_BLOCKS_DRAINAGE","lost_frac":0,"flow_frac":1.0,"upstream_km2":2.358997344970703,"hand_m":50,"area_in_meters":65.33219909667969,"confidence":0.8925999999046326}},{"type":"Feature","geometry":null,"properties":{"risk_score":3.7119674972146903,"verdict":"RED_BLOCKS_DRAINAGE","lost_frac":0,"flow_frac":1.0,"upstream_km2":77.181396484375,"hand_m":50,"area_in_meters":324.78509521484375,"confidence":0.7731999754905701}},{"type":"Feature","geometry":null,"properties":{"risk_score":2.860333540653563,"verdict":"RED_BLOCKS_DRAINAGE","lost_frac":0,"flow_frac":1.0,"upstream_km2":27.758756637573242,"hand_m":50,"area_in_meters":54.63669967651367,"confidence":0.7731999754905701}},{"type":"Feature","geometry":null,"properties":{"risk_score":1.2338736348166532,"verdict":"RED_BLOCKS_DRAINAGE","lost_frac":0,"flow_frac":1.0,"upstream_km2":3.258685350418091,"hand_m":50,"area_in_meters":80.11519622802734,"confidence":0.7731999754905701}},{"type":"Feature","geometry":null,"properties":{"risk_score":1.0680418081003138,"verdict":"AMBER_PARTIAL","lost_frac":0,"flow_frac":0.2,"upstream_km2":0.6434024259448051,"hand_m":3.039990234375,"area_in_meters":87.29499816894531,"confidence":0.8356999754905701}},{"type":"Feature","geometry":null,"properties":{"risk_score":1.5305396083603726,"verdict":"RED_BLOCKS_DRAINAGE","lost_frac":0,"flow_frac":1.0,"upstream_km2":5.033581733703613,"hand_m":50,"area_in_meters":112.90129852294922,"confidence":0.8356999754905701}},{"type":"Feature","geometry":null,"properties":{"risk_score":3.712330649669868,"verdict":"RED_BLOCKS_DRAINAGE","lost_frac":0,"flow_frac":1.0,"upstream_km2":77.2147445678711,"hand_m":50,"area_in_meters":140.56570434570312,"confidence":0.8356999754905701}},{"type":"Feature","geometry":null,"properties":{"risk_score":1.192530740907578,"verdict":"RED_BLOCKS_DRAINAGE","lost_frac":0,"flow_frac":1.0,"upstream_km2":3.056866138737376,"hand_m":50,"area_in_meters":699.6298828125,"confidence":0.8356999754905701}},{"type":"Feature","geometry":null,"properties":{"risk_score":4.789428349793748,"verdict":"RED_BLOCKS_DRAINAGE","lost_frac":0,"flow_frac":1.0,"upstream_km2":276.08209228515625,"hand_m":50,"area_in_meters":66.72090148925781,"confidence":0.8356999754905701}},{"type":"Feature","geometry":null,"properties":{"risk_score":1.1553618013596088,"verdict":"RED_BLOCKS_DRAINAGE","lost_frac":0,"flow_frac":1.0,"upstream_km2":2.8836002349853516,"hand_m":50,"area_in_meters":74.05809783935547,"confidence":0.8356999754905701}},{"type":"Feature","geometry":null,"properties":{"risk_score":1.8168169333870148,"verdict":"RED_BLOCKS_DRAINAGE","lost_frac":0,"flow_frac":1.0,"upstream_km2":7.444552421569824,"hand_m":50,"area_in_meters":94.18099975585938,"confidence":0.8356999754905701}},{"type":"Feature","geometry":null,"properties":{"risk_score":25.139259128408607,"verdict":"AMBER_PARTIAL","lost_frac":0,"flow_frac":0.41025641025641024,"upstream_km2":12.143343366873568,"hand_m":0.8256554236778846,"area_in_meters":134.77740478515625,"confidence":0.8981999754905701}},{"type":"Feature","geometry":null,"properties":{"risk_score":1.0015619133127636,"verdict":"RED_BLOCKS_DRAINAGE","lost_frac":0,"flow_frac":1.0,"upstream_km2":2.241877317428589,"hand_m":50,"area_in_meters":186.27490234375,"confidence":0.8981999754905701}},{"type":"Feature","geometry":null,"properties":{"risk_score":3.728112456317518,"verdict":"RED_BLOCKS_DRAINAGE","lost_frac":0,"flow_frac":1.0,"upstream_km2":78.67780340040052,"hand_m":50,"area_in_meters":1104.8175048828125,"confidence":0.9606999754905701}},{"type":"Feature","geometry":null,"properties":{"risk_score":1.0400836295383193,"verdict":"RED_BLOCKS_DRAINAGE","lost_frac":0,"flow_frac":1.0,"upstream_km2":2.391896963119507,"hand_m":50,"area_in_meters":47.98649978637695,"confidence":0.7163000106811523}},{"type":"Feature","geometry":null,"properties":{"risk_score":2.9285979457085785,"verdict":"RED_BLOCKS_DRAINAGE","lost_frac":0,"flow_frac":1.0,"upstream_km2":30.159103393554688,"hand_m":50,"area_in_meters":75.62460327148438,"confidence":0.7163000106811523}},{"type":"Feature","geometry":null,"properties":{"risk_score":68.82708964608457,"verdict":"RED_BLOCKS_DRAINAGE","lost_frac":0,"flow_frac":0.7872340425531914,"upstream_km2":7.513213700595054,"hand_m":0.06382718999335106,"area_in_meters":638.7852172851562,"confidence":0.7788000106811523}},{"type":"Feature","geometry":null,"properties":{"risk_score":1.0124383803323538,"verdict":"RED_BLOCKS_DRAINAGE","lost_frac":0,"flow_frac":1.0,"upstream_km2":2.2835495471954346,"hand_m":50,"area_in_meters":46.73419952392578,"confidence":0.7788000106811523}},{"type":"Feature","geometry":null,"properties":{"risk_score":2.898223586455044,"verdict":"RED_BLOCKS_DRAINAGE","lost_frac":0,"flow_frac":1.0,"upstream_km2":29.067272186279297,"hand_m":50,"area_in_meters":77.37200164794922,"confidence":0.7218999862670898}},{"type":"Feature","geometry":null,"properties":{"risk_score":2.713449662687177,"verdict":"RED_BLOCKS_DRAINAGE","lost_frac":0,"flow_frac":1.0,"upstream_km2":23.202449798583984,"hand_m":50,"area_in_meters":120.0427017211914,"confidence":0.7843999862670898}},{"type":"Feature","geometry":null,"properties":{"risk_score":1.218722239743642,"verdict":"RED_BLOCKS_DRAINAGE","lost_frac":0,"flow_frac":1.0,"upstream_km2":3.1835825443267822,"hand_m":50,"area_in_meters":95.6177978515625,"confidence":0.7843999862670898}},{"type":"Feature","geometry":null,"properties":{"risk_score":1.8058181734407701,"verdict":"RED_BLOCKS_DRAINAGE","lost_frac":0,"flow_frac":1.0,"upstream_km2":7.336183547973633,"hand_m":50,"area_in_meters":101.70179748535156,"confidence":0.8468999862670898}},{"type":"Feature","geometry":null,"properties":{"risk_score":2.166283537285706,"verdict":"RED_BLOCKS_DRAINAGE","lost_frac":0,"flow_frac":1.0,"upstream_km2":11.729302406311035,"hand_m":50,"area_in_meters":90.7761001586914,"confidence":0.7386999726295471}},{"type":"Feature","geometry":null,"properties":{"risk_score":2.9139885607176033,"verdict":"RED_BLOCKS_DRAINAGE","lost_frac":0,"flow_frac":1.0,"upstream_km2":29.62909507751465,"hand_m":50,"area_in_meters":79.04239654541016,"confidence":0.8011999726295471}},{"type":"Feature","geometry":null,"properties":{"risk_score":2.85870959250387,"verdict":"RED_BLOCKS_DRAINAGE","lost_frac":0,"flow_frac":1.0,"upstream_km2":27.703965024250312,"hand_m":50,"area_in_meters":140.07069396972656,"confidence":0.8011999726295471}},{"type":"Feature","geometry":null,"properties":{"risk_score":1.1104182891191237,"verdict":"RED_BLOCKS_DRAINAGE","lost_frac":0,"flow_frac":1.0,"upstream_km2":2.6839466094970703,"hand_m":50,"area_in_meters":124.48650360107422,"confidence":0.8636999726295471}},{"type":"Feature","geometry":null,"properties":{"risk_score":2.7574605196361532,"verdict":"RED_BLOCKS_DRAINAGE","lost_frac":0,"flow_frac":1.0,"upstream_km2":24.486186981201172,"hand_m":50,"area_in_meters":88.4303970336914,"confidence":0.8636999726295471}},{"type":"Feature","geometry":null,"properties":{"risk_score":2.7847691750353207,"verdict":"RED_BLOCKS_DRAINAGE","lost_frac":0,"flow_frac":1.0,"upstream_km2":25.31675148010254,"hand_m":50,"area_in_meters":90.3145980834961,"confidence":0.8636999726295471}},{"type":"Feature","geometry":null,"properties":{"risk_score":50.510869282645885,"verdict":"RED_BLOCKS_DRAINAGE","lost_frac":0,"flow_frac":0.65625,"upstream_km2":16.616983431566045,"hand_m":0.6187458038330078,"area_in_meters":102.59510040283203,"confidence":0.7900000214576721}},{"type":"Feature","geometry":null,"properties":{"risk_score":1.218722239743642,"verdict":"RED_BLOCKS_DRAINAGE","lost_frac":0,"flow_frac":1.0,"upstream_km2":3.1835825443267822,"hand_m":50,"area_in_meters":113.73519897460938,"confidence":0.7900000214576721}},{"type":"Feature","geometry":null,"properties":{"risk_score":4.46264012909215,"verdict":"RED_BLOCKS_DRAINAGE","lost_frac":0,"flow_frac":1.0,"upstream_km2":187.77586364746094,"hand_m":50,"area_in_meters":125.002197265625,"confidence":0.8525000214576721}},{"type":"Feature","geometry":null,"properties":{"risk_score":2.626707973705372,"verdict":"RED_BLOCKS_DRAINAGE","lost_frac":0,"flow_frac":1.0,"upstream_km2":20.858535766601562,"hand_m":50,"area_in_meters":54.43629837036133,"confidence":0.7330999970436096}},{"type":"Feature","geometry":null,"properties":{"risk_score":12.069992858096285,"verdict":"RED_BLOCKS_DRAINAGE","lost_frac":0,"flow_frac":0.6025641025641025,"upstream_km2":1.417764005370629,"hand_m":0.9140977125901442,"area_in_meters":266.3713073730469,"confidence":0.7330999970436096}},{"type":"Feature","geometry":null,"properties":{"risk_score":27.2316027845941,"verdict":"AMBER_PARTIAL","lost_frac":0,"flow_frac":0.49514563106796117,"upstream_km2":11.743323296923371,"hand_m":1.0097087378640777,"area_in_meters":364.6188049316406,"confidence":0.7955999970436096}},{"type":"Feature","geometry":null,"properties":{"risk_score":2.944264911062064,"verdict":"RED_BLOCKS_DRAINAGE","lost_frac":0,"flow_frac":1.0,"upstream_km2":30.737674713134766,"hand_m":50,"area_in_meters":294.364990234375,"confidence":0.7443000078201294}},{"type":"Feature","geometry":null,"properties":{"risk_score":13.81688382794347,"verdict":"RED_BLOCKS_DRAINAGE","lost_frac":0,"flow_frac":0.6363636363636365,"upstream_km2":1.94968075000427,"hand_m":1.1636408025568181,"area_in_meters":117.64810180664062,"confidence":0.8068000078201294}},{"type":"Feature","geometry":null,"properties":{"risk_score":2.9462753010329727,"verdict":"RED_BLOCKS_DRAINAGE","lost_frac":0,"flow_frac":1.0,"upstream_km2":30.81269073486328,"hand_m":50,"area_in_meters":190.79249572753906,"confidence":0.8693000078201294}},{"type":"Feature","geometry":null,"properties":{"risk_score":2.707563243983808,"verdict":"RED_BLOCKS_DRAINAGE","lost_frac":0,"flow_frac":1.0,"upstream_km2":23.03572654724121,"hand_m":50,"area_in_meters":79.7865982055664,"confidence":0.7498999834060669}},{"type":"Feature","geometry":null,"properties":{"risk_score":1.32092996898325,"verdict":"RED_BLOCKS_DRAINAGE","lost_frac":0,"flow_frac":1.0,"upstream_km2":3.7170913219451904,"hand_m":50,"area_in_meters":220.4282989501953,"confidence":0.8123999834060669}},{"type":"Feature","geometry":null,"properties":{"risk_score":2.1861260502309783,"verdict":"RED_BLOCKS_DRAINAGE","lost_frac":0,"flow_frac":1.0,"upstream_km2":12.029396057128906,"hand_m":50,"area_in_meters":80.85310363769531,"confidence":0.8123999834060669}},{"type":"Feature","geometry":null,"properties":{"risk_score":4.46262365667534,"verdict":"RED_BLOCKS_DRAINAGE","lost_frac":0,"flow_frac":1.0,"upstream_km2":187.77221202850342,"hand_m":50,"area_in_meters":57.91270065307617,"confidence":0.8748999834060669}},{"type":"Feature","geometry":null,"properties":{"risk_score":2.775003731661603,"verdict":"RED_BLOCKS_DRAINAGE","lost_frac":0,"flow_frac":1.0,"upstream_km2":25.016681671142578,"hand_m":50,"area_in_meters":84.39959716796875,"confidence":0.8805000185966492}},{"type":"Feature","geometry":null,"properties":{"risk_score":16.236128822403533,"verdict":"AMBER_PARTIAL","lost_frac":0,"flow_frac":0.25,"upstream_km2":5.2458866108208895,"hand_m":0.22503662109375,"area_in_meters":46.37630081176758,"confidence":0.7610999941825867}},{"type":"Feature","geometry":null,"properties":{"risk_score":2.625733414849012,"verdict":"RED_BLOCKS_DRAINAGE","lost_frac":0,"flow_frac":1.0,"upstream_km2":20.833534240722656,"hand_m":50,"area_in_meters":70.6052017211914,"confidence":0.7610999941825867}},{"type":"Feature","geometry":null,"properties":{"risk_score":1.218722239743642,"verdict":"RED_BLOCKS_DRAINAGE","lost_frac":0,"flow_frac":1.0,"upstream_km2":3.1835825443267822,"hand_m":50,"area_in_meters":41.28239822387695,"confidence":0.7610999941825867}},{"type":"Feature","geometry":null,"properties":{"risk_score":1.2050599037414342,"verdict":"RED_BLOCKS_DRAINAGE","lost_frac":0,"flow_frac":1.0,"upstream_km2":3.116997003555298,"hand_m":50,"area_in_meters":138.39059448242188,"confidence":0.8235999941825867}},{"type":"Feature","geometry":null,"properties":{"risk_score":40.67516772804776,"verdict":"RED_BLOCKS_DRAINAGE","lost_frac":0,"flow_frac":0.6744186046511628,"upstream_km2":5.0234587536041815,"hand_m":0.29303120457848836,"area_in_meters":143.7678985595703,"confidence":0.8235999941825867}},{"type":"Feature","geometry":null,"properties":{"risk_score":2.1020262207802123,"verdict":"RED_BLOCKS_DRAINAGE","lost_frac":0,"flow_frac":1.0,"upstream_km2":10.804113388061523,"hand_m":50,"area_in_meters":205.18649291992188,"confidence":0.8235999941825867}},{"type":"Feature","geometry":null,"properties":{"risk_score":51.785598006527955,"verdict":"RED_BLOCKS_DRAINAGE","lost_frac":0,"flow_frac":0.9666666666666667,"upstream_km2":3.0139305628215274,"hand_m":0.126666259765625,"area_in_meters":105.76360321044922,"confidence":0.840399980545044}},{"type":"Feature","geometry":null,"properties":{"risk_score":5.8902016859355495,"verdict":"AMBER_PARTIAL","lost_frac":0,"flow_frac":0.4545454545454546,"upstream_km2":1.1046261661827115,"hand_m":1.493933475378788,"area_in_meters":104.45210266113281,"confidence":0.840399980545044}},{"type":"Feature","geometry":null,"properties":{"risk_score":76.62145570604486,"verdict":"RED_BLOCKS_DRAINAGE","lost_frac":0,"flow_frac":0.9375,"upstream_km2":10.278899959288538,"hand_m":0.28749847412109375,"area_in_meters":58.14979934692383,"confidence":0.840399980545044}},{"type":"Feature","geometry":null,"properties":{"risk_score":1.0671484311719885,"verdict":"RED_BLOCKS_DRAINAGE","lost_frac":0,"flow_frac":1.0,"upstream_km2":2.5014320274308925,"hand_m":50,"area_in_meters":577.3624877929688,"confidence":0.902899980545044}},{"type":"Feature","geometry":null,"properties":{"risk_score":4.599902986053506,"verdict":"RED_BLOCKS_DRAINAGE","lost_frac":0,"flow_frac":1.0,"upstream_km2":220.79437255859375,"hand_m":50,"area_in_meters":99.3405990600586,"confidence":0.902899980545044}},{"type":"Feature","geometry":null,"properties":{"risk_score":1.0463235607414698,"verdict":"RED_BLOCKS_DRAINAGE","lost_frac":0,"flow_frac":1.0,"upstream_km2":2.4168429374694824,"hand_m":50,"area_in_meters":56.51300048828125,"confidence":0.704200029373169}},{"type":"Feature","geometry":null,"properties":{"risk_score":2.626707973705372,"verdict":"RED_BLOCKS_DRAINAGE","lost_frac":0,"flow_frac":1.0,"upstream_km2":20.858535766601562,"hand_m":50,"area_in_meters":64.822998046875,"confidence":0.766700029373169}},{"type":"Feature","geometry":null,"properties":{"risk_score":11.992040489896775,"verdict":"AMBER_PARTIAL","lost_frac":0,"flow_frac":0.17948717948717946,"upstream_km2":5.1137683773174505,"hand_m":0.17688379532251602,"area_in_meters":245.18930053710938,"confidence":0.829200029373169}},{"type":"Feature","geometry":null,"properties":{"risk_score":1.0463346721211475,"verdict":"RED_BLOCKS_DRAINAGE","lost_frac":0,"flow_frac":1.0,"upstream_km2":2.4168875217437744,"hand_m":50,"area_in_meters":92.07730102539062,"confidence":0.7723000049591064}},{"type":"Feature","geometry":null,"properties":{"risk_score":1.0015619133127636,"verdict":"RED_BLOCKS_DRAINAGE","lost_frac":0,"flow_frac":1.0,"upstream_km2":2.241877317428589,"hand_m":50,"area_in_meters":72.99600219726562,"confidence":0.8348000049591064}},{"type":"Feature","geometry":null,"properties":{"risk_score":2.8074058353368185,"verdict":"RED_BLOCKS_DRAINAGE","lost_frac":0,"flow_frac":1.0,"upstream_km2":26.02570152282715,"hand_m":50,"area_in_meters":220.0821990966797,"confidence":0.8348000049591064}},{"type":"Feature","geometry":null,"properties":{"risk_score":1.2338736348166532,"verdict":"RED_BLOCKS_DRAINAGE","lost_frac":0,"flow_frac":1.0,"upstream_km2":3.258685350418091,"hand_m":50,"area_in_meters":109.13279724121094,"confidence":0.8348000049591064}},{"type":"Feature","geometry":null,"properties":{"risk_score":34.66626453950921,"verdict":"RED_BLOCKS_DRAINAGE","lost_frac":0,"flow_frac":0.7741935483870968,"upstream_km2":2.9234033089972313,"hand_m":0.3258135395665323,"area_in_meters":108.53479766845703,"confidence":0.8348000049591064}},{"type":"Feature","geometry":null,"properties":{"risk_score":1.1947297997953303,"verdict":"RED_BLOCKS_DRAINAGE","lost_frac":0,"flow_frac":1.0,"upstream_km2":3.0673561096191406,"hand_m":50,"area_in_meters":171.92889404296875,"confidence":0.8515999913215637}},{"type":"Feature","geometry":null,"properties":{"risk_score":1.7158628083210048,"verdict":"AMBER_PARTIAL","lost_frac":0,"flow_frac":0.2463768115942029,"upstream_km2":0.7704825610786246,"hand_m":2.562291242074276,"area_in_meters":244.88150024414062,"confidence":0.9140999913215637}},{"type":"Feature","geometry":null,"properties":{"risk_score":1.0015619133127636,"verdict":"RED_BLOCKS_DRAINAGE","lost_frac":0,"flow_frac":1.0,"upstream_km2":2.241877317428589,"hand_m":50,"area_in_meters":64.37799835205078,"confidence":0.7210000157356262}},{"type":"Feature","geometry":null,"properties":{"risk_score":2.625733414849012,"verdict":"RED_BLOCKS_DRAINAGE","lost_frac":0,"flow_frac":1.0,"upstream_km2":20.833534240722656,"hand_m":50,"area_in_meters":41.18550109863281,"confidence":0.7210000157356262}},{"type":"Feature","geometry":null,"properties":{"risk_score":1.0463235607414698,"verdict":"RED_BLOCKS_DRAINAGE","lost_frac":0,"flow_frac":1.0,"upstream_km2":2.4168429374694824,"hand_m":50,"area_in_meters":137.2093048095703,"confidence":0.7835000157356262}},{"type":"Feature","geometry":null,"properties":{"risk_score":2.860333540653563,"verdict":"RED_BLOCKS_DRAINAGE","lost_frac":0,"flow_frac":1.0,"upstream_km2":27.758756637573242,"hand_m":50,"area_in_meters":44.31460189819336,"confidence":0.7835000157356262}},{"type":"Feature","geometry":null,"properties":{"risk_score":2.1884605536352195,"verdict":"AMBER_PARTIAL","lost_frac":0,"flow_frac":0.2631578947368421,"upstream_km2":0.8233330075285937,"hand_m":2.1368600945723686,"area_in_meters":66.33000183105469,"confidence":0.7835000157356262}},{"type":"Feature","geometry":null,"properties":{"risk_score":1.0947086345832284,"verdict":"RED_BLOCKS_DRAINAGE","lost_frac":0,"flow_frac":1.0,"upstream_km2":2.616607708590371,"hand_m":50,"area_in_meters":96.04049682617188,"confidence":0.8460000157356262}},{"type":"Feature","geometry":null,"properties":{"risk_score":2.384922637330153,"verdict":"RED_BLOCKS_DRAINAGE","lost_frac":0,"flow_frac":1.0,"upstream_km2":15.455479621887207,"hand_m":50,"area_in_meters":110.95149993896484,"confidence":0.8460000157356262}},{"type":"Feature","geometry":null,"properties":{"risk_score":2.942025512425793,"verdict":"RED_BLOCKS_DRAINAGE","lost_frac":0,"flow_frac":1.0,"upstream_km2":30.654321670532227,"hand_m":50,"area_in_meters":752.2785034179688,"confidence":0.8460000157356262}},{"type":"Feature","geometry":null,"properties":{"risk_score":3.0570213398375334,"verdict":"GREEN_CLEAR","lost_frac":0,"flow_frac":0.125,"upstream_km2":3.058353365166113,"hand_m":1.4875106811523438,"area_in_meters":62.41559982299805,"confidence":0.743399977684021}},{"type":"Feature","geometry":null,"properties":{"risk_score":14.472525807209086,"verdict":"RED_BLOCKS_DRAINAGE","lost_frac":0,"flow_frac":0.6333333333333333,"upstream_km2":1.349387807585299,"hand_m":0.6233378092447917,"area_in_meters":100.69619750976562,"confidence":0.805899977684021}},{"type":"Feature","geometry":null,"properties":{"risk_score":2.7847691750353207,"verdict":"RED_BLOCKS_DRAINAGE","lost_frac":0,"flow_frac":1.0,"upstream_km2":25.31675148010254,"hand_m":50,"area_in_meters":92.40570068359375,"confidence":0.805899977684021}},{"type":"Feature","geometry":null,"properties":{"risk_score":3.450569361429845,"verdict":"AMBER_PARTIAL","lost_frac":0,"flow_frac":0.16923076923076924,"upstream_km2":3.9560652759785837,"hand_m":2.4092510516826926,"area_in_meters":235.82040405273438,"confidence":0.805899977684021}},{"type":"Feature","geometry":null,"properties":{"risk_score":2.7531828599866013,"verdict":"RED_BLOCKS_DRAINAGE","lost_frac":0,"flow_frac":1.0,"upstream_km2":24.358482360839844,"hand_m":50,"area_in_meters":132.87210083007812,"confidence":0.732200026512146}},{"type":"Feature","geometry":null,"properties":{"risk_score":13.275343446063866,"verdict":"AMBER_PARTIAL","lost_frac":0,"flow_frac":0.48,"upstream_km2":3.1853530272841457,"hand_m":1.2480126953125,"area_in_meters":72.17500305175781,"confidence":0.732200026512146}},{"type":"Feature","geometry":null,"properties":{"risk_score":35.79631502366438,"verdict":"AMBER_PARTIAL","lost_frac":0,"flow_frac":0.5,"upstream_km2":36.585882525425404,"hand_m":1.199981689453125,"area_in_meters":82.34989929199219,"confidence":0.732200026512146}},{"type":"Feature","geometry":null,"properties":{"risk_score":2.7195868167943518,"verdict":"RED_BLOCKS_DRAINAGE","lost_frac":0,"flow_frac":1.0,"upstream_km2":23.377506256103516,"hand_m":50,"area_in_meters":54.38779830932617,"confidence":0.794700026512146}},{"type":"Feature","geometry":null,"properties":{"risk_score":2.728566428327632,"verdict":"RED_BLOCKS_DRAINAGE","lost_frac":0,"flow_frac":1.0,"upstream_km2":23.63592529296875,"hand_m":50,"area_in_meters":160.19320678710938,"confidence":0.857200026512146}},{"type":"Feature","geometry":null,"properties":{"risk_score":2.707563243983808,"verdict":"RED_BLOCKS_DRAINAGE","lost_frac":0,"flow_frac":1.0,"upstream_km2":23.03572654724121,"hand_m":50,"area_in_meters":80.72669982910156,"confidence":0.857200026512146}},{"type":"Feature","geometry":null,"properties":{"risk_score":1.2162680377981199,"verdict":"RED_BLOCKS_DRAINAGE","lost_frac":0,"flow_frac":1.0,"upstream_km2":3.1715427565453798,"hand_m":50,"area_in_meters":4713.45556640625,"confidence":0.919700026512146}},{"type":"Feature","geometry":null,"properties":{"risk_score":1.0400836295383193,"verdict":"RED_BLOCKS_DRAINAGE","lost_frac":0,"flow_frac":1.0,"upstream_km2":2.391896963119507,"hand_m":50,"area_in_meters":134.00010681152344,"confidence":0.8003000020980835}},{"type":"Feature","geometry":null,"properties":{"risk_score":1.3789450810418384,"verdict":"AMBER_PARTIAL","lost_frac":0.1627906976744186,"flow_frac":0.1627906976744186,"upstream_km2":0.36252721806251725,"hand_m":0.5860056322674418,"area_in_meters":310.9313049316406,"confidence":0.8628000020980835}},{"type":"Feature","geometry":null,"properties":{"risk_score":2.728284940852303,"verdict":"RED_BLOCKS_DRAINAGE","lost_frac":0,"flow_frac":1.0,"upstream_km2":23.627783087796942,"hand_m":50,"area_in_meters":139.58729553222656,"confidence":0.7545999884605408}},{"type":"Feature","geometry":null,"properties":{"risk_score":1.131273360867122,"verdict":"RED_BLOCKS_DRAINAGE","lost_frac":0,"flow_frac":1.0,"upstream_km2":2.775282144546509,"hand_m":50,"area_in_meters":177.3386993408203,"confidence":0.8170999884605408}},{"type":"Feature","geometry":null,"properties":{"risk_score":2.625733414849012,"verdict":"RED_BLOCKS_DRAINAGE","lost_frac":0,"flow_frac":1.0,"upstream_km2":20.833534240722656,"hand_m":50,"area_in_meters":105.12640380859375,"confidence":0.8170999884605408}},{"type":"Feature","geometry":null,"properties":{"risk_score":2.755139651543374,"verdict":"RED_BLOCKS_DRAINAGE","lost_frac":0,"flow_frac":1.0,"upstream_km2":24.416820526123047,"hand_m":50,"area_in_meters":128.44960021972656,"confidence":0.8795999884605408}},{"type":"Feature","geometry":null,"properties":{"risk_score":46.16767477269722,"verdict":"RED_BLOCKS_DRAINAGE","lost_frac":0,"flow_frac":0.5185185185185185,"upstream_km2":40.607492277985095,"hand_m":0.8185243959780093,"area_in_meters":96.86699676513672,"confidence":0.8795999884605408}},{"type":"Feature","geometry":null,"properties":{"risk_score":1.027435735880982,"verdict":"RED_BLOCKS_DRAINAGE","lost_frac":0,"flow_frac":1.0,"upstream_km2":2.341890573501587,"hand_m":50,"area_in_meters":50.43579864501953,"confidence":0.7490000128746033}},{"type":"Feature","geometry":null,"properties":{"risk_score":1.2050599037414342,"verdict":"RED_BLOCKS_DRAINAGE","lost_frac":0,"flow_frac":1.0,"upstream_km2":3.116997003555298,"hand_m":50,"area_in_meters":119.49839782714844,"confidence":0.7490000128746033}},{"type":"Feature","geometry":null,"properties":{"risk_score":1.1406358686205467,"verdict":"RED_BLOCKS_DRAINAGE","lost_frac":0,"flow_frac":1.0,"upstream_km2":2.817018747329712,"hand_m":50,"area_in_meters":117.13990020751953,"confidence":0.8115000128746033}},{"type":"Feature","geometry":null,"properties":{"risk_score":2.726258167272088,"verdict":"RED_BLOCKS_DRAINAGE","lost_frac":0,"flow_frac":1.0,"upstream_km2":23.569236755371094,"hand_m":50,"area_in_meters":91.35810089111328,"confidence":0.8740000128746033}},{"type":"Feature","geometry":null,"properties":{"risk_score":1.0124383803323538,"verdict":"RED_BLOCKS_DRAINAGE","lost_frac":0,"flow_frac":1.0,"upstream_km2":2.2835495471954346,"hand_m":50,"area_in_meters":55.966800689697266,"confidence":0.7657999992370605}},{"type":"Feature","geometry":null,"properties":{"risk_score":4.595989870710401,"verdict":"RED_BLOCKS_DRAINAGE","lost_frac":0,"flow_frac":1.0,"upstream_km2":219.7775115966797,"hand_m":50,"area_in_meters":105.68810272216797,"confidence":0.8282999992370605}},{"type":"Feature","geometry":null,"properties":{"risk_score":2.900675722840846,"verdict":"RED_BLOCKS_DRAINAGE","lost_frac":0,"flow_frac":1.0,"upstream_km2":29.15397834777832,"hand_m":50,"area_in_meters":162.8282012939453,"confidence":0.8282999992370605}},{"type":"Feature","geometry":null,"properties":{"risk_score":1.535231603269281,"verdict":"RED_BLOCKS_DRAINAGE","lost_frac":0,"flow_frac":1.0,"upstream_km2":5.066917896270752,"hand_m":50,"area_in_meters":73.25370025634766,"confidence":0.8907999992370605}},{"type":"Feature","geometry":null,"properties":{"risk_score":2.7283437440847327,"verdict":"RED_BLOCKS_DRAINAGE","lost_frac":0,"flow_frac":1.0,"upstream_km2":23.629483786496245,"hand_m":50,"area_in_meters":156.36050415039062,"confidence":0.771399974822998}},{"type":"Feature","geometry":null,"properties":{"risk_score":2.896901136240221,"verdict":"RED_BLOCKS_DRAINAGE","lost_frac":0,"flow_frac":1.0,"upstream_km2":29.020614624023438,"hand_m":50,"area_in_meters":127.75330352783203,"confidence":0.833899974822998}},{"type":"Feature","geometry":null,"properties":{"risk_score":109.62280080221618,"verdict":"RED_BLOCKS_DRAINAGE","lost_frac":0,"flow_frac":0.6521739130434783,"upstream_km2":122.06896234530468,"hand_m":0.24348250679347827,"area_in_meters":81.75340270996094,"confidence":0.833899974822998}},{"type":"Feature","geometry":null,"properties":{"risk_score":3.6670388295008918,"verdict":"RED_BLOCKS_DRAINAGE","lost_frac":0,"flow_frac":1.0,"upstream_km2":73.1634292602539,"hand_m":50,"area_in_meters":97.90589904785156,"confidence":0.833899974822998}},{"type":"Feature","geometry":null,"properties":{"risk_score":79.31946102092444,"verdict":"RED_BLOCKS_DRAINAGE","lost_frac":0,"flow_frac":0.5833333333333334,"upstream_km2":161.03676236257888,"hand_m":0.625,"area_in_meters":43.87779998779297,"confidence":0.833899974822998}},{"type":"Feature","geometry":null,"properties":{"risk_score":3.107011343487797,"verdict":"AMBER_PARTIAL","lost_frac":0,"flow_frac":0.16666666666666666,"upstream_km2":13.112244541912029,"hand_m":5.166676839192708,"area_in_meters":168.49749755859375,"confidence":0.760200023651123}},{"type":"Feature","geometry":null,"properties":{"risk_score":2.8927771974096195,"verdict":"RED_BLOCKS_DRAINAGE","lost_frac":0,"flow_frac":1.0,"upstream_km2":28.875581741333008,"hand_m":50,"area_in_meters":75.95320129394531,"confidence":0.760200023651123}},{"type":"Feature","geometry":null,"properties":{"risk_score":1.973065289909979,"verdict":"RED_BLOCKS_DRAINAGE","lost_frac":0,"flow_frac":1.0,"upstream_km2":9.145262718200684,"hand_m":50,"area_in_meters":42.82609939575195,"confidence":0.760200023651123}},{"type":"Feature","geometry":null,"properties":{"risk_score":38.00154129553016,"verdict":"RED_BLOCKS_DRAINAGE","lost_frac":0,"flow_frac":0.6538461538461539,"upstream_km2":47.72092336186996,"hand_m":1.903846153846154,"area_in_meters":94.1709976196289,"confidence":0.760200023651123}},{"type":"Feature","geometry":null,"properties":{"risk_score":29.99236608477613,"verdict":"RED_BLOCKS_DRAINAGE","lost_frac":0,"flow_frac":0.8181818181818182,"upstream_km2":2.519884179092266,"hand_m":0.4909113103693182,"area_in_meters":49.83250045776367,"confidence":0.822700023651123}},{"type":"Feature","geometry":null,"properties":{"risk_score":1.0463346721211475,"verdict":"RED_BLOCKS_DRAINAGE","lost_frac":0,"flow_frac":1.0,"upstream_km2":2.4168875217437744,"hand_m":50,"area_in_meters":58.46549987792969,"confidence":0.822700023651123}},{"type":"Feature","geometry":null,"properties":{"risk_score":1.0168616222077917,"verdict":"RED_BLOCKS_DRAINAGE","lost_frac":0,"flow_frac":1.0,"upstream_km2":2.300649642944336,"hand_m":50,"area_in_meters":144.0955047607422,"confidence":0.885200023651123}},{"type":"Feature","geometry":null,"properties":{"risk_score":126.82873029085367,"verdict":"RED_BLOCKS_DRAINAGE","lost_frac":0,"flow_frac":0.7142857142857143,"upstream_km2":134.12287020257543,"hand_m":0.2000034877232143,"area_in_meters":245.05259704589844,"confidence":0.885200023651123}},{"type":"Feature","geometry":null,"properties":{"risk_score":1.0769333773081167,"verdict":"RED_BLOCKS_DRAINAGE","lost_frac":0,"flow_frac":1.0,"upstream_km2":2.541897773742676,"hand_m":50,"area_in_meters":117.16639709472656,"confidence":0.7200999855995178}},{"type":"Feature","geometry":null,"properties":{"risk_score":49.46149085611805,"verdict":"RED_BLOCKS_DRAINAGE","lost_frac":0,"flow_frac":0.7857142857142857,"upstream_km2":18.520472307423397,"hand_m":1.0499921526227678,"area_in_meters":182.8804931640625,"confidence":0.7825999855995178}},{"type":"Feature","geometry":null,"properties":{"risk_score":2.1327294797726206,"verdict":"RED_BLOCKS_DRAINAGE","lost_frac":0,"flow_frac":1.0,"upstream_km2":11.237481117248535,"hand_m":50,"area_in_meters":52.00279998779297,"confidence":0.7825999855995178}},{"type":"Feature","geometry":null,"properties":{"risk_score":15.191521619348544,"verdict":"RED_BLOCKS_DRAINAGE","lost_frac":0,"flow_frac":0.5608856088560885,"upstream_km2":2.8025361900509944,"hand_m":1.1416866964079797,"area_in_meters":941.0560302734375,"confidence":0.7825999855995178}},{"type":"Feature","geometry":null,"properties":{"risk_score":2.7057893747707973,"verdict":"RED_BLOCKS_DRAINAGE","lost_frac":0,"flow_frac":1.0,"upstream_km2":22.98571014404297,"hand_m":50,"area_in_meters":58.105499267578125,"confidence":0.7825999855995178}},{"type":"Feature","geometry":null,"properties":{"risk_score":4.5901835501261115,"verdict":"RED_BLOCKS_DRAINAGE","lost_frac":0,"flow_frac":1.0,"upstream_km2":218.2772674560547,"hand_m":50,"area_in_meters":44.041900634765625,"confidence":0.8450999855995178}},{"type":"Feature","geometry":null,"properties":{"risk_score":1.8334655301663123,"verdict":"RED_BLOCKS_DRAINAGE","lost_frac":0,"flow_frac":1.0,"upstream_km2":7.611274242401123,"hand_m":50,"area_in_meters":233.5937957763672,"confidence":0.7145000100135803}},{"type":"Feature","geometry":null,"properties":{"risk_score":4.462602477385513,"verdict":"RED_BLOCKS_DRAINAGE","lost_frac":0,"flow_frac":1.0,"upstream_km2":187.76751708984375,"hand_m":50,"area_in_meters":101.33300018310547,"confidence":0.7145000100135803}},{"type":"Feature","geometry":null,"properties":{"risk_score":2.1994274311480795,"verdict":"AMBER_PARTIAL","lost_frac":0,"flow_frac":0.19491525423728812,"upstream_km2":0.6955581445688918,"hand_m":1.0321898379568326,"area_in_meters":416.33929443359375,"confidence":0.7770000100135803}},{"type":"Feature","geometry":null,"properties":{"risk_score":102.81693785470571,"verdict":"RED_BLOCKS_DRAINAGE","lost_frac":0,"flow_frac":0.8974358974358975,"upstream_km2":21.152734113618347,"hand_m":0.17435396634615383,"area_in_meters":135.81520080566406,"confidence":0.7770000100135803}},{"type":"Feature","geometry":null,"properties":{"risk_score":2.754860412434083,"verdict":"RED_BLOCKS_DRAINAGE","lost_frac":0,"flow_frac":1.0,"upstream_km2":24.40848731994629,"hand_m":50,"area_in_meters":118.59660339355469,"confidence":0.7770000100135803}},{"type":"Feature","geometry":null,"properties":{"risk_score":2.1327294797726206,"verdict":"RED_BLOCKS_DRAINAGE","lost_frac":0,"flow_frac":1.0,"upstream_km2":11.237481117248535,"hand_m":50,"area_in_meters":40.75320053100586,"confidence":0.7770000100135803}},{"type":"Feature","geometry":null,"properties":{"risk_score":1.2338736348166532,"verdict":"RED_BLOCKS_DRAINAGE","lost_frac":0,"flow_frac":1.0,"upstream_km2":3.258685350418091,"hand_m":50,"area_in_meters":415.2544860839844,"confidence":0.8395000100135803}},{"type":"Feature","geometry":null,"properties":{"risk_score":1.2338736348166532,"verdict":"RED_BLOCKS_DRAINAGE","lost_frac":0,"flow_frac":1.0,"upstream_km2":3.258685350418091,"hand_m":50,"area_in_meters":196.24789428710938,"confidence":0.9020000100135803}},{"type":"Feature","geometry":null,"properties":{"risk_score":5.435131729875649,"verdict":"AMBER_PARTIAL","lost_frac":0,"flow_frac":0.3043478260869565,"upstream_km2":1.9973794843839558,"hand_m":1.6695822010869563,"area_in_meters":267.1629943847656,"confidence":0.9020000100135803}},{"type":"Feature","geometry":null,"properties":{"risk_score":1.7476203506063877,"verdict":"RED_BLOCKS_DRAINAGE","lost_frac":0,"flow_frac":1.0,"upstream_km2":6.785497665405273,"hand_m":50,"area_in_meters":51.743499755859375,"confidence":0.7312999963760376}},{"type":"Feature","geometry":null,"properties":{"risk_score":7.185448648050833,"verdict":"AMBER_PARTIAL","lost_frac":0,"flow_frac":0.5,"upstream_km2":1.2125885365530849,"hand_m":1.399993896484375,"area_in_meters":59.85340118408203,"confidence":0.7312999963760376}},{"type":"Feature","geometry":null,"properties":{"risk_score":1.1947297997953303,"verdict":"RED_BLOCKS_DRAINAGE","lost_frac":0,"flow_frac":1.0,"upstream_km2":3.0673561096191406,"hand_m":50,"area_in_meters":53.5255012512207,"confidence":0.7312999963760376}},{"type":"Feature","geometry":null,"properties":{"risk_score":68.97268216984425,"verdict":"RED_BLOCKS_DRAINAGE","lost_frac":0,"flow_frac":0.8421052631578947,"upstream_km2":19.439928984220483,"hand_m":0.5999980725740132,"area_in_meters":129.76840209960938,"confidence":0.7312999963760376}},{"type":"Feature","geometry":null,"properties":{"risk_score":2.726258167272088,"verdict":"RED_BLOCKS_DRAINAGE","lost_frac":0,"flow_frac":1.0,"upstream_km2":23.569236755371094,"hand_m":50,"area_in_meters":62.65380096435547,"confidence":0.7937999963760376}},{"type":"Feature","geometry":null,"properties":{"risk_score":2.807338064232895,"verdict":"RED_BLOCKS_DRAINAGE","lost_frac":0,"flow_frac":1.0,"upstream_km2":26.023550771897842,"hand_m":50,"area_in_meters":222.64810180664062,"confidence":0.8562999963760376}},{"type":"Feature","geometry":null,"properties":{"risk_score":2.755139651543374,"verdict":"RED_BLOCKS_DRAINAGE","lost_frac":0,"flow_frac":1.0,"upstream_km2":24.416820526123047,"hand_m":50,"area_in_meters":219.00149536132812,"confidence":0.8562999963760376}},{"type":"Feature","geometry":null,"properties":{"risk_score":2.7847691750353207,"verdict":"RED_BLOCKS_DRAINAGE","lost_frac":0,"flow_frac":1.0,"upstream_km2":25.31675148010254,"hand_m":50,"area_in_meters":96.44940185546875,"confidence":0.8562999963760376}},{"type":"Feature","geometry":null,"properties":{"risk_score":26.959728285547392,"verdict":"RED_BLOCKS_DRAINAGE","lost_frac":0,"flow_frac":0.5666666666666667,"upstream_km2":43.758634066643815,"hand_m":2.469978841145833,"area_in_meters":228.39739990234375,"confidence":0.8618999719619751}},{"type":"Feature","geometry":null,"properties":{"risk_score":2.1718419093465227,"verdict":"RED_BLOCKS_DRAINAGE","lost_frac":0,"flow_frac":1.0,"upstream_km2":11.812662124633789,"hand_m":50,"area_in_meters":52.80739974975586,"confidence":0.7257000207901001}},{"type":"Feature","geometry":null,"properties":{"risk_score":2.799334168014425,"verdict":"RED_BLOCKS_DRAINAGE","lost_frac":0,"flow_frac":1.0,"upstream_km2":25.77074305216471,"hand_m":50,"area_in_meters":51.51470184326172,"confidence":0.7882000207901001}},{"type":"Feature","geometry":null,"properties":{"risk_score":4.459853263694232,"verdict":"RED_BLOCKS_DRAINAGE","lost_frac":0,"flow_frac":1.0,"upstream_km2":187.15907287597656,"hand_m":50,"area_in_meters":57.667301177978516,"confidence":0.7882000207901001}},{"type":"Feature","geometry":null,"properties":{"risk_score":1.7528822732789648,"verdict":"RED_BLOCKS_DRAINAGE","lost_frac":0,"flow_frac":1.0,"upstream_km2":6.833754539489746,"hand_m":50,"area_in_meters":145.4261932373047,"confidence":0.7882000207901001}},{"type":"Feature","geometry":null,"properties":{"risk_score":1.8673459269416826,"verdict":"RED_BLOCKS_DRAINAGE","lost_frac":0,"flow_frac":1.0,"upstream_km2":7.960792541503906,"hand_m":50,"area_in_meters":80.6404037475586,"confidence":0.7882000207901001}},{"type":"Feature","geometry":null,"properties":{"risk_score":37.34711557719388,"verdict":"RED_BLOCKS_DRAINAGE","lost_frac":0,"flow_frac":0.9154929577464788,"upstream_km2":2.1446886416262303,"hand_m":0.21971624669894363,"area_in_meters":242.1916046142578,"confidence":0.8507000207901001}},{"type":"Feature","geometry":null,"properties":{"risk_score":12.03613411246877,"verdict":"AMBER_PARTIAL","lost_frac":0,"flow_frac":0.29787234042553185,"upstream_km2":7.217884735303357,"hand_m":1.2638640708111701,"area_in_meters":1117.3459,"confidence":0.9132000207901001}},{"type":"Feature","geometry":null,"properties":{"risk_score":21.929383539669914,"verdict":"RED_BLOCKS_DRAINAGE","lost_frac":0,"flow_frac":0.5875706214689266,"upstream_km2":2.135893342037827,"hand_m":0.3299384682865466,"area_in_meters":553.731689453125,"confidence":0.8675000071525574}},{"type":"Feature","geometry":null,"properties":{"risk_score":2.707563243983808,"verdict":"RED_BLOCKS_DRAINAGE","lost_frac":0,"flow_frac":1.0,"upstream_km2":23.03572654724121,"hand_m":50,"area_in_meters":48.3218994140625,"confidence":0.8105999827384949}},{"type":"Feature","geometry":null,"properties":{"risk_score":2.7279899493783475,"verdict":"RED_BLOCKS_DRAINAGE","lost_frac":0,"flow_frac":1.0,"upstream_km2":23.619253158569336,"hand_m":50,"area_in_meters":249.9290008544922,"confidence":0.8730999827384949}},{"type":"Feature","geometry":null,"properties":{"risk_score":1.3832894295007796,"verdict":"RED_BLOCKS_DRAINAGE","lost_frac":0,"flow_frac":1.0,"upstream_km2":4.075485706329346,"hand_m":50,"area_in_meters":125.26460266113281,"confidence":0.8217999935150146}},{"type":"Feature","geometry":null,"properties":{"risk_score":1.1553618013596088,"verdict":"RED_BLOCKS_DRAINAGE","lost_frac":0,"flow_frac":1.0,"upstream_km2":2.8836002349853516,"hand_m":50,"area_in_meters":58.005699157714844,"confidence":0.8217999935150146}},{"type":"Feature","geometry":null,"properties":{"risk_score":2.166283537285706,"verdict":"RED_BLOCKS_DRAINAGE","lost_frac":0,"flow_frac":1.0,"upstream_km2":11.729302406311035,"hand_m":50,"area_in_meters":119.88240051269531,"confidence":0.8217999935150146}},{"type":"Feature","geometry":null,"properties":{"risk_score":75.9014224789393,"verdict":"RED_BLOCKS_DRAINAGE","lost_frac":0,"flow_frac":0.834862385321101,"upstream_km2":22.689874220690736,"hand_m":0.5119225738245413,"area_in_meters":388.27789306640625,"confidence":0.8842999935150146}},{"type":"Feature","geometry":null,"properties":{"risk_score":2.9139885607176033,"verdict":"RED_BLOCKS_DRAINAGE","lost_frac":0,"flow_frac":1.0,"upstream_km2":29.62909507751465,"hand_m":50,"area_in_meters":98.1718978881836,"confidence":0.7537000179290771}},{"type":"Feature","geometry":null,"properties":{"risk_score":4.8681760791523265,"verdict":"AMBER_PARTIAL","lost_frac":0,"flow_frac":0.3235294117647059,"upstream_km2":0.7875575519933858,"hand_m":0.6764705882352942,"area_in_meters":111.28130340576172,"confidence":0.8162000179290771}},{"type":"Feature","geometry":null,"properties":{"risk_score":1.0379858295247464,"verdict":"RED_BLOCKS_DRAINAGE","lost_frac":0,"flow_frac":1.0,"upstream_km2":2.3835513591766357,"hand_m":50,"area_in_meters":97.78369903564453,"confidence":0.7080000042915344}},{"type":"Feature","geometry":null,"properties":{"risk_score":1.1237992302610422,"verdict":"RED_BLOCKS_DRAINAGE","lost_frac":0,"flow_frac":1.0,"upstream_km2":2.7422914505004883,"hand_m":50,"area_in_meters":143.8166046142578,"confidence":0.8330000042915344}},{"type":"Feature","geometry":null,"properties":{"risk_score":15.27878084052425,"verdict":"RED_BLOCKS_DRAINAGE","lost_frac":0,"flow_frac":0.625,"upstream_km2":1.5136521448148414,"hand_m":0.6375045776367188,"area_in_meters":83.55470275878906,"confidence":0.8955000042915344}},{"type":"Feature","geometry":null,"properties":{"risk_score":2.7203739259160153,"verdict":"RED_BLOCKS_DRAINAGE","lost_frac":0,"flow_frac":1.0,"upstream_km2":23.400049209594727,"hand_m":50,"area_in_meters":54.079898834228516,"confidence":0.7135999798774719}},{"type":"Feature","geometry":null,"properties":{"risk_score":1.8168169333870148,"verdict":"RED_BLOCKS_DRAINAGE","lost_frac":0,"flow_frac":1.0,"upstream_km2":7.444552421569824,"hand_m":50,"area_in_meters":65.82559967041016,"confidence":0.7135999798774719}},{"type":"Feature","geometry":null,"properties":{"risk_score":2.7554346417819824,"verdict":"RED_BLOCKS_DRAINAGE","lost_frac":0,"flow_frac":1.0,"upstream_km2":24.425626754760742,"hand_m":50,"area_in_meters":147.94290161132812,"confidence":0.7760999798774719}},{"type":"Feature","geometry":null,"properties":{"risk_score":2.1327294797726206,"verdict":"RED_BLOCKS_DRAINAGE","lost_frac":0,"flow_frac":1.0,"upstream_km2":11.237481117248535,"hand_m":50,"area_in_meters":72.16619873046875,"confidence":0.7760999798774719}},{"type":"Feature","geometry":null,"properties":{"risk_score":1.2254810334339632,"verdict":"RED_BLOCKS_DRAINAGE","lost_frac":0,"flow_frac":1.0,"upstream_km2":3.2169196605682373,"hand_m":50,"area_in_meters":47.47200012207031,"confidence":0.7760999798774719}},{"type":"Feature","geometry":null,"properties":{"risk_score":2.6128098713358305,"verdict":"AMBER_PARTIAL","lost_frac":0,"flow_frac":0.3484848484848485,"upstream_km2":0.744321492796933,"hand_m":2.222706187855114,"area_in_meters":246.00929260253906,"confidence":0.8385999798774719}},{"type":"Feature","geometry":null,"properties":{"risk_score":1.3087953906972356,"verdict":"RED_BLOCKS_DRAINAGE","lost_frac":0,"flow_frac":1.0,"upstream_km2":3.6503500938415527,"hand_m":50,"area_in_meters":279.8106994628906,"confidence":0.8385999798774719}},{"type":"Feature","geometry":null,"properties":{"risk_score":2.8605802543402374,"verdict":"RED_BLOCKS_DRAINAGE","lost_frac":0,"flow_frac":1.0,"upstream_km2":27.76708984375,"hand_m":50,"area_in_meters":225.22889709472656,"confidence":0.9010999798774719}},{"type":"Feature","geometry":null,"properties":{"risk_score":2.384922637330153,"verdict":"RED_BLOCKS_DRAINAGE","lost_frac":0,"flow_frac":1.0,"upstream_km2":15.455479621887207,"hand_m":50,"area_in_meters":49.64419937133789,"confidence":0.7024000287055969}},{"type":"Feature","geometry":null,"properties":{"risk_score":1.218722239743642,"verdict":"RED_BLOCKS_DRAINAGE","lost_frac":0,"flow_frac":1.0,"upstream_km2":3.1835825443267822,"hand_m":50,"area_in_meters":57.38090133666992,"confidence":0.7024000287055969}},{"type":"Feature","geometry":null,"properties":{"risk_score":1.2254810334339632,"verdict":"RED_BLOCKS_DRAINAGE","lost_frac":0,"flow_frac":1.0,"upstream_km2":3.2169196605682373,"hand_m":50,"area_in_meters":57.22480010986328,"confidence":0.7649000287055969}},{"type":"Feature","geometry":null,"properties":{"risk_score":2.7279899493783475,"verdict":"RED_BLOCKS_DRAINAGE","lost_frac":0,"flow_frac":1.0,"upstream_km2":23.619253158569336,"hand_m":50,"area_in_meters":73.1050033569336,"confidence":0.8274000287055969}},{"type":"Feature","geometry":null,"properties":{"risk_score":2.713449662687177,"verdict":"RED_BLOCKS_DRAINAGE","lost_frac":0,"flow_frac":1.0,"upstream_km2":23.202449798583984,"hand_m":50,"area_in_meters":304.52178955078125,"confidence":0.8274000287055969}},{"type":"Feature","geometry":null,"properties":{"risk_score":2.7574605196361532,"verdict":"RED_BLOCKS_DRAINAGE","lost_frac":0,"flow_frac":1.0,"upstream_km2":24.486186981201172,"hand_m":50,"area_in_meters":193.26809692382812,"confidence":0.8899000287055969}},{"type":"Feature","geometry":null,"properties":{"risk_score":35.85296653111189,"verdict":"RED_BLOCKS_DRAINAGE","lost_frac":0,"flow_frac":0.88,"upstream_km2":2.663278858102858,"hand_m":0.38400146484375,"area_in_meters":85.89309692382812,"confidence":0.8899000287055969}},{"type":"Feature","geometry":null,"properties":{"risk_score":2.9424738532717676,"verdict":"RED_BLOCKS_DRAINAGE","lost_frac":0,"flow_frac":1.0,"upstream_km2":30.670991897583008,"hand_m":50,"area_in_meters":127.0552978515625,"confidence":0.7817000150680542}},{"type":"Feature","geometry":null,"properties":{"risk_score":1.0483981008233028,"verdict":"RED_BLOCKS_DRAINAGE","lost_frac":0,"flow_frac":1.0,"upstream_km2":2.4251770973205566,"hand_m":50,"area_in_meters":107.93930053710938,"confidence":0.8442000150680542}},{"type":"Feature","geometry":null,"properties":{"risk_score":4.593091600130734,"verdict":"RED_BLOCKS_DRAINAGE","lost_frac":0,"flow_frac":1.0,"upstream_km2":219.02737426757812,"hand_m":50,"area_in_meters":54.428199768066406,"confidence":0.8442000150680542}},{"type":"Feature","geometry":null,"properties":{"risk_score":1.4152636498717064,"verdict":"GREEN_CLEAR","lost_frac":0,"flow_frac":0.1346153846153846,"upstream_km2":10.609574482692643,"hand_m":9.128194564428085,"area_in_meters":526.7156982421875,"confidence":0.9067000150680542}},{"type":"Feature","geometry":null,"properties":{"risk_score":6.449546359043112,"verdict":"AMBER_PARTIAL","lost_frac":0,"flow_frac":0.20754716981132076,"upstream_km2":5.006785923439377,"hand_m":1.505679724351415,"area_in_meters":185.35670471191406,"confidence":0.7872999906539917}},{"type":"Feature","geometry":null,"properties":{"risk_score":1.2254810334339632,"verdict":"RED_BLOCKS_DRAINAGE","lost_frac":0,"flow_frac":1.0,"upstream_km2":3.2169196605682373,"hand_m":50,"area_in_meters":58.50429916381836,"confidence":0.8497999906539917}},{"type":"Feature","geometry":null,"properties":{"risk_score":2.9265870183547658,"verdict":"GREEN_CLEAR","lost_frac":0,"flow_frac":0.11764705882352941,"upstream_km2":3.6323770934935,"hand_m":1.6764921300551472,"area_in_meters":59.45930099487305,"confidence":0.7985000014305115}},{"type":"Feature","geometry":null,"properties":{"risk_score":1.192906154598093,"verdict":"RED_BLOCKS_DRAINAGE","lost_frac":0,"flow_frac":1.0,"upstream_km2":3.058655023574829,"hand_m":50,"area_in_meters":127.5521011352539,"confidence":0.8610000014305115}},{"type":"Feature","geometry":null,"properties":{"risk_score":20.767418663111982,"verdict":"RED_BLOCKS_DRAINAGE","lost_frac":0,"flow_frac":0.7291666666666667,"upstream_km2":2.7171510942280297,"hand_m":1.0020701090494792,"area_in_meters":164.04139709472656,"confidence":0.8610000014305115}},{"type":"Feature","geometry":null,"properties":{"risk_score":1.0379858295247464,"verdict":"RED_BLOCKS_DRAINAGE","lost_frac":0,"flow_frac":1.0,"upstream_km2":2.3835513591766357,"hand_m":50,"area_in_meters":120.5790023803711,"confidence":0.8610000014305115}},{"type":"Feature","geometry":null,"properties":{"risk_score":17.2426689460726,"verdict":"RED_BLOCKS_DRAINAGE","lost_frac":0,"flow_frac":0.6306306306306306,"upstream_km2":3.33508037633959,"hand_m":1.329743256440034,"area_in_meters":378.2777099609375,"confidence":0.9235000014305115}},{"type":"Feature","geometry":null,"properties":{"risk_score":2.9139885607176033,"verdict":"RED_BLOCKS_DRAINAGE","lost_frac":0,"flow_frac":1.0,"upstream_km2":29.62909507751465,"hand_m":50,"area_in_meters":161.8323974609375,"confidence":0.804099977016449}},{"type":"Feature","geometry":null,"properties":{"risk_score":1.9171673838580132,"verdict":"AMBER_PARTIAL","lost_frac":0,"flow_frac":0.18181818181818182,"upstream_km2":0.9735349880700761,"hand_m":1.800009987571023,"area_in_meters":52.317901611328125,"confidence":0.804099977016449}},{"type":"Feature","geometry":null,"properties":{"risk_score":2.707563243983808,"verdict":"RED_BLOCKS_DRAINAGE","lost_frac":0,"flow_frac":1.0,"upstream_km2":23.03572654724121,"hand_m":50,"area_in_meters":165.8927001953125,"confidence":0.866599977016449}},{"type":"Feature","geometry":null,"properties":{"risk_score":15.15207976639516,"verdict":"RED_BLOCKS_DRAINAGE","lost_frac":0,"flow_frac":0.6666666666666666,"upstream_km2":1.7029324869314832,"hand_m":0.9000040690104166,"area_in_meters":99.652099609375,"confidence":0.866599977016449}},{"type":"Feature","geometry":null,"properties":{"risk_score":3.6644506389741767,"verdict":"RED_BLOCKS_DRAINAGE","lost_frac":0,"flow_frac":1.0,"upstream_km2":72.93836212158203,"hand_m":50,"area_in_meters":169.50979614257812,"confidence":0.866599977016449}},{"type":"Feature","geometry":null,"properties":{"risk_score":31.900560965350994,"verdict":"RED_BLOCKS_DRAINAGE","lost_frac":0,"flow_frac":0.5445544554455445,"upstream_km2":14.829752324997344,"hand_m":1.0475469910272277,"area_in_meters":330.13018798828125,"confidence":0.929099977016449}},{"type":"Feature","geometry":null,"properties":{"risk_score":1.2254810334339632,"verdict":"RED_BLOCKS_DRAINAGE","lost_frac":0,"flow_frac":1.0,"upstream_km2":3.2169196605682373,"hand_m":50,"area_in_meters":87.0730972290039,"confidence":0.792900025844574}},{"type":"Feature","geometry":null,"properties":{"risk_score":1.1103388148707447,"verdict":"RED_BLOCKS_DRAINAGE","lost_frac":0,"flow_frac":1.0,"upstream_km2":2.683602809906006,"hand_m":50,"area_in_meters":71.12149810791016,"confidence":0.792900025844574}},{"type":"Feature","geometry":null,"properties":{"risk_score":2.626707973705372,"verdict":"RED_BLOCKS_DRAINAGE","lost_frac":0,"flow_frac":1.0,"upstream_km2":20.858535766601562,"hand_m":50,"area_in_meters":76.20590209960938,"confidence":0.792900025844574}},{"type":"Feature","geometry":null,"properties":{"risk_score":1.9758507251855266,"verdict":"RED_BLOCKS_DRAINAGE","lost_frac":0,"flow_frac":1.0,"upstream_km2":9.178502082824707,"hand_m":50,"area_in_meters":99.23300170898438,"confidence":0.792900025844574}},{"type":"Feature","geometry":null,"properties":{"risk_score":1.17794247283702,"verdict":"RED_BLOCKS_DRAINAGE","lost_frac":0,"flow_frac":1.0,"upstream_km2":2.9879587836887525,"hand_m":50,"area_in_meters":74.08170318603516,"confidence":0.792900025844574}},{"type":"Feature","geometry":null,"properties":{"risk_score":33.740625489796486,"verdict":"RED_BLOCKS_DRAINAGE","lost_frac":0,"flow_frac":0.8137254901960784,"upstream_km2":2.5151887857446487,"hand_m":0.31666894052542893,"area_in_meters":350.8056945800781,"confidence":0.855400025844574}},{"type":"Feature","geometry":null,"properties":{"risk_score":1.9778678540801249,"verdict":"AMBER_PARTIAL","lost_frac":0,"flow_frac":0.3258426966292135,"upstream_km2":1.0050945969277554,"hand_m":3.9775034015098316,"area_in_meters":310.3651123046875,"confidence":0.855400025844574}},{"type":"Feature","geometry":null,"properties":{"risk_score":36.13959840615688,"verdict":"RED_BLOCKS_DRAINAGE","lost_frac":0,"flow_frac":0.6557377049180328,"upstream_km2":11.088673728289175,"hand_m":0.963930223808914,"area_in_meters":211.99929809570312,"confidence":0.855400025844574}},{"type":"Feature","geometry":null,"properties":{"risk_score":1.0462836161680569,"verdict":"RED_BLOCKS_DRAINAGE","lost_frac":0,"flow_frac":1.0,"upstream_km2":2.4166826651646542,"hand_m":50,"area_in_meters":190.78619384765625,"confidence":0.7472000122070312}},{"type":"Feature","geometry":null,"properties":{"risk_score":2.6989549790244,"verdict":"RED_BLOCKS_DRAINAGE","lost_frac":0,"flow_frac":1.0,"upstream_km2":22.79397710164388,"hand_m":50,"area_in_meters":64.86139678955078,"confidence":0.7472000122070312}},{"type":"Feature","geometry":null,"properties":{"risk_score":3.317326458865645,"verdict":"RED_BLOCKS_DRAINAGE","lost_frac":0,"flow_frac":1.0,"upstream_km2":48.18543243408203,"hand_m":50,"area_in_meters":129.3009033203125,"confidence":0.7472000122070312}},{"type":"Feature","geometry":null,"properties":{"risk_score":1.8140496831345745,"verdict":"RED_BLOCKS_DRAINAGE","lost_frac":0,"flow_frac":1.0,"upstream_km2":7.4171552658081055,"hand_m":50,"area_in_meters":68.89659881591797,"confidence":0.7472000122070312}},{"type":"Feature","geometry":null,"properties":{"risk_score":1.0463346721211475,"verdict":"RED_BLOCKS_DRAINAGE","lost_frac":0,"flow_frac":1.0,"upstream_km2":2.4168875217437744,"hand_m":50,"area_in_meters":422.052490234375,"confidence":0.8097000122070312}},{"type":"Feature","geometry":null,"properties":{"risk_score":2.7120798156986714,"verdict":"RED_BLOCKS_DRAINAGE","lost_frac":0,"flow_frac":1.0,"upstream_km2":23.16354815165202,"hand_m":50,"area_in_meters":118.12059783935547,"confidence":0.8722000122070312}},{"type":"Feature","geometry":null,"properties":{"risk_score":4.6223694092020455,"verdict":"RED_BLOCKS_DRAINAGE","lost_frac":0,"flow_frac":1.0,"upstream_km2":226.72378766334663,"hand_m":50,"area_in_meters":816.2493286132812,"confidence":0.8722000122070312}},{"type":"Feature","geometry":null,"properties":{"risk_score":11.868950304673096,"verdict":"AMBER_PARTIAL","lost_frac":0,"flow_frac":0.3,"upstream_km2":3.06699602752924,"hand_m":0.54000244140625,"area_in_meters":46.03030014038086,"confidence":0.7527999877929688}},{"type":"Feature","geometry":null,"properties":{"risk_score":1.8140496831345745,"verdict":"RED_BLOCKS_DRAINAGE","lost_frac":0,"flow_frac":1.0,"upstream_km2":7.4171552658081055,"hand_m":50,"area_in_meters":121.3949966430664,"confidence":0.8152999877929688}},{"type":"Feature","geometry":null,"properties":{"risk_score":26.146585726724492,"verdict":"RED_BLOCKS_DRAINAGE","lost_frac":0,"flow_frac":0.75,"upstream_km2":2.28188007971039,"hand_m":0.48046874999999994,"area_in_meters":437.9424133300781,"confidence":0.8152999877929688}},{"type":"Feature","geometry":null,"properties":{"risk_score":35.476609146335974,"verdict":"RED_BLOCKS_DRAINAGE","lost_frac":0,"flow_frac":0.5483870967741935,"upstream_km2":13.88714419052966,"hand_m":0.812897712953629,"area_in_meters":101.59510040283203,"confidence":0.8152999877929688}},{"type":"Feature","geometry":null,"properties":{"risk_score":3.712330649669868,"verdict":"RED_BLOCKS_DRAINAGE","lost_frac":0,"flow_frac":1.0,"upstream_km2":77.2147445678711,"hand_m":50,"area_in_meters":64.32209777832031,"confidence":0.8152999877929688}},{"type":"Feature","geometry":null,"properties":{"risk_score":1.0483981008233028,"verdict":"RED_BLOCKS_DRAINAGE","lost_frac":0,"flow_frac":1.0,"upstream_km2":2.4251770973205566,"hand_m":50,"area_in_meters":76.38569641113281,"confidence":0.8777999877929688}},{"type":"Feature","geometry":null,"properties":{"risk_score":3.6644506389741767,"verdict":"RED_BLOCKS_DRAINAGE","lost_frac":0,"flow_frac":1.0,"upstream_km2":72.93836212158203,"hand_m":50,"area_in_meters":72.51629638671875,"confidence":0.707099974155426}},{"type":"Feature","geometry":null,"properties":{"risk_score":1.218722239743642,"verdict":"RED_BLOCKS_DRAINAGE","lost_frac":0,"flow_frac":1.0,"upstream_km2":3.1835825443267822,"hand_m":50,"area_in_meters":99.11509704589844,"confidence":0.769599974155426}},{"type":"Feature","geometry":null,"properties":{"risk_score":2.726258167272088,"verdict":"RED_BLOCKS_DRAINAGE","lost_frac":0,"flow_frac":1.0,"upstream_km2":23.569236755371094,"hand_m":50,"area_in_meters":131.2303009033203,"confidence":0.832099974155426}},{"type":"Feature","geometry":null,"properties":{"risk_score":1.218722239743642,"verdict":"RED_BLOCKS_DRAINAGE","lost_frac":0,"flow_frac":1.0,"upstream_km2":3.1835825443267822,"hand_m":50,"area_in_meters":107.98500061035156,"confidence":0.832099974155426}},{"type":"Feature","geometry":null,"properties":{"risk_score":1.0082505075556958,"verdict":"RED_BLOCKS_DRAINAGE","lost_frac":0,"flow_frac":1.0,"upstream_km2":2.2674410343170166,"hand_m":50,"area_in_meters":186.9053955078125,"confidence":0.832099974155426}},{"type":"Feature","geometry":null,"properties":{"risk_score":2.6409327304017234,"verdict":"RED_BLOCKS_DRAINAGE","lost_frac":0,"flow_frac":1.0,"upstream_km2":21.226736068725586,"hand_m":50,"area_in_meters":92.53279876708984,"confidence":0.894599974155426}},{"type":"Feature","geometry":null,"properties":{"risk_score":1.8168169333870148,"verdict":"RED_BLOCKS_DRAINAGE","lost_frac":0,"flow_frac":1.0,"upstream_km2":7.444552421569824,"hand_m":50,"area_in_meters":137.91839599609375,"confidence":0.758400022983551}},{"type":"Feature","geometry":null,"properties":{"risk_score":1.7822664623711828,"verdict":"RED_BLOCKS_DRAINAGE","lost_frac":0,"flow_frac":1.0,"upstream_km2":7.1087870597839355,"hand_m":50,"area_in_meters":276.23260498046875,"confidence":0.758400022983551}},{"type":"Feature","geometry":null,"properties":{"risk_score":2.7478633657411784,"verdict":"RED_BLOCKS_DRAINAGE","lost_frac":0,"flow_frac":1.0,"upstream_km2":24.2005672454834,"hand_m":50,"area_in_meters":67.74109649658203,"confidence":0.758400022983551}},{"type":"Feature","geometry":null,"properties":{"risk_score":1.184110060343759,"verdict":"RED_BLOCKS_DRAINAGE","lost_frac":0,"flow_frac":1.0,"upstream_km2":3.0169472694396973,"hand_m":50,"area_in_meters":127.4844970703125,"confidence":0.758400022983551}},{"type":"Feature","geometry":null,"properties":{"risk_score":2.8927771974096195,"verdict":"RED_BLOCKS_DRAINAGE","lost_frac":0,"flow_frac":1.0,"upstream_km2":28.875581741333008,"hand_m":50,"area_in_meters":76.5739974975586,"confidence":0.758400022983551}},{"type":"Feature","geometry":null,"properties":{"risk_score":1.184110060343759,"verdict":"RED_BLOCKS_DRAINAGE","lost_frac":0,"flow_frac":1.0,"upstream_km2":3.0169472694396973,"hand_m":50,"area_in_meters":176.7563934326172,"confidence":0.820900022983551}},{"type":"Feature","geometry":null,"properties":{"risk_score":2.8529279221113018,"verdict":"RED_BLOCKS_DRAINAGE","lost_frac":0,"flow_frac":1.0,"upstream_km2":27.50973892211914,"hand_m":50,"area_in_meters":40.62620162963867,"confidence":0.820900022983551}},{"type":"Feature","geometry":null,"properties":{"risk_score":2.7271244655376394,"verdict":"RED_BLOCKS_DRAINAGE","lost_frac":0,"flow_frac":1.0,"upstream_km2":23.5942440032959,"hand_m":50,"area_in_meters":128.48350524902344,"confidence":0.883400022983551}},{"type":"Feature","geometry":null,"properties":{"risk_score":3.727263939838414,"verdict":"RED_BLOCKS_DRAINAGE","lost_frac":0,"flow_frac":1.0,"upstream_km2":78.59844970703125,"hand_m":50,"area_in_meters":70.93569946289062,"confidence":0.883400022983551}},{"type":"Feature","geometry":null,"properties":{"risk_score":2.7122756430907033,"verdict":"RED_BLOCKS_DRAINAGE","lost_frac":0,"flow_frac":1.0,"upstream_km2":23.169105529785156,"hand_m":50,"area_in_meters":61.07509994506836,"confidence":0.7014999985694885}},{"type":"Feature","geometry":null,"properties":{"risk_score":15.750613991195516,"verdict":"AMBER_PARTIAL","lost_frac":0,"flow_frac":0.28985507246376807,"upstream_km2":7.497403191321568,"hand_m":0.7101449275362318,"area_in_meters":257.8016052246094,"confidence":0.7014999985694885}},{"type":"Feature","geometry":null,"properties":{"risk_score":2.707563243983808,"verdict":"RED_BLOCKS_DRAINAGE","lost_frac":0,"flow_frac":1.0,"upstream_km2":23.03572654724121,"hand_m":50,"area_in_meters":103.20179748535156,"confidence":0.7639999985694885}},{"type":"Feature","geometry":null,"properties":{"risk_score":1.9779404050100857,"verdict":"RED_BLOCKS_DRAINAGE","lost_frac":0,"flow_frac":1.0,"upstream_km2":9.203510284423828,"hand_m":50,"area_in_meters":69.3718032836914,"confidence":0.8264999985694885}},{"type":"Feature","geometry":null,"properties":{"risk_score":36.64380261703512,"verdict":"RED_BLOCKS_DRAINAGE","lost_frac":0,"flow_frac":0.5306122448979592,"upstream_km2":4.284482927764861,"hand_m":0.046927315848214295,"area_in_meters":176.2864990234375,"confidence":0.8264999985694885}},{"type":"Feature","geometry":null,"properties":{"risk_score":1.0287759741030178,"verdict":"RED_BLOCKS_DRAINAGE","lost_frac":0,"flow_frac":1.0,"upstream_km2":2.3471544039876835,"hand_m":50,"area_in_meters":132.7873992919922,"confidence":0.8264999985694885}},{"type":"Feature","geometry":null,"properties":{"risk_score":2.754950157303483,"verdict":"RED_BLOCKS_DRAINAGE","lost_frac":0,"flow_frac":1.0,"upstream_km2":24.411165237426758,"hand_m":50,"area_in_meters":245.831298828125,"confidence":0.8889999985694885}},{"type":"Feature","geometry":null,"properties":{"risk_score":119.17239865302523,"verdict":"RED_BLOCKS_DRAINAGE","lost_frac":0,"flow_frac":0.9361702127659574,"upstream_km2":27.296810379767038,"hand_m":0.14042631108710105,"area_in_meters":320.81829833984375,"confidence":0.8889999985694885}},{"type":"Feature","geometry":null,"properties":{"risk_score":31.295225593454255,"verdict":"RED_BLOCKS_DRAINAGE","lost_frac":0,"flow_frac":0.7,"upstream_km2":5.2486989958211785,"hand_m":0.77999267578125,"area_in_meters":96.16500091552734,"confidence":0.7127000093460083}},{"type":"Feature","geometry":null,"properties":{"risk_score":4.584056089627968,"verdict":"AMBER_PARTIAL","lost_frac":0,"flow_frac":0.28125,"upstream_km2":0.9060608494910413,"hand_m":0.71875,"area_in_meters":112.08110046386719,"confidence":0.7752000093460083}},{"type":"Feature","geometry":null,"properties":{"risk_score":1.5628431799034508,"verdict":"GREEN_CLEAR","lost_frac":0,"flow_frac":0.09090909090909091,"upstream_km2":2.1631190729412166,"hand_m":1.9091242009943181,"area_in_meters":74.36129760742188,"confidence":0.7752000093460083}},{"type":"Feature","geometry":null,"properties":{"risk_score":2.7195868167943518,"verdict":"RED_BLOCKS_DRAINAGE","lost_frac":0,"flow_frac":1.0,"upstream_km2":23.377506256103516,"hand_m":50,"area_in_meters":69.345703125,"confidence":0.7752000093460083}},{"type":"Feature","geometry":null,"properties":{"risk_score":7.673707831452671,"verdict":"AMBER_PARTIAL","lost_frac":0,"flow_frac":0.3773584905660377,"upstream_km2":2.8300266439481723,"hand_m":1.867924528301887,"area_in_meters":147.73089599609375,"confidence":0.7752000093460083}},{"type":"Feature","geometry":null,"properties":{"risk_score":16.140645828144716,"verdict":"RED_BLOCKS_DRAINAGE","lost_frac":0,"flow_frac":0.5161290322580645,"upstream_km2":1.361870757033748,"hand_m":0.19356020035282256,"area_in_meters":94.9271011352539,"confidence":0.8377000093460083}},{"type":"Feature","geometry":null,"properties":{"risk_score":2.7847691750353207,"verdict":"RED_BLOCKS_DRAINAGE","lost_frac":0,"flow_frac":1.0,"upstream_km2":25.31675148010254,"hand_m":50,"area_in_meters":169.1468963623047,"confidence":0.8377000093460083}},{"type":"Feature","geometry":null,"properties":{"risk_score":1.1553618013596088,"verdict":"RED_BLOCKS_DRAINAGE","lost_frac":0,"flow_frac":1.0,"upstream_km2":2.8836002349853516,"hand_m":50,"area_in_meters":68.48269653320312,"confidence":0.8377000093460083}},{"type":"Feature","geometry":null,"properties":{"risk_score":1.1929829868770292,"verdict":"RED_BLOCKS_DRAINAGE","lost_frac":0,"flow_frac":1.0,"upstream_km2":3.059021234512329,"hand_m":50,"area_in_meters":108.5374984741211,"confidence":0.9002000093460083}},{"type":"Feature","geometry":null,"properties":{"risk_score":1.0015619133127636,"verdict":"RED_BLOCKS_DRAINAGE","lost_frac":0,"flow_frac":1.0,"upstream_km2":2.241877317428589,"hand_m":50,"area_in_meters":48.21149826049805,"confidence":0.7807999849319458}},{"type":"Feature","geometry":null,"properties":{"risk_score":32.43647165850207,"verdict":"AMBER_PARTIAL","lost_frac":0,"flow_frac":0.5,"upstream_km2":11.672081443015486,"hand_m":0.70001220703125,"area_in_meters":51.35919952392578,"confidence":0.7807999849319458}},{"type":"Feature","geometry":null,"properties":{"risk_score":1.0379858295247464,"verdict":"RED_BLOCKS_DRAINAGE","lost_frac":0,"flow_frac":1.0,"upstream_km2":2.3835513591766357,"hand_m":50,"area_in_meters":202.65170288085938,"confidence":0.8432999849319458}},{"type":"Feature","geometry":null,"properties":{"risk_score":4.462602477385513,"verdict":"RED_BLOCKS_DRAINAGE","lost_frac":0,"flow_frac":1.0,"upstream_km2":187.76751708984375,"hand_m":50,"area_in_meters":85.25800323486328,"confidence":0.8432999849319458}},{"type":"Feature","geometry":null,"properties":{"risk_score":47.6113162326238,"verdict":"RED_BLOCKS_DRAINAGE","lost_frac":0,"flow_frac":0.625,"upstream_km2":15.192722630764667,"hand_m":0.5874900817871094,"area_in_meters":325.3721008300781,"confidence":0.8432999849319458}},{"type":"Feature","geometry":null,"properties":{"risk_score":1.2050599037414342,"verdict":"RED_BLOCKS_DRAINAGE","lost_frac":0,"flow_frac":1.0,"upstream_km2":3.116997003555298,"hand_m":50,"area_in_meters":132.92880249023438,"confidence":0.9057999849319458}},{"type":"Feature","geometry":null,"properties":{"risk_score":1.7476203506063877,"verdict":"RED_BLOCKS_DRAINAGE","lost_frac":0,"flow_frac":1.0,"upstream_km2":6.785497665405273,"hand_m":50,"area_in_meters":448.8739013671875,"confidence":0.9057999849319458}},{"type":"Feature","geometry":null,"properties":{"risk_score":2.7122756430907033,"verdict":"RED_BLOCKS_DRAINAGE","lost_frac":0,"flow_frac":1.0,"upstream_km2":23.169105529785156,"hand_m":50,"area_in_meters":210.05259704589844,"confidence":0.7975999712944031}},{"type":"Feature","geometry":null,"properties":{"risk_score":1.1553618013596088,"verdict":"RED_BLOCKS_DRAINAGE","lost_frac":0,"flow_frac":1.0,"upstream_km2":2.8836002349853516,"hand_m":50,"area_in_meters":174.92269897460938,"confidence":0.7864000201225281}},{"type":"Feature","geometry":null,"properties":{"risk_score":2.746734327379937,"verdict":"RED_BLOCKS_DRAINAGE","lost_frac":0,"flow_frac":1.0,"upstream_km2":24.167177200317383,"hand_m":50,"area_in_meters":122.40460205078125,"confidence":0.7864000201225281}},{"type":"Feature","geometry":null,"properties":{"risk_score":1.3072678083372562,"verdict":"RED_BLOCKS_DRAINAGE","lost_frac":0,"flow_frac":1.0,"upstream_km2":3.6420154571533203,"hand_m":50,"area_in_meters":151.6116943359375,"confidence":0.7864000201225281}},{"type":"Feature","geometry":null,"properties":{"risk_score":3.664834538806008,"verdict":"RED_BLOCKS_DRAINAGE","lost_frac":0,"flow_frac":1.0,"upstream_km2":72.9717025756836,"hand_m":50,"area_in_meters":127.65260314941406,"confidence":0.7294999957084656}},{"type":"Feature","geometry":null,"properties":{"risk_score":15.593399676699837,"verdict":"AMBER_PARTIAL","lost_frac":0,"flow_frac":0.34782608695652173,"upstream_km2":8.431568227303417,"hand_m":1.1739050823709238,"area_in_meters":80.65730285644531,"confidence":0.7294999957084656}},{"type":"Feature","geometry":null,"properties":{"risk_score":2.625733414849012,"verdict":"RED_BLOCKS_DRAINAGE","lost_frac":0,"flow_frac":1.0,"upstream_km2":20.833534240722656,"hand_m":50,"area_in_meters":103.65540313720703,"confidence":0.7294999957084656}},{"type":"Feature","geometry":null,"properties":{"risk_score":1.0463346721211475,"verdict":"RED_BLOCKS_DRAINAGE","lost_frac":0,"flow_frac":1.0,"upstream_km2":2.4168875217437744,"hand_m":50,"area_in_meters":112.04640197753906,"confidence":0.7919999957084656}},{"type":"Feature","geometry":null,"properties":{"risk_score":1.1928882961028775,"verdict":"RED_BLOCKS_DRAINAGE","lost_frac":0,"flow_frac":1.0,"upstream_km2":3.05856990814209,"hand_m":50,"area_in_meters":83.49500274658203,"confidence":0.7919999957084656}},{"type":"Feature","geometry":null,"properties":{"risk_score":3.714234352593551,"verdict":"RED_BLOCKS_DRAINAGE","lost_frac":0,"flow_frac":1.0,"upstream_km2":77.3897933959961,"hand_m":50,"area_in_meters":266.064208984375,"confidence":0.8544999957084656}},{"type":"Feature","geometry":null,"properties":{"risk_score":72.48617931693761,"verdict":"RED_BLOCKS_DRAINAGE","lost_frac":0,"flow_frac":0.875,"upstream_km2":20.15730274829548,"hand_m":0.5999984741210938,"area_in_meters":63.99980163574219,"confidence":0.8544999957084656}},{"type":"Feature","geometry":null,"properties":{"risk_score":2.797617907238475,"verdict":"RED_BLOCKS_DRAINAGE","lost_frac":0,"flow_frac":1.0,"upstream_km2":25.716842651367188,"hand_m":50,"area_in_meters":149.13949584960938,"confidence":0.8544999957084656}},{"type":"Feature","geometry":null,"properties":{"risk_score":2.7574605196361532,"verdict":"RED_BLOCKS_DRAINAGE","lost_frac":0,"flow_frac":1.0,"upstream_km2":24.486186981201172,"hand_m":50,"area_in_meters":83.13259887695312,"confidence":0.8544999957084656}},{"type":"Feature","geometry":null,"properties":{"risk_score":44.11911042099713,"verdict":"RED_BLOCKS_DRAINAGE","lost_frac":0,"flow_frac":0.7975460122699387,"upstream_km2":5.810397036625016,"hand_m":0.5061349693251534,"area_in_meters":1126.1164,"confidence":0.9169999957084656}},{"type":"Feature","geometry":null,"properties":{"risk_score":19.473711448947572,"verdict":"RED_BLOCKS_DRAINAGE","lost_frac":0,"flow_frac":0.5789473684210527,"upstream_km2":1.4718286489185533,"hand_m":0.16843133223684212,"area_in_meters":257.2868957519531,"confidence":0.9169999957084656}},{"type":"Feature","geometry":null,"properties":{"risk_score":1.876015006290117,"verdict":"RED_BLOCKS_DRAINAGE","lost_frac":0,"flow_frac":1.0,"upstream_km2":8.052481651306152,"hand_m":50,"area_in_meters":63.422298431396484,"confidence":0.7462999820709229}},{"type":"Feature","geometry":null,"properties":{"risk_score":2.7091860775678014,"verdict":"RED_BLOCKS_DRAINAGE","lost_frac":0,"flow_frac":1.0,"upstream_km2":23.081575666155132,"hand_m":50,"area_in_meters":104.11620330810547,"confidence":0.7407000064849854}},{"type":"Feature","geometry":null,"properties":{"risk_score":1.2221083421189252,"verdict":"RED_BLOCKS_DRAINAGE","lost_frac":0,"flow_frac":1.0,"upstream_km2":3.2002511024475098,"hand_m":50,"area_in_meters":177.19000244140625,"confidence":0.8032000064849854}},{"type":"Feature","geometry":null,"properties":{"risk_score":16.226379557408606,"verdict":"RED_BLOCKS_DRAINAGE","lost_frac":0,"flow_frac":0.5384615384615384,"upstream_km2":4.946117759324037,"hand_m":1.5692420372596154,"area_in_meters":99.7708969116211,"confidence":0.8032000064849854}},{"type":"Feature","geometry":null,"properties":{"risk_score":3.530450255493795,"verdict":"GREEN_CLEAR","lost_frac":0,"flow_frac":0.13793103448275862,"upstream_km2":3.4991513583809137,"hand_m":1.5517136146282327,"area_in_meters":103.1897964477539,"confidence":0.8144000172615051}},{"type":"Feature","geometry":null,"properties":{"risk_score":1.0789346998056413,"verdict":"RED_BLOCKS_DRAINAGE","lost_frac":0,"flow_frac":1.0,"upstream_km2":2.550231695175171,"hand_m":50,"area_in_meters":85.14630126953125,"confidence":0.8144000172615051}},{"type":"Feature","geometry":null,"properties":{"risk_score":1.3027723220978629,"verdict":"RED_BLOCKS_DRAINAGE","lost_frac":0,"flow_frac":1.0,"upstream_km2":3.6175742149353027,"hand_m":50,"area_in_meters":188.66259765625,"confidence":0.8144000172615051}},{"type":"Feature","geometry":null,"properties":{"risk_score":1.4955782876385548,"verdict":"GREEN_CLEAR","lost_frac":0,"flow_frac":0.1282051282051282,"upstream_km2":0.9478037513983555,"hand_m":1.4820619240785255,"area_in_meters":134.43789672851562,"confidence":0.8144000172615051}},{"type":"Feature","geometry":null,"properties":{"risk_score":1.2338736348166532,"verdict":"RED_BLOCKS_DRAINAGE","lost_frac":0,"flow_frac":1.0,"upstream_km2":3.258685350418091,"hand_m":50,"area_in_meters":128.07980346679688,"confidence":0.8824999928474426}},{"type":"Feature","geometry":null,"properties":{"risk_score":1.8334655301663123,"verdict":"RED_BLOCKS_DRAINAGE","lost_frac":0,"flow_frac":1.0,"upstream_km2":7.611274242401123,"hand_m":50,"area_in_meters":114.25589752197266,"confidence":0.7742999792098999}},{"type":"Feature","geometry":null,"properties":{"risk_score":2.900580755095421,"verdict":"RED_BLOCKS_DRAINAGE","lost_frac":0,"flow_frac":1.0,"upstream_km2":29.150615692138672,"hand_m":50,"area_in_meters":56.87950134277344,"confidence":0.8367999792098999}},{"type":"Feature","geometry":null,"properties":{"risk_score":2.1729492559045873,"verdict":"RED_BLOCKS_DRAINAGE","lost_frac":0,"flow_frac":1.0,"upstream_km2":11.829334259033203,"hand_m":50,"area_in_meters":141.9333953857422,"confidence":0.8367999792098999}},{"type":"Feature","geometry":null,"properties":{"risk_score":1.1964730367849845,"verdict":"RED_BLOCKS_DRAINAGE","lost_frac":0,"flow_frac":1.0,"upstream_km2":3.075690984725952,"hand_m":50,"area_in_meters":217.8896026611328,"confidence":0.7631000280380249}},{"type":"Feature","geometry":null,"properties":{"risk_score":2.109211985532776,"verdict":"RED_BLOCKS_DRAINAGE","lost_frac":0,"flow_frac":1.0,"upstream_km2":10.904142379760742,"hand_m":50,"area_in_meters":84.2864990234375,"confidence":0.7631000280380249}},{"type":"Feature","geometry":null,"properties":{"risk_score":1.0769333773081167,"verdict":"RED_BLOCKS_DRAINAGE","lost_frac":0,"flow_frac":1.0,"upstream_km2":2.541897773742676,"hand_m":50,"area_in_meters":78.26360321044922,"confidence":0.7631000280380249}},{"type":"Feature","geometry":null,"properties":{"risk_score":2.7531828599866013,"verdict":"RED_BLOCKS_DRAINAGE","lost_frac":0,"flow_frac":1.0,"upstream_km2":24.358482360839844,"hand_m":50,"area_in_meters":160.37770080566406,"confidence":0.8256000280380249}},{"type":"Feature","geometry":null,"properties":{"risk_score":7.915363529646726,"verdict":"RED_BLOCKS_DRAINAGE","lost_frac":0,"flow_frac":0.5059760956175299,"upstream_km2":1.7205550903343108,"hand_m":1.778473994646414,"area_in_meters":796.8474731445312,"confidence":0.8881000280380249}},{"type":"Feature","geometry":null,"properties":{"risk_score":2.842658767376706,"verdict":"RED_BLOCKS_DRAINAGE","lost_frac":0,"flow_frac":1.0,"upstream_km2":27.167997360229492,"hand_m":50,"area_in_meters":53.89799880981445,"confidence":0.7687000036239624}},{"type":"Feature","geometry":null,"properties":{"risk_score":1.184110060343759,"verdict":"RED_BLOCKS_DRAINAGE","lost_frac":0,"flow_frac":1.0,"upstream_km2":3.0169472694396973,"hand_m":50,"area_in_meters":134.22329711914062,"confidence":0.8312000036239624}},{"type":"Feature","geometry":null,"properties":{"risk_score":16.40993786739576,"verdict":"AMBER_PARTIAL","lost_frac":0,"flow_frac":0.3548387096774194,"upstream_km2":8.988741066427,"hand_m":1.161282447076613,"area_in_meters":103.49469757080078,"confidence":0.7854999899864197}},{"type":"Feature","geometry":null,"properties":{"risk_score":2.9017718522176885,"verdict":"RED_BLOCKS_DRAINAGE","lost_frac":0,"flow_frac":1.0,"upstream_km2":29.19281768798828,"hand_m":50,"area_in_meters":44.09590148925781,"confidence":0.7854999899864197}},{"type":"Feature","geometry":null,"properties":{"risk_score":11.605198678376315,"verdict":"AMBER_PARTIAL","lost_frac":0,"flow_frac":0.3152173913043478,"upstream_km2":7.371754073173454,"hand_m":1.5065300982931384,"area_in_meters":321.2192077636719,"confidence":0.8479999899864197}},{"type":"Feature","geometry":null,"properties":{"risk_score":34.74472680247485,"verdict":"RED_BLOCKS_DRAINAGE","lost_frac":0,"flow_frac":0.8666666666666667,"upstream_km2":2.1029313719520966,"hand_m":0.22666829427083332,"area_in_meters":54.63570022583008,"confidence":0.7174000144004822}},{"type":"Feature","geometry":null,"properties":{"risk_score":2.711688025763225,"verdict":"RED_BLOCKS_DRAINAGE","lost_frac":0,"flow_frac":1.0,"upstream_km2":23.152433395385742,"hand_m":50,"area_in_meters":60.81809997558594,"confidence":0.7174000144004822}},{"type":"Feature","geometry":null,"properties":{"risk_score":1.266538579889323,"verdict":"AMBER_PARTIAL","lost_frac":0,"flow_frac":0.18518518518518517,"upstream_km2":0.45589766451330094,"hand_m":1.3851951316550926,"area_in_meters":86.66470336914062,"confidence":0.7174000144004822}},{"type":"Feature","geometry":null,"properties":{"risk_score":1.027435735880982,"verdict":"RED_BLOCKS_DRAINAGE","lost_frac":0,"flow_frac":1.0,"upstream_km2":2.341890573501587,"hand_m":50,"area_in_meters":51.00920104980469,"confidence":0.7174000144004822}},{"type":"Feature","geometry":null,"properties":{"risk_score":2.625733414849012,"verdict":"RED_BLOCKS_DRAINAGE","lost_frac":0,"flow_frac":1.0,"upstream_km2":20.833534240722656,"hand_m":50,"area_in_meters":60.007198333740234,"confidence":0.7799000144004822}},{"type":"Feature","geometry":null,"properties":{"risk_score":3.724495036131079,"verdict":"RED_BLOCKS_DRAINAGE","lost_frac":0,"flow_frac":1.0,"upstream_km2":78.34004974365234,"hand_m":50,"area_in_meters":241.3300018310547,"confidence":0.7799000144004822}},{"type":"Feature","geometry":null,"properties":{"risk_score":60.271365340648806,"verdict":"RED_BLOCKS_DRAINAGE","lost_frac":0,"flow_frac":0.8222222222222222,"upstream_km2":12.709320661260023,"hand_m":0.5511176215277778,"area_in_meters":153.36790466308594,"confidence":0.7799000144004822}},{"type":"Feature","geometry":null,"properties":{"risk_score":2.625733414849012,"verdict":"RED_BLOCKS_DRAINAGE","lost_frac":0,"flow_frac":1.0,"upstream_km2":20.833534240722656,"hand_m":50,"area_in_meters":201.33419799804688,"confidence":0.7799000144004822}},{"type":"Feature","geometry":null,"properties":{"risk_score":2.1861260502309783,"verdict":"RED_BLOCKS_DRAINAGE","lost_frac":0,"flow_frac":1.0,"upstream_km2":12.029396057128906,"hand_m":50,"area_in_meters":92.57279968261719,"confidence":0.8424000144004822}},{"type":"Feature","geometry":null,"properties":{"risk_score":12.281247915783167,"verdict":"AMBER_PARTIAL","lost_frac":0,"flow_frac":0.391304347826087,"upstream_km2":10.453049851338502,"hand_m":2.3739279042119565,"area_in_meters":203.7747039794922,"confidence":0.9049000144004822}},{"type":"Feature","geometry":null,"properties":{"risk_score":1.138760133573657,"verdict":"RED_BLOCKS_DRAINAGE","lost_frac":0,"flow_frac":1.0,"upstream_km2":2.8086202144622803,"hand_m":50,"area_in_meters":169.01800537109375,"confidence":0.739799976348877}},{"type":"Feature","geometry":null,"properties":{"risk_score":1.2903635122060866,"verdict":"RED_BLOCKS_DRAINAGE","lost_frac":0,"flow_frac":1.0,"upstream_km2":3.5507752895355225,"hand_m":50,"area_in_meters":44.7056999206543,"confidence":0.739799976348877}},{"type":"Feature","geometry":null,"properties":{"risk_score":1.2871678626620489,"verdict":"RED_BLOCKS_DRAINAGE","lost_frac":0,"flow_frac":1.0,"upstream_km2":3.5337295532226562,"hand_m":50,"area_in_meters":135.14720153808594,"confidence":0.802299976348877}},{"type":"Feature","geometry":null,"properties":{"risk_score":2.798292030319012,"verdict":"RED_BLOCKS_DRAINAGE","lost_frac":0,"flow_frac":1.0,"upstream_km2":25.7380010164701,"hand_m":50,"area_in_meters":133.61920166015625,"confidence":0.864799976348877}},{"type":"Feature","geometry":null,"properties":{"risk_score":58.71383604018629,"verdict":"RED_BLOCKS_DRAINAGE","lost_frac":0,"flow_frac":0.7625000000000001,"upstream_km2":20.723933138966096,"hand_m":0.7362442016601562,"area_in_meters":281.9093933105469,"confidence":0.864799976348877}},{"type":"Feature","geometry":null,"properties":{"risk_score":5.71932384173512,"verdict":"GREEN_CLEAR","lost_frac":0,"flow_frac":0.13352272727272727,"upstream_km2":10.462947906193385,"hand_m":1.473021940751509,"area_in_meters":1215.2791,"confidence":0.927299976348877}},{"type":"Feature","geometry":null,"properties":{"risk_score":1.8168169333870148,"verdict":"RED_BLOCKS_DRAINAGE","lost_frac":0,"flow_frac":1.0,"upstream_km2":7.444552421569824,"hand_m":50,"area_in_meters":241.05419921875,"confidence":0.791100025177002}},{"type":"Feature","geometry":null,"properties":{"risk_score":1.2050599037414342,"verdict":"RED_BLOCKS_DRAINAGE","lost_frac":0,"flow_frac":1.0,"upstream_km2":3.116997003555298,"hand_m":50,"area_in_meters":137.22520446777344,"confidence":0.853600025177002}},{"type":"Feature","geometry":null,"properties":{"risk_score":4.593090875544123,"verdict":"RED_BLOCKS_DRAINAGE","lost_frac":0,"flow_frac":1.0,"upstream_km2":219.02718704737973,"hand_m":50,"area_in_meters":294.78289794921875,"confidence":0.853600025177002}},{"type":"Feature","geometry":null,"properties":{"risk_score":1.2221083421189252,"verdict":"RED_BLOCKS_DRAINAGE","lost_frac":0,"flow_frac":1.0,"upstream_km2":3.2002511024475098,"hand_m":50,"area_in_meters":96.07659912109375,"confidence":0.853600025177002}},{"type":"Feature","geometry":null,"properties":{"risk_score":10.205054645821448,"verdict":"AMBER_PARTIAL","lost_frac":0,"flow_frac":0.296875,"upstream_km2":6.936941564315929,"hand_m":1.6171789169311523,"area_in_meters":218.54249572753906,"confidence":0.853600025177002}},{"type":"Feature","geometry":null,"properties":{"risk_score":110.99558822638669,"verdict":"RED_BLOCKS_DRAINAGE","lost_frac":0,"flow_frac":0.631578947368421,"upstream_km2":138.93888747848962,"hand_m":0.22106612356085528,"area_in_meters":109.61720275878906,"confidence":0.7967000007629395}},{"type":"Feature","geometry":null,"properties":{"risk_score":1.2271810506247398,"verdict":"RED_BLOCKS_DRAINAGE","lost_frac":0,"flow_frac":1.0,"upstream_km2":3.225346565246582,"hand_m":50,"area_in_meters":41.39820098876953,"confidence":0.7967000007629395}},{"type":"Feature","geometry":null,"properties":{"risk_score":2.912502145589217,"verdict":"RED_BLOCKS_DRAINAGE","lost_frac":0,"flow_frac":1.0,"upstream_km2":29.5756778717041,"hand_m":50,"area_in_meters":91.86380004882812,"confidence":0.7967000007629395}},{"type":"Feature","geometry":null,"properties":{"risk_score":126.64829586628905,"verdict":"RED_BLOCKS_DRAINAGE","lost_frac":0,"flow_frac":0.9857142857142858,"upstream_km2":28.652144503327357,"hand_m":0.1457135881696429,"area_in_meters":242.81849670410156,"confidence":0.8592000007629395}},{"type":"Feature","geometry":null,"properties":{"risk_score":2.626707973705372,"verdict":"RED_BLOCKS_DRAINAGE","lost_frac":0,"flow_frac":1.0,"upstream_km2":20.858535766601562,"hand_m":50,"area_in_meters":47.5635986328125,"confidence":0.8592000007629395}},{"type":"Feature","geometry":null,"properties":{"risk_score":1.2338736348166532,"verdict":"RED_BLOCKS_DRAINAGE","lost_frac":0,"flow_frac":1.0,"upstream_km2":3.258685350418091,"hand_m":50,"area_in_meters":123.88839721679688,"confidence":0.8592000007629395}},{"type":"Feature","geometry":null,"properties":{"risk_score":2.711688025763225,"verdict":"RED_BLOCKS_DRAINAGE","lost_frac":0,"flow_frac":1.0,"upstream_km2":23.152433395385742,"hand_m":50,"area_in_meters":154.15040588378906,"confidence":0.7509999871253967}},{"type":"Feature","geometry":null,"properties":{"risk_score":85.17376932247079,"verdict":"RED_BLOCKS_DRAINAGE","lost_frac":0,"flow_frac":0.92,"upstream_km2":10.074068061038853,"hand_m":0.1280029296875,"area_in_meters":94.21489715576172,"confidence":0.7509999871253967}},{"type":"Feature","geometry":null,"properties":{"risk_score":3.3212141399726303,"verdict":"RED_BLOCKS_DRAINAGE","lost_frac":0,"flow_frac":1.0,"upstream_km2":48.41049575805664,"hand_m":50,"area_in_meters":129.85960388183594,"confidence":0.8134999871253967}},{"type":"Feature","geometry":null,"properties":{"risk_score":1.5751043148535773,"verdict":"AMBER_PARTIAL","lost_frac":0,"flow_frac":0.18181818181818182,"upstream_km2":0.6645604077387939,"hand_m":1.5545154918323865,"area_in_meters":70.0625,"confidence":0.7454000115394592}},{"type":"Feature","geometry":null,"properties":{"risk_score":1.2254810334339632,"verdict":"RED_BLOCKS_DRAINAGE","lost_frac":0,"flow_frac":1.0,"upstream_km2":3.2169196605682373,"hand_m":50,"area_in_meters":61.85089874267578,"confidence":0.7454000115394592}},{"type":"Feature","geometry":null,"properties":{"risk_score":1.3087953906972356,"verdict":"RED_BLOCKS_DRAINAGE","lost_frac":0,"flow_frac":1.0,"upstream_km2":3.6503500938415527,"hand_m":50,"area_in_meters":93.61309814453125,"confidence":0.8079000115394592}},{"type":"Feature","geometry":null,"properties":{"risk_score":2.389424968117177,"verdict":"RED_BLOCKS_DRAINAGE","lost_frac":0,"flow_frac":1.0,"upstream_km2":15.542712943498477,"hand_m":50,"area_in_meters":151.25070190429688,"confidence":0.8079000115394592}},{"type":"Feature","geometry":null,"properties":{"risk_score":1.8994263951967203,"verdict":"AMBER_PARTIAL","lost_frac":0,"flow_frac":0.21428571428571427,"upstream_km2":2.5914225045458545,"hand_m":5.264295305524553,"area_in_meters":395.1416931152344,"confidence":0.8704000115394592}},{"type":"Feature","geometry":null,"properties":{"risk_score":17.80774220632178,"verdict":"AMBER_PARTIAL","lost_frac":0,"flow_frac":0.36,"upstream_km2":9.785813648104668,"hand_m":1.0880078125,"area_in_meters":89.54219818115234,"confidence":0.8704000115394592}},{"type":"Feature","geometry":null,"properties":{"risk_score":1.2102075795824938,"verdict":"RED_BLOCKS_DRAINAGE","lost_frac":0,"flow_frac":1.0,"upstream_km2":3.1419596672058105,"hand_m":50,"area_in_meters":182.21470642089844,"confidence":0.8704000115394592}},{"type":"Feature","geometry":null,"properties":{"risk_score":1.08093138689451,"verdict":"RED_BLOCKS_DRAINAGE","lost_frac":0,"flow_frac":1.0,"upstream_km2":2.558565855026245,"hand_m":50,"area_in_meters":92.62239837646484,"confidence":0.8246999979019165}},{"type":"Feature","geometry":null,"properties":{"risk_score":39.71556125493341,"verdict":"RED_BLOCKS_DRAINAGE","lost_frac":0,"flow_frac":0.9375,"upstream_km2":2.2434452021261677,"hand_m":0.20624923706054688,"area_in_meters":59.7661018371582,"confidence":0.8246999979019165}},{"type":"Feature","geometry":null,"properties":{"risk_score":1.32092996898325,"verdict":"RED_BLOCKS_DRAINAGE","lost_frac":0,"flow_frac":1.0,"upstream_km2":3.7170913219451904,"hand_m":50,"area_in_meters":48.930301666259766,"confidence":0.8246999979019165}},{"type":"Feature","geometry":null,"properties":{"risk_score":1.2254810334339632,"verdict":"RED_BLOCKS_DRAINAGE","lost_frac":0,"flow_frac":1.0,"upstream_km2":3.2169196605682373,"hand_m":50,"area_in_meters":66.3279037475586,"confidence":0.705299973487854}},{"type":"Feature","geometry":null,"properties":{"risk_score":1.2050599037414342,"verdict":"RED_BLOCKS_DRAINAGE","lost_frac":0,"flow_frac":1.0,"upstream_km2":3.116997003555298,"hand_m":50,"area_in_meters":109.78150177001953,"confidence":0.767799973487854}},{"type":"Feature","geometry":null,"properties":{"risk_score":9.808921195794351,"verdict":"AMBER_PARTIAL","lost_frac":0,"flow_frac":0.4090909090909091,"upstream_km2":9.448114521081813,"hand_m":3.25,"area_in_meters":159.6938018798828,"confidence":0.767799973487854}},{"type":"Feature","geometry":null,"properties":{"risk_score":2.384922637330153,"verdict":"RED_BLOCKS_DRAINAGE","lost_frac":0,"flow_frac":1.0,"upstream_km2":15.455479621887207,"hand_m":50,"area_in_meters":127.0365982055664,"confidence":0.830299973487854}},{"type":"Feature","geometry":null,"properties":{"risk_score":58.281841703292784,"verdict":"RED_BLOCKS_DRAINAGE","lost_frac":0,"flow_frac":0.8241308793456035,"upstream_km2":5.5936041141923045,"hand_m":0.15827576806940186,"area_in_meters":1700.9010009765625,"confidence":0.830299973487854}},{"type":"Feature","geometry":null,"properties":{"risk_score":1.7675004036108388,"verdict":"RED_BLOCKS_DRAINAGE","lost_frac":0,"flow_frac":1.0,"upstream_km2":6.9693922996521,"hand_m":50,"area_in_meters":159.681396484375,"confidence":0.892799973487854}},{"type":"Feature","geometry":null,"properties":{"risk_score":52.42225485044371,"verdict":"RED_BLOCKS_DRAINAGE","lost_frac":0,"flow_frac":0.5789473684210525,"upstream_km2":16.08855115540587,"hand_m":0.3613902309484649,"area_in_meters":200.60890197753906,"confidence":0.892799973487854}},{"type":"Feature","geometry":null,"properties":{"risk_score":110.61497802107192,"verdict":"RED_BLOCKS_DRAINAGE","lost_frac":0,"flow_frac":0.9130434782608695,"upstream_km2":21.307349410717904,"hand_m":0.11304241677989131,"area_in_meters":99.75129699707031,"confidence":0.756600022315979}},{"type":"Feature","geometry":null,"properties":{"risk_score":1.1553618013596088,"verdict":"RED_BLOCKS_DRAINAGE","lost_frac":0,"flow_frac":1.0,"upstream_km2":2.8836002349853516,"hand_m":50,"area_in_meters":207.03379821777344,"confidence":0.819100022315979}},{"type":"Feature","geometry":null,"properties":{"risk_score":1.1929829868770292,"verdict":"RED_BLOCKS_DRAINAGE","lost_frac":0,"flow_frac":1.0,"upstream_km2":3.059021234512329,"hand_m":50,"area_in_meters":126.93319702148438,"confidence":0.819100022315979}},{"type":"Feature","geometry":null,"properties":{"risk_score":1.027435735880982,"verdict":"RED_BLOCKS_DRAINAGE","lost_frac":0,"flow_frac":1.0,"upstream_km2":2.341890573501587,"hand_m":50,"area_in_meters":58.02899932861328,"confidence":0.819100022315979}},{"type":"Feature","geometry":null,"properties":{"risk_score":2.795489839364128,"verdict":"RED_BLOCKS_DRAINAGE","lost_frac":0,"flow_frac":1.0,"upstream_km2":25.65015983581543,"hand_m":50,"area_in_meters":151.70799255371094,"confidence":0.819100022315979}},{"type":"Feature","geometry":null,"properties":{"risk_score":2.7279899493783475,"verdict":"RED_BLOCKS_DRAINAGE","lost_frac":0,"flow_frac":1.0,"upstream_km2":23.619253158569336,"hand_m":50,"area_in_meters":171.67230224609375,"confidence":0.881600022315979}},{"type":"Feature","geometry":null,"properties":{"risk_score":1.7822664623711828,"verdict":"RED_BLOCKS_DRAINAGE","lost_frac":0,"flow_frac":1.0,"upstream_km2":7.1087870597839355,"hand_m":50,"area_in_meters":105.12439727783203,"confidence":0.7164999842643738}},{"type":"Feature","geometry":null,"properties":{"risk_score":5.876083208894961,"verdict":"AMBER_PARTIAL","lost_frac":0,"flow_frac":0.22580645161290322,"upstream_km2":0.907076851014168,"hand_m":0.07740045362903225,"area_in_meters":108.09300231933594,"confidence":0.7789999842643738}},{"type":"Feature","geometry":null,"properties":{"risk_score":2.9135746288283597,"verdict":"RED_BLOCKS_DRAINAGE","lost_frac":0,"flow_frac":1.0,"upstream_km2":29.614210265023374,"hand_m":50,"area_in_meters":146.31959533691406,"confidence":0.7789999842643738}},{"type":"Feature","geometry":null,"properties":{"risk_score":85.7724191393052,"verdict":"RED_BLOCKS_DRAINAGE","lost_frac":0,"flow_frac":0.9921465968586388,"upstream_km2":6.671524662960867,"hand_m":0.02356020942408377,"area_in_meters":1328.419677734375,"confidence":0.8414999842643738}},{"type":"Feature","geometry":null,"properties":{"risk_score":1.027435735880982,"verdict":"RED_BLOCKS_DRAINAGE","lost_frac":0,"flow_frac":1.0,"upstream_km2":2.341890573501587,"hand_m":50,"area_in_meters":217.68539428710938,"confidence":0.8414999842643738}},{"type":"Feature","geometry":null,"properties":{"risk_score":132.7403245582419,"verdict":"RED_BLOCKS_DRAINAGE","lost_frac":0,"flow_frac":0.9692307692307693,"upstream_km2":26.35052450459737,"hand_m":0.049230018028846155,"area_in_meters":227.06680297851562,"confidence":0.8414999842643738}},{"type":"Feature","geometry":null,"properties":{"risk_score":56.77655270564256,"verdict":"RED_BLOCKS_DRAINAGE","lost_frac":0,"flow_frac":0.6785714285714286,"upstream_km2":17.492985590361062,"hand_m":0.5142778669084821,"area_in_meters":98.25360107421875,"confidence":0.7109000086784363}},{"type":"Feature","geometry":null,"properties":{"risk_score":1.1237992302610422,"verdict":"RED_BLOCKS_DRAINAGE","lost_frac":0,"flow_frac":1.0,"upstream_km2":2.7422914505004883,"hand_m":50,"area_in_meters":106.64440155029297,"confidence":0.7734000086784363}},{"type":"Feature","geometry":null,"properties":{"risk_score":139.48506467490364,"verdict":"RED_BLOCKS_DRAINAGE","lost_frac":0,"flow_frac":0.9523809523809523,"upstream_km2":69.49805040870393,"hand_m":0.2619047619047619,"area_in_meters":68.66329956054688,"confidence":0.7901999950408936}},{"type":"Feature","geometry":null,"properties":{"risk_score":7.592398397656151,"verdict":"AMBER_PARTIAL","lost_frac":0,"flow_frac":0.36363636363636365,"upstream_km2":2.726696628653868,"hand_m":1.7363447709517044,"area_in_meters":40.5525016784668,"confidence":0.8526999950408936}},{"type":"Feature","geometry":null,"properties":{"risk_score":1.08093138689451,"verdict":"RED_BLOCKS_DRAINAGE","lost_frac":0,"flow_frac":1.0,"upstream_km2":2.558565855026245,"hand_m":50,"area_in_meters":122.1718978881836,"confidence":0.8526999950408936}},{"type":"Feature","geometry":null,"properties":{"risk_score":26.545216077119598,"verdict":"AMBER_PARTIAL","lost_frac":0,"flow_frac":0.4594594594594595,"upstream_km2":12.217508035133015,"hand_m":0.940548458614865,"area_in_meters":121.58650207519531,"confidence":0.8526999950408936}},{"type":"Feature","geometry":null,"properties":{"risk_score":78.9278285506953,"verdict":"RED_BLOCKS_DRAINAGE","lost_frac":0,"flow_frac":0.8076923076923077,"upstream_km2":19.675761564778025,"hand_m":0.34615149864783656,"area_in_meters":85.552001953125,"confidence":0.733299970626831}},{"type":"Feature","geometry":null,"properties":{"risk_score":1.8098232614339547,"verdict":"RED_BLOCKS_DRAINAGE","lost_frac":0,"flow_frac":1.0,"upstream_km2":7.37548303604126,"hand_m":50,"area_in_meters":58.65639877319336,"confidence":0.733299970626831}},{"type":"Feature","geometry":null,"properties":{"risk_score":1.3664825423123341,"verdict":"RED_BLOCKS_DRAINAGE","lost_frac":0,"flow_frac":1.0,"upstream_km2":3.976294755935669,"hand_m":50,"area_in_meters":85.72689819335938,"confidence":0.795799970626831}},{"type":"Feature","geometry":null,"properties":{"risk_score":2.7994755610117856,"verdict":"RED_BLOCKS_DRAINAGE","lost_frac":0,"flow_frac":1.0,"upstream_km2":25.775188446044922,"hand_m":50,"area_in_meters":72.48709869384766,"confidence":0.795799970626831}},{"type":"Feature","geometry":null,"properties":{"risk_score":2.7994755610117856,"verdict":"RED_BLOCKS_DRAINAGE","lost_frac":0,"flow_frac":1.0,"upstream_km2":25.775188446044922,"hand_m":50,"area_in_meters":78.53379821777344,"confidence":0.795799970626831}},{"type":"Feature","geometry":null,"properties":{"risk_score":4.789428349793748,"verdict":"RED_BLOCKS_DRAINAGE","lost_frac":0,"flow_frac":1.0,"upstream_km2":276.08209228515625,"hand_m":50,"area_in_meters":302.8190002441406,"confidence":0.858299970626831}},{"type":"Feature","geometry":null,"properties":{"risk_score":3.9646281857062418,"verdict":"AMBER_PARTIAL","lost_frac":0,"flow_frac":0.3333333333333333,"upstream_km2":1.1529051462809243,"hand_m":1.7999674479166663,"area_in_meters":140.80459594726562,"confidence":0.858299970626831}},{"type":"Feature","geometry":null,"properties":{"risk_score":1.0168616222077917,"verdict":"RED_BLOCKS_DRAINAGE","lost_frac":0,"flow_frac":1.0,"upstream_km2":2.300649642944336,"hand_m":50,"area_in_meters":175.54539489746094,"confidence":0.920799970626831}},{"type":"Feature","geometry":null,"properties":{"risk_score":1.0147431240022355,"verdict":"RED_BLOCKS_DRAINAGE","lost_frac":0,"flow_frac":1.0,"upstream_km2":2.2924485206604004,"hand_m":50,"area_in_meters":92.75879669189453,"confidence":0.920799970626831}},{"type":"Feature","geometry":null,"properties":{"risk_score":62.15948877089661,"verdict":"RED_BLOCKS_DRAINAGE","lost_frac":0,"flow_frac":0.7234042553191489,"upstream_km2":56.863064067557126,"hand_m":1.051060453374335,"area_in_meters":155.04530334472656,"confidence":0.722100019454956}},{"type":"Feature","geometry":null,"properties":{"risk_score":2.860333540653563,"verdict":"RED_BLOCKS_DRAINAGE","lost_frac":0,"flow_frac":1.0,"upstream_km2":27.758756637573242,"hand_m":50,"area_in_meters":70.37239837646484,"confidence":0.722100019454956}},{"type":"Feature","geometry":null,"properties":{"risk_score":3.7279770049497825,"verdict":"RED_BLOCKS_DRAINAGE","lost_frac":0,"flow_frac":1.0,"upstream_km2":78.66513061523438,"hand_m":50,"area_in_meters":133.09300231933594,"confidence":0.784600019454956}},{"type":"Feature","geometry":null,"properties":{"risk_score":9.677743463488204,"verdict":"AMBER_PARTIAL","lost_frac":0,"flow_frac":0.40625,"upstream_km2":1.3201944276224822,"hand_m":0.5343894958496094,"area_in_meters":130.44830322265625,"confidence":0.784600019454956}},{"type":"Feature","geometry":null,"properties":{"risk_score":1.012586145093807,"verdict":"RED_BLOCKS_DRAINAGE","lost_frac":0,"flow_frac":1.0,"upstream_km2":2.2841193675994873,"hand_m":50,"area_in_meters":91.13050079345703,"confidence":0.784600019454956}},{"type":"Feature","geometry":null,"properties":{"risk_score":1.1947297997953303,"verdict":"RED_BLOCKS_DRAINAGE","lost_frac":0,"flow_frac":1.0,"upstream_km2":3.0673561096191406,"hand_m":50,"area_in_meters":148.95460510253906,"confidence":0.847100019454956}},{"type":"Feature","geometry":null,"properties":{"risk_score":2.655808926110345,"verdict":"AMBER_PARTIAL","lost_frac":0,"flow_frac":0.26785714285714285,"upstream_km2":1.0063524360136527,"hand_m":2.0499910627092635,"area_in_meters":189.66200256347656,"confidence":0.847100019454956}},{"type":"Feature","geometry":null,"properties":{"risk_score":1.195811027041921,"verdict":"RED_BLOCKS_DRAINAGE","lost_frac":0,"flow_frac":1.0,"upstream_km2":3.0725237321853642,"hand_m":50,"area_in_meters":197.2093963623047,"confidence":0.8639000058174133}},{"type":"Feature","geometry":null,"properties":{"risk_score":1.8098232614339547,"verdict":"RED_BLOCKS_DRAINAGE","lost_frac":0,"flow_frac":1.0,"upstream_km2":7.37548303604126,"hand_m":50,"area_in_meters":67.14610290527344,"confidence":0.8639000058174133}},{"type":"Feature","geometry":null,"properties":{"risk_score":1.8201727844220619,"verdict":"RED_BLOCKS_DRAINAGE","lost_frac":0,"flow_frac":1.0,"upstream_km2":7.477896690368652,"hand_m":50,"area_in_meters":1107.071044921875,"confidence":0.9264000058174133}},{"type":"Feature","geometry":null,"properties":{"risk_score":2.9139885607176033,"verdict":"RED_BLOCKS_DRAINAGE","lost_frac":0,"flow_frac":1.0,"upstream_km2":29.62909507751465,"hand_m":50,"area_in_meters":52.259700775146484,"confidence":0.7444999814033508}},{"type":"Feature","geometry":null,"properties":{"risk_score":2.713449662687177,"verdict":"RED_BLOCKS_DRAINAGE","lost_frac":0,"flow_frac":1.0,"upstream_km2":23.202449798583984,"hand_m":50,"area_in_meters":110.98819732666016,"confidence":0.7444999814033508}},{"type":"Feature","geometry":null,"properties":{"risk_score":4.750505312166344,"verdict":"AMBER_PARTIAL","lost_frac":0,"flow_frac":0.16071428571428573,"upstream_km2":3.9262001264973407,"hand_m":1.3428366524832591,"area_in_meters":194.9163055419922,"confidence":0.7444999814033508}},{"type":"Feature","geometry":null,"properties":{"risk_score":1.2050599037414342,"verdict":"RED_BLOCKS_DRAINAGE","lost_frac":0,"flow_frac":1.0,"upstream_km2":3.116997003555298,"hand_m":50,"area_in_meters":214.29930114746094,"confidence":0.8069999814033508}},{"type":"Feature","geometry":null,"properties":{"risk_score":2.6735925043137385,"verdict":"AMBER_PARTIAL","lost_frac":0,"flow_frac":0.31764705882352945,"upstream_km2":0.9800239667734678,"hand_m":2.524714211856618,"area_in_meters":240.439697265625,"confidence":0.8694999814033508}},{"type":"Feature","geometry":null,"properties":{"risk_score":1.4052277167534493,"verdict":"RED_BLOCKS_DRAINAGE","lost_frac":0,"flow_frac":0.6086956521739131,"upstream_km2":14.044580408412477,"hand_m":50,"area_in_meters":76.35710144042969,"confidence":0.7501000165939331}},{"type":"Feature","geometry":null,"properties":{"risk_score":2.626707973705372,"verdict":"RED_BLOCKS_DRAINAGE","lost_frac":0,"flow_frac":1.0,"upstream_km2":20.858535766601562,"hand_m":50,"area_in_meters":99.4020004272461,"confidence":0.7501000165939331}},{"type":"Feature","geometry":null,"properties":{"risk_score":2.795489839364128,"verdict":"RED_BLOCKS_DRAINAGE","lost_frac":0,"flow_frac":1.0,"upstream_km2":25.65015983581543,"hand_m":50,"area_in_meters":81.59940338134766,"confidence":0.8751000165939331}},{"type":"Feature","geometry":null,"properties":{"risk_score":3.714234352593551,"verdict":"RED_BLOCKS_DRAINAGE","lost_frac":0,"flow_frac":1.0,"upstream_km2":77.3897933959961,"hand_m":50,"area_in_meters":214.76539611816406,"confidence":0.8751000165939331}},{"type":"Feature","geometry":null,"properties":{"risk_score":2.625733414849012,"verdict":"RED_BLOCKS_DRAINAGE","lost_frac":0,"flow_frac":1.0,"upstream_km2":20.833534240722656,"hand_m":50,"area_in_meters":115.92320251464844,"confidence":0.7556999921798706}},{"type":"Feature","geometry":null,"properties":{"risk_score":1.8506120877901737,"verdict":"RED_BLOCKS_DRAINAGE","lost_frac":0,"flow_frac":1.0,"upstream_km2":7.786424160003662,"hand_m":50,"area_in_meters":40.44990158081055,"confidence":0.7556999921798706}},{"type":"Feature","geometry":null,"properties":{"risk_score":1.9758507251855266,"verdict":"RED_BLOCKS_DRAINAGE","lost_frac":0,"flow_frac":1.0,"upstream_km2":9.178502082824707,"hand_m":50,"area_in_meters":198.61900329589844,"confidence":0.8181999921798706}},{"type":"Feature","geometry":null,"properties":{"risk_score":5.95947222794922,"verdict":"AMBER_PARTIAL","lost_frac":0,"flow_frac":0.40625,"upstream_km2":1.3613073513843117,"hand_m":1.5437355041503906,"area_in_meters":109.07720184326172,"confidence":0.8806999921798706}},{"type":"Feature","geometry":null,"properties":{"risk_score":96.32807155642556,"verdict":"RED_BLOCKS_DRAINAGE","lost_frac":0,"flow_frac":0.8750000000000001,"upstream_km2":21.31471384339966,"hand_m":0.22499847412109375,"area_in_meters":136.41729736328125,"confidence":0.7044000029563904}},{"type":"Feature","geometry":null,"properties":{"risk_score":2.187151849534975,"verdict":"AMBER_PARTIAL","lost_frac":0,"flow_frac":0.2571428571428572,"upstream_km2":0.9810607936917519,"hand_m":2.4906195192920917,"area_in_meters":846.8021240234375,"confidence":0.8919000029563904}},{"type":"Feature","geometry":null,"properties":{"risk_score":2.6396542749297622,"verdict":"RED_BLOCKS_DRAINAGE","lost_frac":0,"flow_frac":1.0,"upstream_km2":21.193391799926758,"hand_m":50,"area_in_meters":397.52490234375,"confidence":0.7724999785423279}},{"type":"Feature","geometry":null,"properties":{"risk_score":2.860333540653563,"verdict":"RED_BLOCKS_DRAINAGE","lost_frac":0,"flow_frac":1.0,"upstream_km2":27.758756637573242,"hand_m":50,"area_in_meters":229.9980926513672,"confidence":0.8349999785423279}},{"type":"Feature","geometry":null,"properties":{"risk_score":16.484453594806816,"verdict":"AMBER_PARTIAL","lost_frac":0,"flow_frac":0.328125,"upstream_km2":7.989761659031501,"hand_m":0.8984470367431641,"area_in_meters":220.68150329589844,"confidence":0.8349999785423279}},{"type":"Feature","geometry":null,"properties":{"risk_score":1.0373907149839272,"verdict":"RED_BLOCKS_DRAINAGE","lost_frac":0,"flow_frac":1.0,"upstream_km2":2.381187576996653,"hand_m":50,"area_in_meters":1167.619384765625,"confidence":0.8349999785423279}},{"type":"Feature","geometry":null,"properties":{"risk_score":27.915658318086123,"verdict":"RED_BLOCKS_DRAINAGE","lost_frac":0,"flow_frac":0.7674418604651163,"upstream_km2":2.8493064072474032,"hand_m":0.6093011900436046,"area_in_meters":450.1925964355469,"confidence":0.7613000273704529}},{"type":"Feature","geometry":null,"properties":{"risk_score":1.2271810506247398,"verdict":"RED_BLOCKS_DRAINAGE","lost_frac":0,"flow_frac":1.0,"upstream_km2":3.225346565246582,"hand_m":50,"area_in_meters":116.09709930419922,"confidence":0.8238000273704529}},{"type":"Feature","geometry":null,"properties":{"risk_score":2.109211985532776,"verdict":"RED_BLOCKS_DRAINAGE","lost_frac":0,"flow_frac":1.0,"upstream_km2":10.904142379760742,"hand_m":50,"area_in_meters":858.448974609375,"confidence":0.8863000273704529}},{"type":"Feature","geometry":null,"properties":{"risk_score":1.0124383803323538,"verdict":"RED_BLOCKS_DRAINAGE","lost_frac":0,"flow_frac":1.0,"upstream_km2":2.2835495471954346,"hand_m":50,"area_in_meters":58.972999572753906,"confidence":0.7156000137329102}},{"type":"Feature","geometry":null,"properties":{"risk_score":1.2050599037414342,"verdict":"RED_BLOCKS_DRAINAGE","lost_frac":0,"flow_frac":1.0,"upstream_km2":3.116997003555298,"hand_m":50,"area_in_meters":153.26699829101562,"confidence":0.7781000137329102}},{"type":"Feature","geometry":null,"properties":{"risk_score":92.48804028263952,"verdict":"RED_BLOCKS_DRAINAGE","lost_frac":0,"flow_frac":0.7560975609756099,"upstream_km2":21.006825553026143,"hand_m":0.09755204363567074,"area_in_meters":125.3822021484375,"confidence":0.7781000137329102}},{"type":"Feature","geometry":null,"properties":{"risk_score":1.2221083421189252,"verdict":"RED_BLOCKS_DRAINAGE","lost_frac":0,"flow_frac":1.0,"upstream_km2":3.2002511024475098,"hand_m":50,"area_in_meters":86.7510986328125,"confidence":0.7781000137329102}},{"type":"Feature","geometry":null,"properties":{"risk_score":1.0015619133127636,"verdict":"RED_BLOCKS_DRAINAGE","lost_frac":0,"flow_frac":1.0,"upstream_km2":2.241877317428589,"hand_m":50,"area_in_meters":149.2480010986328,"confidence":0.8406000137329102}},{"type":"Feature","geometry":null,"properties":{"risk_score":1.0379858295247464,"verdict":"RED_BLOCKS_DRAINAGE","lost_frac":0,"flow_frac":1.0,"upstream_km2":2.3835513591766357,"hand_m":50,"area_in_meters":116.09660339355469,"confidence":0.8406000137329102}},{"type":"Feature","geometry":null,"properties":{"risk_score":16.676289569878964,"verdict":"RED_BLOCKS_DRAINAGE","lost_frac":0,"flow_frac":0.665680473372781,"upstream_km2":1.8282763985861867,"hand_m":0.8023750260031436,"area_in_meters":1092.2791,"confidence":0.9031000137329102}},{"type":"Feature","geometry":null,"properties":{"risk_score":1.0317836481674179,"verdict":"RED_BLOCKS_DRAINAGE","lost_frac":0,"flow_frac":1.0,"upstream_km2":2.358997344970703,"hand_m":50,"area_in_meters":63.113399505615234,"confidence":0.9031000137329102}},{"type":"Feature","geometry":null,"properties":{"risk_score":1.9779404050100857,"verdict":"RED_BLOCKS_DRAINAGE","lost_frac":0,"flow_frac":1.0,"upstream_km2":9.203510284423828,"hand_m":50,"area_in_meters":116.3219985961914,"confidence":0.7836999893188477}},{"type":"Feature","geometry":null,"properties":{"risk_score":2.7203739259160153,"verdict":"RED_BLOCKS_DRAINAGE","lost_frac":0,"flow_frac":1.0,"upstream_km2":23.400049209594727,"hand_m":50,"area_in_meters":54.07590103149414,"confidence":0.7836999893188477}},{"type":"Feature","geometry":null,"properties":{"risk_score":1.535231603269281,"verdict":"RED_BLOCKS_DRAINAGE","lost_frac":0,"flow_frac":1.0,"upstream_km2":5.066917896270752,"hand_m":50,"area_in_meters":166.9456024169922,"confidence":0.7836999893188477}},{"type":"Feature","geometry":null,"properties":{"risk_score":1.8058181734407701,"verdict":"RED_BLOCKS_DRAINAGE","lost_frac":0,"flow_frac":1.0,"upstream_km2":7.336183547973633,"hand_m":50,"area_in_meters":121.11380004882812,"confidence":0.8461999893188477}},{"type":"Feature","geometry":null,"properties":{"risk_score":6.22811183579405,"verdict":"AMBER_PARTIAL","lost_frac":0,"flow_frac":0.2608695652173913,"upstream_km2":20.518801872780465,"hand_m":4.582617718240489,"area_in_meters":82.39520263671875,"confidence":0.7268000245094299}},{"type":"Feature","geometry":null,"properties":{"risk_score":1.0015619133127636,"verdict":"RED_BLOCKS_DRAINAGE","lost_frac":0,"flow_frac":1.0,"upstream_km2":2.241877317428589,"hand_m":50,"area_in_meters":93.69819641113281,"confidence":0.7268000245094299}},{"type":"Feature","geometry":null,"properties":{"risk_score":1.0379858295247464,"verdict":"RED_BLOCKS_DRAINAGE","lost_frac":0,"flow_frac":1.0,"upstream_km2":2.3835513591766357,"hand_m":50,"area_in_meters":40.93899917602539,"confidence":0.7268000245094299}},{"type":"Feature","geometry":null,"properties":{"risk_score":2.7122756430907033,"verdict":"RED_BLOCKS_DRAINAGE","lost_frac":0,"flow_frac":1.0,"upstream_km2":23.169105529785156,"hand_m":50,"area_in_meters":122.36640167236328,"confidence":0.7268000245094299}},{"type":"Feature","geometry":null,"properties":{"risk_score":1.0769333773081167,"verdict":"RED_BLOCKS_DRAINAGE","lost_frac":0,"flow_frac":1.0,"upstream_km2":2.541897773742676,"hand_m":50,"area_in_meters":231.05760192871094,"confidence":0.8518000245094299}},{"type":"Feature","geometry":null,"properties":{"risk_score":2.016298713068113,"verdict":"RED_BLOCKS_DRAINAGE","lost_frac":0,"flow_frac":1.0,"upstream_km2":9.673634907970689,"hand_m":50,"area_in_meters":508.7320861816406,"confidence":0.9143000245094299}},{"type":"Feature","geometry":null,"properties":{"risk_score":2.594501981546177,"verdict":"AMBER_PARTIAL","lost_frac":0,"flow_frac":0.3194444444444444,"upstream_km2":0.721827242264731,"hand_m":1.9055887858072917,"area_in_meters":258.6933898925781,"confidence":0.9143000245094299}},{"type":"Feature","geometry":null,"properties":{"risk_score":1.8058181734407701,"verdict":"RED_BLOCKS_DRAINAGE","lost_frac":0,"flow_frac":1.0,"upstream_km2":7.336183547973633,"hand_m":50,"area_in_meters":197.14930725097656,"confidence":0.7324000000953674}},{"type":"Feature","geometry":null,"properties":{"risk_score":1.8334655301663123,"verdict":"RED_BLOCKS_DRAINAGE","lost_frac":0,"flow_frac":1.0,"upstream_km2":7.611274242401123,"hand_m":50,"area_in_meters":50.90869903564453,"confidence":0.7949000000953674}},{"type":"Feature","geometry":null,"properties":{"risk_score":2.728566428327632,"verdict":"RED_BLOCKS_DRAINAGE","lost_frac":0,"flow_frac":1.0,"upstream_km2":23.63592529296875,"hand_m":50,"area_in_meters":114.90789794921875,"confidence":0.7949000000953674}},{"type":"Feature","geometry":null,"properties":{"risk_score":4.595989870710401,"verdict":"RED_BLOCKS_DRAINAGE","lost_frac":0,"flow_frac":1.0,"upstream_km2":219.7775115966797,"hand_m":50,"area_in_meters":112.8853988647461,"confidence":0.7949000000953674}},{"type":"Feature","geometry":null,"properties":{"risk_score":5.42269181355351,"verdict":"AMBER_PARTIAL","lost_frac":0,"flow_frac":0.42857142857142855,"upstream_km2":1.0977187667574202,"hand_m":1.5428641183035714,"area_in_meters":93.39209747314453,"confidence":0.7949000000953674}},{"type":"Feature","geometry":null,"properties":{"risk_score":9.716639921728348,"verdict":"AMBER_PARTIAL","lost_frac":0,"flow_frac":0.21428571428571427,"upstream_km2":4.47623441707609,"hand_m":0.6286097935267857,"area_in_meters":104.09839630126953,"confidence":0.7949000000953674}},{"type":"Feature","geometry":null,"properties":{"risk_score":1.0015619133127636,"verdict":"RED_BLOCKS_DRAINAGE","lost_frac":0,"flow_frac":1.0,"upstream_km2":2.241877317428589,"hand_m":50,"area_in_meters":98.61540222167969,"confidence":0.8574000000953674}},{"type":"Feature","geometry":null,"properties":{"risk_score":28.27421572714199,"verdict":"RED_BLOCKS_DRAINAGE","lost_frac":0,"flow_frac":0.525,"upstream_km2":6.227696414664388,"hand_m":0.5950042724609376,"area_in_meters":146.7532958984375,"confidence":0.7379999756813049}},{"type":"Feature","geometry":null,"properties":{"risk_score":24.88139696387308,"verdict":"AMBER_PARTIAL","lost_frac":0,"flow_frac":0.4915254237288135,"upstream_km2":4.153891941753484,"hand_m":0.4068044888771186,"area_in_meters":202.32150268554688,"confidence":0.7379999756813049}},{"type":"Feature","geometry":null,"properties":{"risk_score":1.218722239743642,"verdict":"RED_BLOCKS_DRAINAGE","lost_frac":0,"flow_frac":1.0,"upstream_km2":3.1835825443267822,"hand_m":50,"area_in_meters":57.71110153198242,"confidence":0.7379999756813049}},{"type":"Feature","geometry":null,"properties":{"risk_score":2.754950157303483,"verdict":"RED_BLOCKS_DRAINAGE","lost_frac":0,"flow_frac":1.0,"upstream_km2":24.411165237426758,"hand_m":50,"area_in_meters":170.4293975830078,"confidence":0.8004999756813049}},{"type":"Feature","geometry":null,"properties":{"risk_score":2.944264911062064,"verdict":"RED_BLOCKS_DRAINAGE","lost_frac":0,"flow_frac":1.0,"upstream_km2":30.737674713134766,"hand_m":50,"area_in_meters":76.7051010131836,"confidence":0.8004999756813049}},{"type":"Feature","geometry":null,"properties":{"risk_score":2.747017985395026,"verdict":"RED_BLOCKS_DRAINAGE","lost_frac":0,"flow_frac":1.0,"upstream_km2":24.175561904907227,"hand_m":50,"area_in_meters":150.00390625,"confidence":0.8629999756813049}},{"type":"Feature","geometry":null,"properties":{"risk_score":1.5071901655736286,"verdict":"RED_BLOCKS_DRAINAGE","lost_frac":0,"flow_frac":0.9714285714285713,"upstream_km2":5.184076265777859,"hand_m":50,"area_in_meters":119.56490325927734,"confidence":0.8629999756813049}},{"type":"Feature","geometry":null,"properties":{"risk_score":1.8506120877901737,"verdict":"RED_BLOCKS_DRAINAGE","lost_frac":0,"flow_frac":1.0,"upstream_km2":7.786424160003662,"hand_m":50,"area_in_meters":159.19729614257812,"confidence":0.9254999756813049}},{"type":"Feature","geometry":null,"properties":{"risk_score":2.935858019657125,"verdict":"GREEN_CLEAR","lost_frac":0,"flow_frac":0.058823529411764705,"upstream_km2":13.345340379897285,"hand_m":1.3176125919117647,"area_in_meters":122.36419677734375,"confidence":0.7436000108718872}},{"type":"Feature","geometry":null,"properties":{"risk_score":3.7119741013690914,"verdict":"RED_BLOCKS_DRAINAGE","lost_frac":0,"flow_frac":1.0,"upstream_km2":77.18200281316585,"hand_m":50,"area_in_meters":203.41050720214844,"confidence":0.7436000108718872}},{"type":"Feature","geometry":null,"properties":{"risk_score":4.419126773482678,"verdict":"AMBER_PARTIAL","lost_frac":0,"flow_frac":0.28971962616822433,"upstream_km2":1.4612871841919204,"hand_m":1.5644748010367993,"area_in_meters":365.74969482421875,"confidence":0.8061000108718872}},{"type":"Feature","geometry":null,"properties":{"risk_score":1.3194122482109647,"verdict":"RED_BLOCKS_DRAINAGE","lost_frac":0,"flow_frac":1.0,"upstream_km2":3.7086915969848633,"hand_m":50,"area_in_meters":47.49829864501953,"confidence":0.7491999864578247}},{"type":"Feature","geometry":null,"properties":{"risk_score":2.707563243983808,"verdict":"RED_BLOCKS_DRAINAGE","lost_frac":0,"flow_frac":1.0,"upstream_km2":23.03572654724121,"hand_m":50,"area_in_meters":57.186798095703125,"confidence":0.8116999864578247}},{"type":"Feature","geometry":null,"properties":{"risk_score":26.85394666805439,"verdict":"AMBER_PARTIAL","lost_frac":0,"flow_frac":0.35388739946380693,"upstream_km2":9.81125169486087,"hand_m":0.3624652115972688,"area_in_meters":1264.2591,"confidence":0.8741999864578247}},{"type":"Feature","geometry":null,"properties":{"risk_score":4.46264012909215,"verdict":"RED_BLOCKS_DRAINAGE","lost_frac":0,"flow_frac":1.0,"upstream_km2":187.77586364746094,"hand_m":50,"area_in_meters":68.23690032958984,"confidence":0.8741999864578247}},{"type":"Feature","geometry":null,"properties":{"risk_score":5.632814081320169,"verdict":"AMBER_PARTIAL","lost_frac":0,"flow_frac":0.25925925925925924,"upstream_km2":5.9972282577719955,"hand_m":2.88890697337963,"area_in_meters":275.1448059082031,"confidence":0.8741999864578247}},{"type":"Feature","geometry":null,"properties":{"risk_score":1.2221083421189252,"verdict":"RED_BLOCKS_DRAINAGE","lost_frac":0,"flow_frac":1.0,"upstream_km2":3.2002511024475098,"hand_m":50,"area_in_meters":51.15599822998047,"confidence":0.703499972820282}},{"type":"Feature","geometry":null,"properties":{"risk_score":168.06822531159455,"verdict":"RED_BLOCKS_DRAINAGE","lost_frac":0,"flow_frac":0.9210526315789473,"upstream_km2":173.78889533646992,"hand_m":0.22894929584703944,"area_in_meters":128.50439453125,"confidence":0.703499972820282}},{"type":"Feature","geometry":null,"properties":{"risk_score":1.0015619133127636,"verdict":"RED_BLOCKS_DRAINAGE","lost_frac":0,"flow_frac":1.0,"upstream_km2":2.241877317428589,"hand_m":50,"area_in_meters":106.75340270996094,"confidence":0.703499972820282}},{"type":"Feature","geometry":null,"properties":{"risk_score":1.2254810334339632,"verdict":"RED_BLOCKS_DRAINAGE","lost_frac":0,"flow_frac":1.0,"upstream_km2":3.2169196605682373,"hand_m":50,"area_in_meters":109.99559783935547,"confidence":0.828499972820282}},{"type":"Feature","geometry":null,"properties":{"risk_score":1.1928882961028775,"verdict":"RED_BLOCKS_DRAINAGE","lost_frac":0,"flow_frac":1.0,"upstream_km2":3.05856990814209,"hand_m":50,"area_in_meters":71.47989654541016,"confidence":0.754800021648407}},{"type":"Feature","geometry":null,"properties":{"risk_score":1.2221083421189252,"verdict":"RED_BLOCKS_DRAINAGE","lost_frac":0,"flow_frac":1.0,"upstream_km2":3.2002511024475098,"hand_m":50,"area_in_meters":102.44259643554688,"confidence":0.754800021648407}},{"type":"Feature","geometry":null,"properties":{"risk_score":2.9462753010329727,"verdict":"RED_BLOCKS_DRAINAGE","lost_frac":0,"flow_frac":1.0,"upstream_km2":30.81269073486328,"hand_m":50,"area_in_meters":59.2151985168457,"confidence":0.817300021648407}},{"type":"Feature","geometry":null,"properties":{"risk_score":122.19138492657812,"verdict":"RED_BLOCKS_DRAINAGE","lost_frac":0,"flow_frac":0.9347826086956521,"upstream_km2":29.03746374190339,"hand_m":0.13043478260869562,"area_in_meters":158.9945068359375,"confidence":0.942300021648407}},{"type":"Feature","geometry":null,"properties":{"risk_score":2.9424738532717676,"verdict":"RED_BLOCKS_DRAINAGE","lost_frac":0,"flow_frac":1.0,"upstream_km2":30.670991897583008,"hand_m":50,"area_in_meters":113.39749908447266,"confidence":0.7603999972343445}},{"type":"Feature","geometry":null,"properties":{"risk_score":2.711688025763225,"verdict":"RED_BLOCKS_DRAINAGE","lost_frac":0,"flow_frac":1.0,"upstream_km2":23.152433395385742,"hand_m":50,"area_in_meters":153.45350646972656,"confidence":0.8228999972343445}},{"type":"Feature","geometry":null,"properties":{"risk_score":55.41152176495457,"verdict":"RED_BLOCKS_DRAINAGE","lost_frac":0,"flow_frac":0.6666666666666666,"upstream_km2":15.559996586603424,"hand_m":0.46667480468750006,"area_in_meters":108.44850158691406,"confidence":0.8853999972343445}},{"type":"Feature","geometry":null,"properties":{"risk_score":1.0789346998056413,"verdict":"RED_BLOCKS_DRAINAGE","lost_frac":0,"flow_frac":1.0,"upstream_km2":2.550231695175171,"hand_m":50,"area_in_meters":90.90809631347656,"confidence":0.7716000080108643}},{"type":"Feature","geometry":null,"properties":{"risk_score":16.131979699750605,"verdict":"RED_BLOCKS_DRAINAGE","lost_frac":0,"flow_frac":0.6666666666666666,"upstream_km2":4.947548324863115,"hand_m":2.20001220703125,"area_in_meters":96.95790100097656,"confidence":0.8341000080108643}},{"type":"Feature","geometry":null,"properties":{"risk_score":103.23009754757004,"verdict":"RED_BLOCKS_DRAINAGE","lost_frac":0,"flow_frac":0.8749999999999999,"upstream_km2":67.71845083198112,"hand_m":0.5571419852120536,"area_in_meters":616.4478759765625,"confidence":0.8966000080108643}},{"type":"Feature","geometry":null,"properties":{"risk_score":2.8105513098530874,"verdict":"RED_BLOCKS_DRAINAGE","lost_frac":0,"flow_frac":1.0,"upstream_km2":26.125713348388672,"hand_m":50,"area_in_meters":61.23210144042969,"confidence":0.8966000080108643}},{"type":"Feature","geometry":null,"properties":{"risk_score":3.724495036131079,"verdict":"RED_BLOCKS_DRAINAGE","lost_frac":0,"flow_frac":1.0,"upstream_km2":78.34004974365234,"hand_m":50,"area_in_meters":96.90840148925781,"confidence":0.7146999835968018}},{"type":"Feature","geometry":null,"properties":{"risk_score":5.117207022410575,"verdict":"AMBER_PARTIAL","lost_frac":0,"flow_frac":0.4,"upstream_km2":1.5818524390459061,"hand_m":2.219970703125,"area_in_meters":87.56320190429688,"confidence":0.7146999835968018}},{"type":"Feature","geometry":null,"properties":{"risk_score":2.74869303397396,"verdict":"RED_BLOCKS_DRAINAGE","lost_frac":0,"flow_frac":1.0,"upstream_km2":24.22513198852539,"hand_m":50,"area_in_meters":93.3821029663086,"confidence":0.7146999835968018}},{"type":"Feature","geometry":null,"properties":{"risk_score":45.7090106661101,"verdict":"RED_BLOCKS_DRAINAGE","lost_frac":0,"flow_frac":0.7843137254901961,"upstream_km2":2.9387352977897607,"hand_m":0.021563361672794115,"area_in_meters":335.11358642578125,"confidence":0.7771999835968018}},{"type":"Feature","geometry":null,"properties":{"risk_score":16.826106341137468,"verdict":"RED_BLOCKS_DRAINAGE","lost_frac":0,"flow_frac":0.55,"upstream_km2":3.9135833277367054,"hand_m":1.2599945068359375,"area_in_meters":79.02850341796875,"confidence":0.7771999835968018}},{"type":"Feature","geometry":null,"properties":{"risk_score":140.61250647014006,"verdict":"RED_BLOCKS_DRAINAGE","lost_frac":0,"flow_frac":0.7999999999999999,"upstream_km2":150.18132295546434,"hand_m":0.24000244140624996,"area_in_meters":317.8937072753906,"confidence":0.7771999835968018}},{"type":"Feature","geometry":null,"properties":{"risk_score":1.420827637143038,"verdict":"GREEN_CLEAR","lost_frac":0,"flow_frac":0.09090909090909091,"upstream_km2":2.7011315678669647,"hand_m":2.636385830965909,"area_in_meters":79.29149627685547,"confidence":0.7771999835968018}},{"type":"Feature","geometry":null,"properties":{"risk_score":2.8429107121978765,"verdict":"RED_BLOCKS_DRAINAGE","lost_frac":0,"flow_frac":1.0,"upstream_km2":27.176332473754883,"hand_m":50,"area_in_meters":42.576499938964844,"confidence":0.8396999835968018}},{"type":"Feature","geometry":null,"properties":{"risk_score":1.2586067108826682,"verdict":"RED_BLOCKS_DRAINAGE","lost_frac":0,"flow_frac":1.0,"upstream_km2":3.384190559387207,"hand_m":50,"area_in_meters":62.895198822021484,"confidence":0.8396999835968018}},{"type":"Feature","geometry":null,"properties":{"risk_score":3.616193890898181,"verdict":"AMBER_PARTIAL","lost_frac":0,"flow_frac":0.35714285714285715,"upstream_km2":0.8923490505133357,"hand_m":1.735722133091518,"area_in_meters":145.56019592285156,"confidence":0.8396999835968018}},{"type":"Feature","geometry":null,"properties":{"risk_score":3.727263939838414,"verdict":"RED_BLOCKS_DRAINAGE","lost_frac":0,"flow_frac":1.0,"upstream_km2":78.59844970703125,"hand_m":50,"area_in_meters":403.8764953613281,"confidence":0.8396999835968018}},{"type":"Feature","geometry":null,"properties":{"risk_score":3.6670388295008918,"verdict":"RED_BLOCKS_DRAINAGE","lost_frac":0,"flow_frac":1.0,"upstream_km2":73.1634292602539,"hand_m":50,"area_in_meters":124.66819763183594,"confidence":0.9021999835968018}},{"type":"Feature","geometry":null,"properties":{"risk_score":1.8140496831345745,"verdict":"RED_BLOCKS_DRAINAGE","lost_frac":0,"flow_frac":1.0,"upstream_km2":7.4171552658081055,"hand_m":50,"area_in_meters":66.04769897460938,"confidence":0.782800018787384}},{"type":"Feature","geometry":null,"properties":{"risk_score":3.7279770049497825,"verdict":"RED_BLOCKS_DRAINAGE","lost_frac":0,"flow_frac":1.0,"upstream_km2":78.66513061523438,"hand_m":50,"area_in_meters":122.35990142822266,"confidence":0.782800018787384}},{"type":"Feature","geometry":null,"properties":{"risk_score":2.711688025763225,"verdict":"RED_BLOCKS_DRAINAGE","lost_frac":0,"flow_frac":1.0,"upstream_km2":23.152433395385742,"hand_m":50,"area_in_meters":105.0342025756836,"confidence":0.782800018787384}},{"type":"Feature","geometry":null,"properties":{"risk_score":2.797866935303777,"verdict":"RED_BLOCKS_DRAINAGE","lost_frac":0,"flow_frac":1.0,"upstream_km2":25.72465682029724,"hand_m":50,"area_in_meters":59.238800048828125,"confidence":0.845300018787384}},{"type":"Feature","geometry":null,"properties":{"risk_score":2.784840147793037,"verdict":"RED_BLOCKS_DRAINAGE","lost_frac":0,"flow_frac":1.0,"upstream_km2":25.318944931030273,"hand_m":50,"area_in_meters":72.87699890136719,"confidence":0.8508999943733215}},{"type":"Feature","geometry":null,"properties":{"risk_score":2.7574605196361532,"verdict":"RED_BLOCKS_DRAINAGE","lost_frac":0,"flow_frac":1.0,"upstream_km2":24.486186981201172,"hand_m":50,"area_in_meters":151.29429626464844,"confidence":0.8508999943733215}},{"type":"Feature","geometry":null,"properties":{"risk_score":11.289806829572528,"verdict":"AMBER_PARTIAL","lost_frac":0,"flow_frac":0.3333333333333333,"upstream_km2":7.8786416941632815,"hand_m":1.8000081380208333,"area_in_meters":176.8217010498047,"confidence":0.8508999943733215}},{"type":"Feature","geometry":null,"properties":{"risk_score":3.712330649669868,"verdict":"RED_BLOCKS_DRAINAGE","lost_frac":0,"flow_frac":1.0,"upstream_km2":77.2147445678711,"hand_m":50,"area_in_meters":141.5948944091797,"confidence":0.9133999943733215}},{"type":"Feature","geometry":null,"properties":{"risk_score":1.08093138689451,"verdict":"RED_BLOCKS_DRAINAGE","lost_frac":0,"flow_frac":1.0,"upstream_km2":2.558565855026245,"hand_m":50,"area_in_meters":59.002201080322266,"confidence":0.7426999807357788}},{"type":"Feature","geometry":null,"properties":{"risk_score":9.770805410303312,"verdict":"AMBER_PARTIAL","lost_frac":0,"flow_frac":0.2801724137931034,"upstream_km2":7.43565808254262,"hand_m":1.6555946613180226,"area_in_meters":798.1970825195312,"confidence":0.8051999807357788}},{"type":"Feature","geometry":null,"properties":{"risk_score":2.860333540653563,"verdict":"RED_BLOCKS_DRAINAGE","lost_frac":0,"flow_frac":1.0,"upstream_km2":27.758756637573242,"hand_m":50,"area_in_meters":145.8863983154297,"confidence":0.8676999807357788}},{"type":"Feature","geometry":null,"properties":{"risk_score":2.7057893747707973,"verdict":"RED_BLOCKS_DRAINAGE","lost_frac":0,"flow_frac":1.0,"upstream_km2":22.98571014404297,"hand_m":50,"area_in_meters":63.875701904296875,"confidence":0.8676999807357788}},{"type":"Feature","geometry":null,"properties":{"risk_score":1.3072678083372562,"verdict":"RED_BLOCKS_DRAINAGE","lost_frac":0,"flow_frac":1.0,"upstream_km2":3.6420154571533203,"hand_m":50,"area_in_meters":40.11140060424805,"confidence":0.7315000295639038}},{"type":"Feature","geometry":null,"properties":{"risk_score":8.682391016953197,"verdict":"AMBER_PARTIAL","lost_frac":0,"flow_frac":0.16666666666666666,"upstream_km2":3.479200711939484,"hand_m":0.2500406901041667,"area_in_meters":101.22789764404297,"confidence":0.7940000295639038}},{"type":"Feature","geometry":null,"properties":{"risk_score":34.40156973872061,"verdict":"RED_BLOCKS_DRAINAGE","lost_frac":0,"flow_frac":0.8709677419354839,"upstream_km2":2.7883908606825334,"hand_m":0.4645129788306452,"area_in_meters":101.75140380859375,"confidence":0.7940000295639038}},{"type":"Feature","geometry":null,"properties":{"risk_score":2.754950157303483,"verdict":"RED_BLOCKS_DRAINAGE","lost_frac":0,"flow_frac":1.0,"upstream_km2":24.411165237426758,"hand_m":50,"area_in_meters":62.86029815673828,"confidence":0.7940000295639038}},{"type":"Feature","geometry":null,"properties":{"risk_score":29.19722804379372,"verdict":"RED_BLOCKS_DRAINAGE","lost_frac":0,"flow_frac":0.7522123893805309,"upstream_km2":2.332750492523201,"hand_m":0.3469043832964602,"area_in_meters":407.46209716796875,"confidence":0.7940000295639038}},{"type":"Feature","geometry":null,"properties":{"risk_score":1.0483981008233028,"verdict":"RED_BLOCKS_DRAINAGE","lost_frac":0,"flow_frac":1.0,"upstream_km2":2.4251770973205566,"hand_m":50,"area_in_meters":52.825401306152344,"confidence":0.7940000295639038}},{"type":"Feature","geometry":null,"properties":{"risk_score":4.62285660411618,"verdict":"RED_BLOCKS_DRAINAGE","lost_frac":0,"flow_frac":1.0,"upstream_km2":226.85411071777344,"hand_m":50,"area_in_meters":129.23280334472656,"confidence":0.9190000295639038}},{"type":"Feature","geometry":null,"properties":{"risk_score":1.2338736348166532,"verdict":"RED_BLOCKS_DRAINAGE","lost_frac":0,"flow_frac":1.0,"upstream_km2":3.258685350418091,"hand_m":50,"area_in_meters":52.0807991027832,"confidence":0.7371000051498413}},{"type":"Feature","geometry":null,"properties":{"risk_score":2.9139885607176033,"verdict":"RED_BLOCKS_DRAINAGE","lost_frac":0,"flow_frac":1.0,"upstream_km2":29.62909507751465,"hand_m":50,"area_in_meters":41.38759994506836,"confidence":0.7996000051498413}},{"type":"Feature","geometry":null,"properties":{"risk_score":68.32797246058175,"verdict":"AMBER_PARTIAL","lost_frac":0,"flow_frac":0.46296296296296297,"upstream_km2":127.81253117635086,"hand_m":0.4296230740017361,"area_in_meters":361.52410888671875,"confidence":0.9246000051498413}},{"type":"Feature","geometry":null,"properties":{"risk_score":1.2254810334339632,"verdict":"RED_BLOCKS_DRAINAGE","lost_frac":0,"flow_frac":1.0,"upstream_km2":3.2169196605682373,"hand_m":50,"area_in_meters":43.798301696777344,"confidence":0.7483000159263611}},{"type":"Feature","geometry":null,"properties":{"risk_score":25.673035723659883,"verdict":"RED_BLOCKS_DRAINAGE","lost_frac":0,"flow_frac":0.864406779661017,"upstream_km2":1.9250939494725001,"hand_m":0.569484904661017,"area_in_meters":205.4423065185547,"confidence":0.8108000159263611}},{"type":"Feature","geometry":null,"properties":{"risk_score":1.2050599037414342,"verdict":"RED_BLOCKS_DRAINAGE","lost_frac":0,"flow_frac":1.0,"upstream_km2":3.116997003555298,"hand_m":50,"area_in_meters":91.39990234375,"confidence":0.8108000159263611}},{"type":"Feature","geometry":null,"properties":{"risk_score":1.0463346721211475,"verdict":"RED_BLOCKS_DRAINAGE","lost_frac":0,"flow_frac":1.0,"upstream_km2":2.4168875217437744,"hand_m":50,"area_in_meters":160.71359252929688,"confidence":0.7538999915122986}},{"type":"Feature","geometry":null,"properties":{"risk_score":2.711688025763225,"verdict":"RED_BLOCKS_DRAINAGE","lost_frac":0,"flow_frac":1.0,"upstream_km2":23.152433395385742,"hand_m":50,"area_in_meters":54.4005012512207,"confidence":0.7538999915122986}},{"type":"Feature","geometry":null,"properties":{"risk_score":2.7554346417819824,"verdict":"RED_BLOCKS_DRAINAGE","lost_frac":0,"flow_frac":1.0,"upstream_km2":24.425626754760742,"hand_m":50,"area_in_meters":54.3661003112793,"confidence":0.7538999915122986}},{"type":"Feature","geometry":null,"properties":{"risk_score":2.7994755610117856,"verdict":"RED_BLOCKS_DRAINAGE","lost_frac":0,"flow_frac":1.0,"upstream_km2":25.775188446044922,"hand_m":50,"area_in_meters":54.50600051879883,"confidence":0.7538999915122986}},{"type":"Feature","geometry":null,"properties":{"risk_score":49.873466138313574,"verdict":"RED_BLOCKS_DRAINAGE","lost_frac":0,"flow_frac":0.7857142857142857,"upstream_km2":16.65373704655628,"hand_m":0.9642857142857141,"area_in_meters":139.40550231933594,"confidence":0.8163999915122986}},{"type":"Feature","geometry":null,"properties":{"risk_score":1.08093138689451,"verdict":"RED_BLOCKS_DRAINAGE","lost_frac":0,"flow_frac":1.0,"upstream_km2":2.558565855026245,"hand_m":50,"area_in_meters":47.87810134887695,"confidence":0.8163999915122986}},{"type":"Feature","geometry":null,"properties":{"risk_score":1.8032596472328442,"verdict":"RED_BLOCKS_DRAINAGE","lost_frac":0,"flow_frac":1.0,"upstream_km2":7.3111748695373535,"hand_m":50,"area_in_meters":125.99500274658203,"confidence":0.8788999915122986}},{"type":"Feature","geometry":null,"properties":{"risk_score":1.1928882961028775,"verdict":"RED_BLOCKS_DRAINAGE","lost_frac":0,"flow_frac":1.0,"upstream_km2":3.05856990814209,"hand_m":50,"area_in_meters":175.77569580078125,"confidence":0.7706999778747559}},{"type":"Feature","geometry":null,"properties":{"risk_score":1.0124383803323538,"verdict":"RED_BLOCKS_DRAINAGE","lost_frac":0,"flow_frac":1.0,"upstream_km2":2.2835495471954346,"hand_m":50,"area_in_meters":84.8915023803711,"confidence":0.7706999778747559}},{"type":"Feature","geometry":null,"properties":{"risk_score":45.806912558831705,"verdict":"RED_BLOCKS_DRAINAGE","lost_frac":0,"flow_frac":0.9473684210526315,"upstream_km2":2.116716825648358,"hand_m":0.021053916529605265,"area_in_meters":135.0709991455078,"confidence":0.7706999778747559}},{"type":"Feature","geometry":null,"properties":{"risk_score":2.797617907238475,"verdict":"RED_BLOCKS_DRAINAGE","lost_frac":0,"flow_frac":1.0,"upstream_km2":25.716842651367188,"hand_m":50,"area_in_meters":190.75660705566406,"confidence":0.8220000267028809}},{"type":"Feature","geometry":null,"properties":{"risk_score":1.0463346721211475,"verdict":"RED_BLOCKS_DRAINAGE","lost_frac":0,"flow_frac":1.0,"upstream_km2":2.4168875217437744,"hand_m":50,"area_in_meters":114.22209930419922,"confidence":0.8220000267028809}},{"type":"Feature","geometry":null,"properties":{"risk_score":2.7195868167943518,"verdict":"RED_BLOCKS_DRAINAGE","lost_frac":0,"flow_frac":1.0,"upstream_km2":23.377506256103516,"hand_m":50,"area_in_meters":67.04679870605469,"confidence":0.8276000022888184}},{"type":"Feature","geometry":null,"properties":{"risk_score":10.1202330504925,"verdict":"RED_BLOCKS_DRAINAGE","lost_frac":0,"flow_frac":0.5911949685534591,"upstream_km2":1.328793714326695,"hand_m":1.1446740492334906,"area_in_meters":546.951904296875,"confidence":0.8901000022888184}},{"type":"Feature","geometry":null,"properties":{"risk_score":1.0379858295247464,"verdict":"RED_BLOCKS_DRAINAGE","lost_frac":0,"flow_frac":1.0,"upstream_km2":2.3835513591766357,"hand_m":50,"area_in_meters":226.2799072265625,"confidence":0.8901000022888184}},{"type":"Feature","geometry":null,"properties":{"risk_score":1.0124383803323538,"verdict":"RED_BLOCKS_DRAINAGE","lost_frac":0,"flow_frac":1.0,"upstream_km2":2.2835495471954346,"hand_m":50,"area_in_meters":46.492801666259766,"confidence":0.7193999886512756}},{"type":"Feature","geometry":null,"properties":{"risk_score":3.7279770049497825,"verdict":"RED_BLOCKS_DRAINAGE","lost_frac":0,"flow_frac":1.0,"upstream_km2":78.66513061523438,"hand_m":50,"area_in_meters":43.98529815673828,"confidence":0.7193999886512756}},{"type":"Feature","geometry":null,"properties":{"risk_score":1.2254810334339632,"verdict":"RED_BLOCKS_DRAINAGE","lost_frac":0,"flow_frac":1.0,"upstream_km2":3.2169196605682373,"hand_m":50,"area_in_meters":47.277801513671875,"confidence":0.7818999886512756}},{"type":"Feature","geometry":null,"properties":{"risk_score":3.7119674972146903,"verdict":"RED_BLOCKS_DRAINAGE","lost_frac":0,"flow_frac":1.0,"upstream_km2":77.181396484375,"hand_m":50,"area_in_meters":151.0330047607422,"confidence":0.8443999886512756}},{"type":"Feature","geometry":null,"properties":{"risk_score":1.192906154598093,"verdict":"RED_BLOCKS_DRAINAGE","lost_frac":0,"flow_frac":1.0,"upstream_km2":3.058655023574829,"hand_m":50,"area_in_meters":79.40160369873047,"confidence":0.8443999886512756}},{"type":"Feature","geometry":null,"properties":{"risk_score":1.6348483684769641,"verdict":"GREEN_CLEAR","lost_frac":0,"flow_frac":0.1497584541062802,"upstream_km2":4.157954020488666,"hand_m":5.526570048309178,"area_in_meters":689.486083984375,"confidence":0.8443999886512756}},{"type":"Feature","geometry":null,"properties":{"risk_score":2.7554346417819824,"verdict":"RED_BLOCKS_DRAINAGE","lost_frac":0,"flow_frac":1.0,"upstream_km2":24.425626754760742,"hand_m":50,"area_in_meters":41.371700286865234,"confidence":0.7138000130653381}},{"type":"Feature","geometry":null,"properties":{"risk_score":1.32092996898325,"verdict":"RED_BLOCKS_DRAINAGE","lost_frac":0,"flow_frac":1.0,"upstream_km2":3.7170913219451904,"hand_m":50,"area_in_meters":128.5177001953125,"confidence":0.7138000130653381}},{"type":"Feature","geometry":null,"properties":{"risk_score":2.706972364720432,"verdict":"RED_BLOCKS_DRAINAGE","lost_frac":0,"flow_frac":1.0,"upstream_km2":23.019054412841797,"hand_m":50,"area_in_meters":43.40610122680664,"confidence":0.7763000130653381}},{"type":"Feature","geometry":null,"properties":{"risk_score":28.805632230529042,"verdict":"RED_BLOCKS_DRAINAGE","lost_frac":0,"flow_frac":0.8888888888888888,"upstream_km2":1.8899456560611723,"hand_m":0.4222208658854167,"area_in_meters":222.25160217285156,"confidence":0.7763000130653381}},{"type":"Feature","geometry":null,"properties":{"risk_score":2.707563243983808,"verdict":"RED_BLOCKS_DRAINAGE","lost_frac":0,"flow_frac":1.0,"upstream_km2":23.03572654724121,"hand_m":50,"area_in_meters":240.9326934814453,"confidence":0.8388000130653381}},{"type":"Feature","geometry":null,"properties":{"risk_score":1.0483981008233028,"verdict":"RED_BLOCKS_DRAINAGE","lost_frac":0,"flow_frac":1.0,"upstream_km2":2.4251770973205566,"hand_m":50,"area_in_meters":46.11399841308594,"confidence":0.7305999994277954}},{"type":"Feature","geometry":null,"properties":{"risk_score":1.2221083421189252,"verdict":"RED_BLOCKS_DRAINAGE","lost_frac":0,"flow_frac":1.0,"upstream_km2":3.2002511024475098,"hand_m":50,"area_in_meters":63.376399993896484,"confidence":0.7305999994277954}},{"type":"Feature","geometry":null,"properties":{"risk_score":3.665218353435419,"verdict":"RED_BLOCKS_DRAINAGE","lost_frac":0,"flow_frac":1.0,"upstream_km2":73.00505065917969,"hand_m":50,"area_in_meters":50.740699768066406,"confidence":0.7305999994277954}},{"type":"Feature","geometry":null,"properties":{"risk_score":2.7122756430907033,"verdict":"RED_BLOCKS_DRAINAGE","lost_frac":0,"flow_frac":1.0,"upstream_km2":23.169105529785156,"hand_m":50,"area_in_meters":92.96399688720703,"confidence":0.7930999994277954}},{"type":"Feature","geometry":null,"properties":{"risk_score":4.1613811204857685,"verdict":"AMBER_PARTIAL","lost_frac":0,"flow_frac":0.375,"upstream_km2":1.1523422767641023,"hand_m":2.0000076293945312,"area_in_meters":73.1156005859375,"confidence":0.7930999994277954}},{"type":"Feature","geometry":null,"properties":{"risk_score":7.338385728349439,"verdict":"AMBER_PARTIAL","lost_frac":0,"flow_frac":0.5,"upstream_km2":1.2126107853837311,"hand_m":1.350006103515625,"area_in_meters":82.23419952392578,"confidence":0.7930999994277954}},{"type":"Feature","geometry":null,"properties":{"risk_score":1.0168616222077917,"verdict":"RED_BLOCKS_DRAINAGE","lost_frac":0,"flow_frac":1.0,"upstream_km2":2.300649642944336,"hand_m":50,"area_in_meters":40.59550094604492,"confidence":0.8555999994277954}},{"type":"Feature","geometry":null,"properties":{"risk_score":96.52065694079283,"verdict":"RED_BLOCKS_DRAINAGE","lost_frac":0,"flow_frac":0.875,"upstream_km2":20.752151284832507,"hand_m":0.21250152587890625,"area_in_meters":165.80149841308594,"confidence":0.8555999994277954}},{"type":"Feature","geometry":null,"properties":{"risk_score":1.7207611418853623,"verdict":"RED_BLOCKS_DRAINAGE","lost_frac":0,"flow_frac":1.0,"upstream_km2":6.543765544891357,"hand_m":50,"area_in_meters":137.55239868164062,"confidence":0.8555999994277954}},{"type":"Feature","geometry":null,"properties":{"risk_score":18.845333509247332,"verdict":"AMBER_PARTIAL","lost_frac":0,"flow_frac":0.4759036144578314,"upstream_km2":11.046498623182886,"hand_m":1.7295116746282007,"area_in_meters":522.2777099609375,"confidence":0.8555999994277954}},{"type":"Feature","geometry":null,"properties":{"risk_score":2.9139885607176033,"verdict":"RED_BLOCKS_DRAINAGE","lost_frac":0,"flow_frac":1.0,"upstream_km2":29.62909507751465,"hand_m":50,"area_in_meters":110.1427001953125,"confidence":0.8555999994277954}},{"type":"Feature","geometry":null,"properties":{"risk_score":1.08093138689451,"verdict":"RED_BLOCKS_DRAINAGE","lost_frac":0,"flow_frac":1.0,"upstream_km2":2.558565855026245,"hand_m":50,"area_in_meters":45.88349914550781,"confidence":0.7361999750137329}},{"type":"Feature","geometry":null,"properties":{"risk_score":1.0082505075556958,"verdict":"RED_BLOCKS_DRAINAGE","lost_frac":0,"flow_frac":1.0,"upstream_km2":2.2674410343170166,"hand_m":50,"area_in_meters":171.66329956054688,"confidence":0.7361999750137329}},{"type":"Feature","geometry":null,"properties":{"risk_score":2.7441794746203723,"verdict":"RED_BLOCKS_DRAINAGE","lost_frac":0,"flow_frac":1.0,"upstream_km2":24.09178352355957,"hand_m":50,"area_in_meters":198.2655029296875,"confidence":0.7986999750137329}},{"type":"Feature","geometry":null,"properties":{"risk_score":4.595989870710401,"verdict":"RED_BLOCKS_DRAINAGE","lost_frac":0,"flow_frac":1.0,"upstream_km2":219.7775115966797,"hand_m":50,"area_in_meters":115.38420104980469,"confidence":0.7986999750137329}},{"type":"Feature","geometry":null,"properties":{"risk_score":4.599518877196235,"verdict":"RED_BLOCKS_DRAINAGE","lost_frac":0,"flow_frac":1.0,"upstream_km2":220.69435119628906,"hand_m":50,"area_in_meters":50.85599899291992,"confidence":0.7986999750137329}},{"type":"Feature","geometry":null,"properties":{"risk_score":18.19464115791993,"verdict":"RED_BLOCKS_DRAINAGE","lost_frac":0,"flow_frac":0.650990099009901,"upstream_km2":1.7557253484558872,"hand_m":0.5751298961072866,"area_in_meters":2784.31884765625,"confidence":0.8611999750137329}},{"type":"Feature","geometry":null,"properties":{"risk_score":4.855796750376231,"verdict":"AMBER_PARTIAL","lost_frac":0,"flow_frac":0.17391304347826086,"upstream_km2":5.1184566748207025,"hand_m":1.8174013884171194,"area_in_meters":166.127197265625,"confidence":0.7250000238418579}},{"type":"Feature","geometry":null,"properties":{"risk_score":6.282054633835887,"verdict":"AMBER_PARTIAL","lost_frac":0,"flow_frac":0.4642857142857143,"upstream_km2":1.4902956344054215,"hand_m":1.9285583496093748,"area_in_meters":83.67050170898438,"confidence":0.8500000238418579}},{"type":"Feature","geometry":null,"properties":{"risk_score":4.462602477385513,"verdict":"RED_BLOCKS_DRAINAGE","lost_frac":0,"flow_frac":1.0,"upstream_km2":187.76751708984375,"hand_m":50,"area_in_meters":72.23480224609375,"confidence":0.8500000238418579}},{"type":"Feature","geometry":null,"properties":{"risk_score":1.1171350420725283,"verdict":"RED_BLOCKS_DRAINAGE","lost_frac":0,"flow_frac":1.0,"upstream_km2":2.7131190299987793,"hand_m":50,"area_in_meters":111.4446029663086,"confidence":0.8500000238418579}},{"type":"Feature","geometry":null,"properties":{"risk_score":2.384922637330153,"verdict":"RED_BLOCKS_DRAINAGE","lost_frac":0,"flow_frac":1.0,"upstream_km2":15.455479621887207,"hand_m":50,"area_in_meters":46.54759979248047,"confidence":0.8500000238418579}},{"type":"Feature","geometry":null,"properties":{"risk_score":2.726258167272088,"verdict":"RED_BLOCKS_DRAINAGE","lost_frac":0,"flow_frac":1.0,"upstream_km2":23.569236755371094,"hand_m":50,"area_in_meters":84.96240234375,"confidence":0.7473999857902527}},{"type":"Feature","geometry":null,"properties":{"risk_score":2.710022094995608,"verdict":"RED_BLOCKS_DRAINAGE","lost_frac":0,"flow_frac":1.0,"upstream_km2":23.105229377746582,"hand_m":50,"area_in_meters":297.5523986816406,"confidence":0.7473999857902527}},{"type":"Feature","geometry":null,"properties":{"risk_score":1.7528822732789648,"verdict":"RED_BLOCKS_DRAINAGE","lost_frac":0,"flow_frac":1.0,"upstream_km2":6.833754539489746,"hand_m":50,"area_in_meters":116.63890075683594,"confidence":0.7473999857902527}},{"type":"Feature","geometry":null,"properties":{"risk_score":1.2338736348166532,"verdict":"RED_BLOCKS_DRAINAGE","lost_frac":0,"flow_frac":1.0,"upstream_km2":3.258685350418091,"hand_m":50,"area_in_meters":142.47740173339844,"confidence":0.8098999857902527}},{"type":"Feature","geometry":null,"properties":{"risk_score":2.1032280440847284,"verdict":"RED_BLOCKS_DRAINAGE","lost_frac":0,"flow_frac":1.0,"upstream_km2":10.820784568786621,"hand_m":50,"area_in_meters":188.43960571289062,"confidence":0.8098999857902527}},{"type":"Feature","geometry":null,"properties":{"risk_score":8.50905699813855,"verdict":"RED_BLOCKS_DRAINAGE","lost_frac":0,"flow_frac":0.5068493150684932,"upstream_km2":1.9799117609246135,"hand_m":1.8246334546232879,"area_in_meters":247.1251983642578,"confidence":0.8723999857902527}},{"type":"Feature","geometry":null,"properties":{"risk_score":2.7994755610117856,"verdict":"RED_BLOCKS_DRAINAGE","lost_frac":0,"flow_frac":1.0,"upstream_km2":25.775188446044922,"hand_m":50,"area_in_meters":47.28120040893555,"confidence":0.7418000102043152}},{"type":"Feature","geometry":null,"properties":{"risk_score":1.0789346998056413,"verdict":"RED_BLOCKS_DRAINAGE","lost_frac":0,"flow_frac":1.0,"upstream_km2":2.550231695175171,"hand_m":50,"area_in_meters":87.14720153808594,"confidence":0.8043000102043152}},{"type":"Feature","geometry":null,"properties":{"risk_score":9.541947829459026,"verdict":"AMBER_PARTIAL","lost_frac":0,"flow_frac":0.46551724137931033,"upstream_km2":1.0631503262396516,"hand_m":0.5344827586206896,"area_in_meters":199.80360412597656,"confidence":0.8043000102043152}},{"type":"Feature","geometry":null,"properties":{"risk_score":47.98224611591515,"verdict":"RED_BLOCKS_DRAINAGE","lost_frac":0,"flow_frac":0.631578947368421,"upstream_km2":13.176882510122498,"hand_m":0.5157984683388157,"area_in_meters":59.40719985961914,"confidence":0.8668000102043152}},{"type":"Feature","geometry":null,"properties":{"risk_score":13.137554307332785,"verdict":"RED_BLOCKS_DRAINAGE","lost_frac":0,"flow_frac":0.6296296296296297,"upstream_km2":1.6140355644402682,"hand_m":1.0000045211226851,"area_in_meters":90.72480010986328,"confidence":0.8668000102043152}},{"type":"Feature","geometry":null,"properties":{"risk_score":16.285442537658046,"verdict":"RED_BLOCKS_DRAINAGE","lost_frac":0,"flow_frac":0.6862244897959183,"upstream_km2":2.3134901408790323,"hand_m":1.1923431085080516,"area_in_meters":1340.40869140625,"confidence":0.9293000102043152}},{"type":"Feature","geometry":null,"properties":{"risk_score":2.123983881262204,"verdict":"RED_BLOCKS_DRAINAGE","lost_frac":0,"flow_frac":1.0,"upstream_km2":11.112443923950195,"hand_m":50,"area_in_meters":50.71630096435547,"confidence":0.7585999965667725}},{"type":"Feature","geometry":null,"properties":{"risk_score":80.73102628476903,"verdict":"RED_BLOCKS_DRAINAGE","lost_frac":0,"flow_frac":0.9444444444444444,"upstream_km2":6.4781779751388555,"hand_m":0.02222357855902778,"area_in_meters":65.50969696044922,"confidence":0.7585999965667725}},{"type":"Feature","geometry":null,"properties":{"risk_score":1.7476203506063877,"verdict":"RED_BLOCKS_DRAINAGE","lost_frac":0,"flow_frac":1.0,"upstream_km2":6.785497665405273,"hand_m":50,"area_in_meters":185.59609985351562,"confidence":0.7585999965667725}},{"type":"Feature","geometry":null,"properties":{"risk_score":3.0071910604025454,"verdict":"AMBER_PARTIAL","lost_frac":0,"flow_frac":0.30303030303030304,"upstream_km2":0.728096910526581,"hand_m":1.393939393939394,"area_in_meters":105.50589752197266,"confidence":0.8210999965667725}},{"type":"Feature","geometry":null,"properties":{"risk_score":1.2271810506247398,"verdict":"RED_BLOCKS_DRAINAGE","lost_frac":0,"flow_frac":1.0,"upstream_km2":3.225346565246582,"hand_m":50,"area_in_meters":149.5,"confidence":0.8210999965667725}},{"type":"Feature","geometry":null,"properties":{"risk_score":2.9536065913307845,"verdict":"RED_BLOCKS_DRAINAGE","lost_frac":0,"flow_frac":1.0,"upstream_km2":31.087757110595703,"hand_m":50,"area_in_meters":84.5728988647461,"confidence":0.8210999965667725}},{"type":"Feature","geometry":null,"properties":{"risk_score":1.1999212616295318,"verdict":"RED_BLOCKS_DRAINAGE","lost_frac":0,"flow_frac":1.0,"upstream_km2":3.092228196357769,"hand_m":50,"area_in_meters":655.2296752929688,"confidence":0.8835999965667725}},{"type":"Feature","geometry":null,"properties":{"risk_score":72.11395305130198,"verdict":"RED_BLOCKS_DRAINAGE","lost_frac":0,"flow_frac":0.8064516129032258,"upstream_km2":23.896044781912238,"hand_m":0.5612950478830645,"area_in_meters":107.26920318603516,"confidence":0.70169997215271}},{"type":"Feature","geometry":null,"properties":{"risk_score":2.726258167272088,"verdict":"RED_BLOCKS_DRAINAGE","lost_frac":0,"flow_frac":1.0,"upstream_km2":23.569236755371094,"hand_m":50,"area_in_meters":59.628299713134766,"confidence":0.76419997215271}},{"type":"Feature","geometry":null,"properties":{"risk_score":15.190237637440394,"verdict":"RED_BLOCKS_DRAINAGE","lost_frac":0,"flow_frac":0.68,"upstream_km2":1.6517873495817184,"hand_m":0.89599609375,"area_in_meters":79.59629821777344,"confidence":0.82669997215271}},{"type":"Feature","geometry":null,"properties":{"risk_score":138.59302157560523,"verdict":"RED_BLOCKS_DRAINAGE","lost_frac":0,"flow_frac":0.9921722113502935,"upstream_km2":24.095633694196128,"hand_m":0.0019569471624266144,"area_in_meters":5276.6041,"confidence":0.88919997215271}},{"type":"Feature","geometry":null,"properties":{"risk_score":94.06124555902015,"verdict":"RED_BLOCKS_DRAINAGE","lost_frac":0,"flow_frac":0.8606271777003484,"upstream_km2":190.02396104279705,"hand_m":1.0871148192508708,"area_in_meters":988.9813232421875,"confidence":0.88919997215271}},{"type":"Feature","geometry":null,"properties":{"risk_score":10.772469359463491,"verdict":"GREEN_CLEAR","lost_frac":0,"flow_frac":0.14893617021276595,"upstream_km2":27.972468461445036,"hand_m":1.0212869847074468,"area_in_meters":163.96409606933594,"confidence":0.753000020980835}},{"type":"Feature","geometry":null,"properties":{"risk_score":2.621823912984877,"verdict":"RED_BLOCKS_DRAINAGE","lost_frac":0,"flow_frac":1.0,"upstream_km2":20.7335262298584,"hand_m":50,"area_in_meters":104.6520004272461,"confidence":0.753000020980835}},{"type":"Feature","geometry":null,"properties":{"risk_score":1.0379858295247464,"verdict":"RED_BLOCKS_DRAINAGE","lost_frac":0,"flow_frac":1.0,"upstream_km2":2.3835513591766357,"hand_m":50,"area_in_meters":64.29900360107422,"confidence":0.815500020980835}},{"type":"Feature","geometry":null,"properties":{"risk_score":1.0789346998056413,"verdict":"RED_BLOCKS_DRAINAGE","lost_frac":0,"flow_frac":1.0,"upstream_km2":2.550231695175171,"hand_m":50,"area_in_meters":106.14849853515625,"confidence":0.815500020980835}},{"type":"Feature","geometry":null,"properties":{"risk_score":6.226974800295843,"verdict":"AMBER_PARTIAL","lost_frac":0,"flow_frac":0.2916666666666667,"upstream_km2":7.399681523325853,"hand_m":3.3291753133138022,"area_in_meters":74.1270980834961,"confidence":0.815500020980835}},{"type":"Feature","geometry":null,"properties":{"risk_score":2.9139885607176033,"verdict":"RED_BLOCKS_DRAINAGE","lost_frac":0,"flow_frac":1.0,"upstream_km2":29.62909507751465,"hand_m":50,"area_in_meters":182.41329956054688,"confidence":0.878000020980835}},{"type":"Feature","geometry":null,"properties":{"risk_score":1.192906154598093,"verdict":"RED_BLOCKS_DRAINAGE","lost_frac":0,"flow_frac":1.0,"upstream_km2":3.058655023574829,"hand_m":50,"area_in_meters":513.1047973632812,"confidence":0.878000020980835}},{"type":"Feature","geometry":null,"properties":{"risk_score":10.788874101630334,"verdict":"RED_BLOCKS_DRAINAGE","lost_frac":0,"flow_frac":0.66,"upstream_km2":1.834519960209727,"hand_m":1.7680041503906248,"area_in_meters":173.63909912109375,"confidence":0.878000020980835}},{"type":"Feature","geometry":null,"properties":{"risk_score":1.9779404050100857,"verdict":"RED_BLOCKS_DRAINAGE","lost_frac":0,"flow_frac":1.0,"upstream_km2":9.203510284423828,"hand_m":50,"area_in_meters":180.022705078125,"confidence":0.878000020980835}},{"type":"Feature","geometry":null,"properties":{"risk_score":1.7555958063690382,"verdict":"RED_BLOCKS_DRAINAGE","lost_frac":0,"flow_frac":1.0,"upstream_km2":6.858757019042969,"hand_m":50,"area_in_meters":157.5200958251953,"confidence":0.7698000073432922}},{"type":"Feature","geometry":null,"properties":{"risk_score":1.0789346998056413,"verdict":"RED_BLOCKS_DRAINAGE","lost_frac":0,"flow_frac":1.0,"upstream_km2":2.550231695175171,"hand_m":50,"area_in_meters":85.80799865722656,"confidence":0.7698000073432922}},{"type":"Feature","geometry":null,"properties":{"risk_score":35.045420087883514,"verdict":"RED_BLOCKS_DRAINAGE","lost_frac":0,"flow_frac":0.6,"upstream_km2":14.543643930181862,"hand_m":1.0400146484375001,"area_in_meters":80.1854019165039,"confidence":0.8323000073432922}},{"type":"Feature","geometry":null,"properties":{"risk_score":4.3218439235838115,"verdict":"RED_BLOCKS_DRAINAGE","lost_frac":0,"flow_frac":1.0,"upstream_km2":159.0075225830078,"hand_m":50,"area_in_meters":487.4722900390625,"confidence":0.9573000073432922}},{"type":"Feature","geometry":null,"properties":{"risk_score":122.22786262929132,"verdict":"RED_BLOCKS_DRAINAGE","lost_frac":0,"flow_frac":0.9111111111111111,"upstream_km2":22.194024749100212,"hand_m":0.017778862847222226,"area_in_meters":162.05670166015625,"confidence":0.7128999829292297}},{"type":"Feature","geometry":null,"properties":{"risk_score":1.2146887106169653,"verdict":"GREEN_CLEAR","lost_frac":0,"flow_frac":0.08,"upstream_km2":2.0696833835542203,"hand_m":2.2080224609375,"area_in_meters":96.80750274658203,"confidence":0.7753999829292297}},{"type":"Feature","geometry":null,"properties":{"risk_score":3.3219690070081485,"verdict":"GREEN_CLEAR","lost_frac":0,"flow_frac":0.13157894736842102,"upstream_km2":3.218880688134384,"hand_m":1.4763263903166117,"area_in_meters":135.9862060546875,"confidence":0.7753999829292297}},{"type":"Feature","geometry":null,"properties":{"risk_score":2.726258167272088,"verdict":"RED_BLOCKS_DRAINAGE","lost_frac":0,"flow_frac":1.0,"upstream_km2":23.569236755371094,"hand_m":50,"area_in_meters":64.78820037841797,"confidence":0.7240999937057495}},{"type":"Feature","geometry":null,"properties":{"risk_score":1.027435735880982,"verdict":"RED_BLOCKS_DRAINAGE","lost_frac":0,"flow_frac":1.0,"upstream_km2":2.341890573501587,"hand_m":50,"area_in_meters":105.89520263671875,"confidence":0.7240999937057495}},{"type":"Feature","geometry":null,"properties":{"risk_score":4.668007237552254,"verdict":"AMBER_PARTIAL","lost_frac":0,"flow_frac":0.2903225806451613,"upstream_km2":2.184985406216114,"hand_m":2.129032258064516,"area_in_meters":122.82759857177734,"confidence":0.7865999937057495}},{"type":"Feature","geometry":null,"properties":{"risk_score":2.7847691750353207,"verdict":"RED_BLOCKS_DRAINAGE","lost_frac":0,"flow_frac":1.0,"upstream_km2":25.31675148010254,"hand_m":50,"area_in_meters":116.94499969482422,"confidence":0.8490999937057495}},{"type":"Feature","geometry":null,"properties":{"risk_score":2.8121197306777295,"verdict":"RED_BLOCKS_DRAINAGE","lost_frac":0,"flow_frac":1.0,"upstream_km2":26.17572021484375,"hand_m":50,"area_in_meters":45.57659912109375,"confidence":0.8490999937057495}},{"type":"Feature","geometry":null,"properties":{"risk_score":2.8105513098530874,"verdict":"RED_BLOCKS_DRAINAGE","lost_frac":0,"flow_frac":1.0,"upstream_km2":26.125713348388672,"hand_m":50,"area_in_meters":98.09300231933594,"confidence":0.8490999937057495}},{"type":"Feature","geometry":null,"properties":{"risk_score":2.860333540653563,"verdict":"RED_BLOCKS_DRAINAGE","lost_frac":0,"flow_frac":1.0,"upstream_km2":27.758756637573242,"hand_m":50,"area_in_meters":101.99169921875,"confidence":0.718500018119812}},{"type":"Feature","geometry":null,"properties":{"risk_score":2.728566428327632,"verdict":"RED_BLOCKS_DRAINAGE","lost_frac":0,"flow_frac":1.0,"upstream_km2":23.63592529296875,"hand_m":50,"area_in_meters":193.15640258789062,"confidence":0.718500018119812}},{"type":"Feature","geometry":null,"properties":{"risk_score":1.1928882961028775,"verdict":"RED_BLOCKS_DRAINAGE","lost_frac":0,"flow_frac":1.0,"upstream_km2":3.05856990814209,"hand_m":50,"area_in_meters":41.00279998779297,"confidence":0.718500018119812}},{"type":"Feature","geometry":null,"properties":{"risk_score":2.8586042575984894,"verdict":"RED_BLOCKS_DRAINAGE","lost_frac":0,"flow_frac":1.0,"upstream_km2":27.700414657592773,"hand_m":50,"area_in_meters":91.4397964477539,"confidence":0.781000018119812}},{"type":"Feature","geometry":null,"properties":{"risk_score":1.2254810334339632,"verdict":"RED_BLOCKS_DRAINAGE","lost_frac":0,"flow_frac":1.0,"upstream_km2":3.2169196605682373,"hand_m":50,"area_in_meters":157.97799682617188,"confidence":0.781000018119812}},{"type":"Feature","geometry":null,"properties":{"risk_score":2.754111722614967,"verdict":"RED_BLOCKS_DRAINAGE","lost_frac":0,"flow_frac":1.0,"upstream_km2":24.386157989501953,"hand_m":50,"area_in_meters":94.71109771728516,"confidence":0.843500018119812}},{"type":"Feature","geometry":null,"properties":{"risk_score":12.608394467697787,"verdict":"RED_BLOCKS_DRAINAGE","lost_frac":0,"flow_frac":0.5128205128205128,"upstream_km2":2.5873073472951846,"hand_m":1.2564071264022436,"area_in_meters":131.22140502929688,"confidence":0.843500018119812}},{"type":"Feature","geometry":null,"properties":{"risk_score":1.0916311913613732,"verdict":"AMBER_PARTIAL","lost_frac":0,"flow_frac":0.3103448275862069,"upstream_km2":0.6394118120701149,"hand_m":5.1034651131465525,"area_in_meters":111.22879791259766,"confidence":0.843500018119812}},{"type":"Feature","geometry":null,"properties":{"risk_score":3.3191012004875042,"verdict":"RED_BLOCKS_DRAINAGE","lost_frac":0,"flow_frac":1.0,"upstream_km2":48.288047264362206,"hand_m":50,"area_in_meters":90.1697006225586,"confidence":0.843500018119812}},{"type":"Feature","geometry":null,"properties":{"risk_score":2.797617907238475,"verdict":"RED_BLOCKS_DRAINAGE","lost_frac":0,"flow_frac":1.0,"upstream_km2":25.716842651367188,"hand_m":50,"area_in_meters":43.29570007324219,"confidence":0.7353000044822693}},{"type":"Feature","geometry":null,"properties":{"risk_score":1.027435735880982,"verdict":"RED_BLOCKS_DRAINAGE","lost_frac":0,"flow_frac":1.0,"upstream_km2":2.341890573501587,"hand_m":50,"area_in_meters":84.62370300292969,"confidence":0.7353000044822693}},{"type":"Feature","geometry":null,"properties":{"risk_score":2.7310682428083584,"verdict":"RED_BLOCKS_DRAINAGE","lost_frac":0,"flow_frac":1.0,"upstream_km2":23.708410263061523,"hand_m":50,"area_in_meters":113.25540161132812,"confidence":0.7978000044822693}},{"type":"Feature","geometry":null,"properties":{"risk_score":4.515929751664652,"verdict":"AMBER_PARTIAL","lost_frac":0,"flow_frac":0.2391304347826087,"upstream_km2":6.661154794020821,"hand_m":3.682572074558424,"area_in_meters":170.57510375976562,"confidence":0.8603000044822693}},{"type":"Feature","geometry":null,"properties":{"risk_score":26.769138312672546,"verdict":"RED_BLOCKS_DRAINAGE","lost_frac":0,"flow_frac":0.5491803278688524,"upstream_km2":3.8441256300897386,"hand_m":0.4057487112576844,"area_in_meters":422.5846862792969,"confidence":0.8603000044822693}},{"type":"Feature","geometry":null,"properties":{"risk_score":3.712330649669868,"verdict":"RED_BLOCKS_DRAINAGE","lost_frac":0,"flow_frac":1.0,"upstream_km2":77.2147445678711,"hand_m":50,"area_in_meters":174.84429931640625,"confidence":0.9228000044822693}},{"type":"Feature","geometry":null,"properties":{"risk_score":2.748987304625197,"verdict":"RED_BLOCKS_DRAINAGE","lost_frac":0,"flow_frac":1.0,"upstream_km2":24.233850479125977,"hand_m":50,"area_in_meters":133.75909423828125,"confidence":0.9228000044822693}},{"type":"Feature","geometry":null,"properties":{"risk_score":1.1034255174555718,"verdict":"GREEN_CLEAR","lost_frac":0,"flow_frac":0.05405405405405405,"upstream_km2":1.609457358315184,"hand_m":1.0405751821157094,"area_in_meters":260.30059814453125,"confidence":0.8033999800682068}},{"type":"Feature","geometry":null,"properties":{"risk_score":2.7181296218205406,"verdict":"RED_BLOCKS_DRAINAGE","lost_frac":0,"flow_frac":1.0,"upstream_km2":23.335826873779297,"hand_m":50,"area_in_meters":655.7647705078125,"confidence":0.8033999800682068}},{"type":"Feature","geometry":null,"properties":{"risk_score":68.37745146887507,"verdict":"RED_BLOCKS_DRAINAGE","lost_frac":0,"flow_frac":0.75,"upstream_km2":58.95300499442965,"hand_m":0.9499969482421875,"area_in_meters":57.423500061035156,"confidence":0.8033999800682068}},{"type":"Feature","geometry":null,"properties":{"risk_score":127.63573279618383,"verdict":"RED_BLOCKS_DRAINAGE","lost_frac":0,"flow_frac":0.9416666666666665,"upstream_km2":25.704557515910516,"hand_m":0.05250142415364582,"area_in_meters":2047.3825,"confidence":0.8033999800682068}},{"type":"Feature","geometry":null,"properties":{"risk_score":4.46264012909215,"verdict":"RED_BLOCKS_DRAINAGE","lost_frac":0,"flow_frac":1.0,"upstream_km2":187.77586364746094,"hand_m":50,"area_in_meters":148.6970977783203,"confidence":0.9283999800682068}},{"type":"Feature","geometry":null,"properties":{"risk_score":1.0015619133127636,"verdict":"RED_BLOCKS_DRAINAGE","lost_frac":0,"flow_frac":1.0,"upstream_km2":2.241877317428589,"hand_m":50,"area_in_meters":66.97440338134766,"confidence":0.7297000288963318}},{"type":"Feature","geometry":null,"properties":{"risk_score":17.645299785567175,"verdict":"AMBER_PARTIAL","lost_frac":0,"flow_frac":0.39999999999999997,"upstream_km2":11.671593620628117,"hand_m":1.4999999999999998,"area_in_meters":119.67330169677734,"confidence":0.8547000288963318}},{"type":"Feature","geometry":null,"properties":{"risk_score":2.625733414849012,"verdict":"RED_BLOCKS_DRAINAGE","lost_frac":0,"flow_frac":1.0,"upstream_km2":20.833534240722656,"hand_m":50,"area_in_meters":80.67009735107422,"confidence":0.8090000152587891}},{"type":"Feature","geometry":null,"properties":{"risk_score":1.027435735880982,"verdict":"RED_BLOCKS_DRAINAGE","lost_frac":0,"flow_frac":1.0,"upstream_km2":2.341890573501587,"hand_m":50,"area_in_meters":126.19840240478516,"confidence":0.7520999908447266}},{"type":"Feature","geometry":null,"properties":{"risk_score":1.8207685894577323,"verdict":"RED_BLOCKS_DRAINAGE","lost_frac":0,"flow_frac":1.0,"upstream_km2":7.483830451965332,"hand_m":50,"area_in_meters":57.83530044555664,"confidence":0.8145999908447266}},{"type":"Feature","geometry":null,"properties":{"risk_score":1.3254319474144531,"verdict":"RED_BLOCKS_DRAINAGE","lost_frac":0,"flow_frac":1.0,"upstream_km2":3.742095470428467,"hand_m":50,"area_in_meters":2014.7322998046875,"confidence":0.8145999908447266}},{"type":"Feature","geometry":null,"properties":{"risk_score":2.7122756430907033,"verdict":"RED_BLOCKS_DRAINAGE","lost_frac":0,"flow_frac":1.0,"upstream_km2":23.169105529785156,"hand_m":50,"area_in_meters":192.32009887695312,"confidence":0.8145999908447266}},{"type":"Feature","geometry":null,"properties":{"risk_score":1.0147431240022355,"verdict":"RED_BLOCKS_DRAINAGE","lost_frac":0,"flow_frac":1.0,"upstream_km2":2.2924485206604004,"hand_m":50,"area_in_meters":194.6923065185547,"confidence":0.8770999908447266}},{"type":"Feature","geometry":null,"properties":{"risk_score":1.3832894295007796,"verdict":"RED_BLOCKS_DRAINAGE","lost_frac":0,"flow_frac":1.0,"upstream_km2":4.075485706329346,"hand_m":50,"area_in_meters":117.91390228271484,"confidence":0.8770999908447266}},{"type":"Feature","geometry":null,"properties":{"risk_score":4.622420410152368,"verdict":"RED_BLOCKS_DRAINAGE","lost_frac":0,"flow_frac":1.0,"upstream_km2":226.7374267578125,"hand_m":50,"area_in_meters":482.51348876953125,"confidence":0.7008000016212463}},{"type":"Feature","geometry":null,"properties":{"risk_score":2.713449662687177,"verdict":"RED_BLOCKS_DRAINAGE","lost_frac":0,"flow_frac":1.0,"upstream_km2":23.202449798583984,"hand_m":50,"area_in_meters":139.1855926513672,"confidence":0.7633000016212463}},{"type":"Feature","geometry":null,"properties":{"risk_score":1.895461690411537,"verdict":"RED_BLOCKS_DRAINAGE","lost_frac":0,"flow_frac":1.0,"upstream_km2":8.261588096618652,"hand_m":50,"area_in_meters":328.75299072265625,"confidence":0.8883000016212463}},{"type":"Feature","geometry":null,"properties":{"risk_score":2.711688025763225,"verdict":"RED_BLOCKS_DRAINAGE","lost_frac":0,"flow_frac":1.0,"upstream_km2":23.152433395385742,"hand_m":50,"area_in_meters":97.0167007446289,"confidence":0.8313999772071838}},{"type":"Feature","geometry":null,"properties":{"risk_score":1.9758507251855266,"verdict":"RED_BLOCKS_DRAINAGE","lost_frac":0,"flow_frac":1.0,"upstream_km2":9.178502082824707,"hand_m":50,"area_in_meters":163.73269653320312,"confidence":0.8938999772071838}},{"type":"Feature","geometry":null,"properties":{"risk_score":1.8098232614339547,"verdict":"RED_BLOCKS_DRAINAGE","lost_frac":0,"flow_frac":1.0,"upstream_km2":7.37548303604126,"hand_m":50,"area_in_meters":47.467201232910156,"confidence":0.7577000260353088}},{"type":"Feature","geometry":null,"properties":{"risk_score":8.57207031265205,"verdict":"RED_BLOCKS_DRAINAGE","lost_frac":0,"flow_frac":0.5263157894736842,"upstream_km2":1.3505613254873374,"hand_m":1.278953150699013,"area_in_meters":71.47630310058594,"confidence":0.7577000260353088}},{"type":"Feature","geometry":null,"properties":{"risk_score":1.1928882961028775,"verdict":"RED_BLOCKS_DRAINAGE","lost_frac":0,"flow_frac":1.0,"upstream_km2":3.05856990814209,"hand_m":50,"area_in_meters":57.45869827270508,"confidence":0.7577000260353088}},{"type":"Feature","geometry":null,"properties":{"risk_score":16.901569353764515,"verdict":"AMBER_PARTIAL","lost_frac":0,"flow_frac":0.22916666666666666,"upstream_km2":16.74838359421119,"hand_m":0.6937217712402344,"area_in_meters":169.3386993408203,"confidence":0.7577000260353088}},{"type":"Feature","geometry":null,"properties":{"risk_score":2.8608269530142323,"verdict":"RED_BLOCKS_DRAINAGE","lost_frac":0,"flow_frac":1.0,"upstream_km2":27.77542495727539,"hand_m":50,"area_in_meters":158.4311981201172,"confidence":0.7745000123977661}},{"type":"Feature","geometry":null,"properties":{"risk_score":1.0442439543812836,"verdict":"RED_BLOCKS_DRAINAGE","lost_frac":0,"flow_frac":1.0,"upstream_km2":2.408508777618408,"hand_m":50,"area_in_meters":137.1737060546875,"confidence":0.7745000123977661}},{"type":"Feature","geometry":null,"properties":{"risk_score":1.32092996898325,"verdict":"RED_BLOCKS_DRAINAGE","lost_frac":0,"flow_frac":1.0,"upstream_km2":3.7170913219451904,"hand_m":50,"area_in_meters":98.30549621582031,"confidence":0.7745000123977661}},{"type":"Feature","geometry":null,"properties":{"risk_score":6.938367381159331,"verdict":"AMBER_PARTIAL","lost_frac":0,"flow_frac":0.25,"upstream_km2":5.911065261112526,"hand_m":2.0250091552734375,"area_in_meters":325.6897888183594,"confidence":0.8995000123977661}},{"type":"Feature","geometry":null,"properties":{"risk_score":24.071385012083603,"verdict":"AMBER_PARTIAL","lost_frac":0,"flow_frac":0.43636363636363634,"upstream_km2":11.92143626599149,"hand_m":1.0145729758522726,"area_in_meters":189.5989990234375,"confidence":0.7175999879837036}},{"type":"Feature","geometry":null,"properties":{"risk_score":1.9807186124503784,"verdict":"RED_BLOCKS_DRAINAGE","lost_frac":0,"flow_frac":1.0,"upstream_km2":9.23685359954834,"hand_m":50,"area_in_meters":147.43190002441406,"confidence":0.8425999879837036}},{"type":"Feature","geometry":null,"properties":{"risk_score":79.3106011726613,"verdict":"RED_BLOCKS_DRAINAGE","lost_frac":0,"flow_frac":0.5277777777777778,"upstream_km2":98.87818929133937,"hand_m":0.3305613199869792,"area_in_meters":128.27980041503906,"confidence":0.8425999879837036}},{"type":"Feature","geometry":null,"properties":{"risk_score":4.466728531255219,"verdict":"RED_BLOCKS_DRAINAGE","lost_frac":0,"flow_frac":1.0,"upstream_km2":188.6843719482422,"hand_m":50,"area_in_meters":100.32749938964844,"confidence":0.8425999879837036}},{"type":"Feature","geometry":null,"properties":{"risk_score":2.7203739259160153,"verdict":"RED_BLOCKS_DRAINAGE","lost_frac":0,"flow_frac":1.0,"upstream_km2":23.400049209594727,"hand_m":50,"area_in_meters":86.5707015991211,"confidence":0.7343999743461609}},{"type":"Feature","geometry":null,"properties":{"risk_score":1.2254810334339632,"verdict":"RED_BLOCKS_DRAINAGE","lost_frac":0,"flow_frac":1.0,"upstream_km2":3.2169196605682373,"hand_m":50,"area_in_meters":88.72550201416016,"confidence":0.7968999743461609}},{"type":"Feature","geometry":null,"properties":{"risk_score":83.86805930054926,"verdict":"RED_BLOCKS_DRAINAGE","lost_frac":0,"flow_frac":0.8333333333333334,"upstream_km2":20.140703345338505,"hand_m":0.31667073567708337,"area_in_meters":131.19290161132812,"confidence":0.7968999743461609}},{"type":"Feature","geometry":null,"properties":{"risk_score":1.3254319474144531,"verdict":"RED_BLOCKS_DRAINAGE","lost_frac":0,"flow_frac":1.0,"upstream_km2":3.742095470428467,"hand_m":50,"area_in_meters":1437.12939453125,"confidence":0.8593999743461609}},{"type":"Feature","geometry":null,"properties":{"risk_score":2.8590987292321377,"verdict":"RED_BLOCKS_DRAINAGE","lost_frac":0,"flow_frac":1.0,"upstream_km2":27.717084884643555,"hand_m":50,"area_in_meters":309.48089599609375,"confidence":0.8593999743461609}},{"type":"Feature","geometry":null,"properties":{"risk_score":2.025964002274918,"verdict":"RED_BLOCKS_DRAINAGE","lost_frac":0,"flow_frac":1.0,"upstream_km2":9.795472145080566,"hand_m":50,"area_in_meters":40.12689971923828,"confidence":0.7232000231742859}},{"type":"Feature","geometry":null,"properties":{"risk_score":2.0246478708252256,"verdict":"RED_BLOCKS_DRAINAGE","lost_frac":0,"flow_frac":1.0,"upstream_km2":9.778800010681152,"hand_m":50,"area_in_meters":47.96070098876953,"confidence":0.7232000231742859}},{"type":"Feature","geometry":null,"properties":{"risk_score":2.9151464477716975,"verdict":"RED_BLOCKS_DRAINAGE","lost_frac":0,"flow_frac":1.0,"upstream_km2":29.6707706451416,"hand_m":50,"area_in_meters":189.30250549316406,"confidence":0.7857000231742859}},{"type":"Feature","geometry":null,"properties":{"risk_score":2.7847691750353207,"verdict":"RED_BLOCKS_DRAINAGE","lost_frac":0,"flow_frac":1.0,"upstream_km2":25.31675148010254,"hand_m":50,"area_in_meters":174.05270385742188,"confidence":0.8482000231742859}},{"type":"Feature","geometry":null,"properties":{"risk_score":1.218722239743642,"verdict":"RED_BLOCKS_DRAINAGE","lost_frac":0,"flow_frac":1.0,"upstream_km2":3.1835825443267822,"hand_m":50,"area_in_meters":95.14620208740234,"confidence":0.7912999987602234}},{"type":"Feature","geometry":null,"properties":{"risk_score":2.7057893747707973,"verdict":"RED_BLOCKS_DRAINAGE","lost_frac":0,"flow_frac":1.0,"upstream_km2":22.98571014404297,"hand_m":50,"area_in_meters":346.49749755859375,"confidence":0.8537999987602234}},{"type":"Feature","geometry":null,"properties":{"risk_score":2.7574605196361532,"verdict":"RED_BLOCKS_DRAINAGE","lost_frac":0,"flow_frac":1.0,"upstream_km2":24.486186981201172,"hand_m":50,"area_in_meters":116.49610137939453,"confidence":0.8537999987602234}},{"type":"Feature","geometry":null,"properties":{"risk_score":3.728600488238766,"verdict":"RED_BLOCKS_DRAINAGE","lost_frac":0,"flow_frac":1.0,"upstream_km2":78.72348022460938,"hand_m":50,"area_in_meters":199.97230529785156,"confidence":0.8537999987602234}},{"type":"Feature","geometry":null,"properties":{"risk_score":2.273682183634779,"verdict":"AMBER_PARTIAL","lost_frac":0,"flow_frac":0.3928571428571429,"upstream_km2":0.9021689267163833,"hand_m":3.824992588588171,"area_in_meters":282.5840148925781,"confidence":0.7400000095367432}},{"type":"Feature","geometry":null,"properties":{"risk_score":3.026158519819204,"verdict":"RED_BLOCKS_DRAINAGE","lost_frac":0,"flow_frac":1.0,"upstream_km2":33.941443703391336,"hand_m":50,"area_in_meters":42.2848014831543,"confidence":0.7400000095367432}},{"type":"Feature","geometry":null,"properties":{"risk_score":2.8927771974096195,"verdict":"RED_BLOCKS_DRAINAGE","lost_frac":0,"flow_frac":1.0,"upstream_km2":28.875581741333008,"hand_m":50,"area_in_meters":191.04319763183594,"confidence":0.8025000095367432}},{"type":"Feature","geometry":null,"properties":{"risk_score":15.872036165356269,"verdict":"AMBER_PARTIAL","lost_frac":0,"flow_frac":0.36666666666666664,"upstream_km2":28.829989768440523,"hand_m":2.4066589355468753,"area_in_meters":111.04979705810547,"confidence":0.8025000095367432}},{"type":"Feature","geometry":null,"properties":{"risk_score":1.7528822732789648,"verdict":"RED_BLOCKS_DRAINAGE","lost_frac":0,"flow_frac":1.0,"upstream_km2":6.833754539489746,"hand_m":50,"area_in_meters":146.94119262695312,"confidence":0.8025000095367432}},{"type":"Feature","geometry":null,"properties":{"risk_score":27.065866131400977,"verdict":"RED_BLOCKS_DRAINAGE","lost_frac":0,"flow_frac":0.8148148148148148,"upstream_km2":1.7336657334946926,"hand_m":0.3148170753761574,"area_in_meters":267.1455078125,"confidence":0.8650000095367432}},{"type":"Feature","geometry":null,"properties":{"risk_score":3.8530108277031716,"verdict":"GREEN_CLEAR","lost_frac":0,"flow_frac":0.07296137339055794,"upstream_km2":13.973376722883259,"hand_m":1.225608675060354,"area_in_meters":4030.7099,"confidence":0.8650000095367432}},{"type":"Feature","geometry":null,"properties":{"risk_score":1.2221083421189252,"verdict":"RED_BLOCKS_DRAINAGE","lost_frac":0,"flow_frac":1.0,"upstream_km2":3.2002511024475098,"hand_m":50,"area_in_meters":74.21070098876953,"confidence":0.8080999851226807}},{"type":"Feature","geometry":null,"properties":{"risk_score":1.1553618013596088,"verdict":"RED_BLOCKS_DRAINAGE","lost_frac":0,"flow_frac":1.0,"upstream_km2":2.8836002349853516,"hand_m":50,"area_in_meters":74.6072998046875,"confidence":0.8080999851226807}},{"type":"Feature","geometry":null,"properties":{"risk_score":2.7122756430907033,"verdict":"RED_BLOCKS_DRAINAGE","lost_frac":0,"flow_frac":1.0,"upstream_km2":23.169105529785156,"hand_m":50,"area_in_meters":47.12630081176758,"confidence":0.8080999851226807}},{"type":"Feature","geometry":null,"properties":{"risk_score":2.7271244655376394,"verdict":"RED_BLOCKS_DRAINAGE","lost_frac":0,"flow_frac":1.0,"upstream_km2":23.5942440032959,"hand_m":50,"area_in_meters":219.3874969482422,"confidence":0.8705999851226807}},{"type":"Feature","geometry":null,"properties":{"risk_score":66.17379206453532,"verdict":"RED_BLOCKS_DRAINAGE","lost_frac":0,"flow_frac":0.8244680851063828,"upstream_km2":17.51597535255999,"hand_m":0.5792531764253657,"area_in_meters":653.348388671875,"confidence":0.8705999851226807}},{"type":"Feature","geometry":null,"properties":{"risk_score":4.595989870710401,"verdict":"RED_BLOCKS_DRAINAGE","lost_frac":0,"flow_frac":1.0,"upstream_km2":219.7775115966797,"hand_m":50,"area_in_meters":112.62770080566406,"confidence":0.8705999851226807}},{"type":"Feature","geometry":null,"properties":{"risk_score":1.8140496831345745,"verdict":"RED_BLOCKS_DRAINAGE","lost_frac":0,"flow_frac":1.0,"upstream_km2":7.4171552658081055,"hand_m":50,"area_in_meters":97.65689849853516,"confidence":0.8705999851226807}},{"type":"Feature","geometry":null,"properties":{"risk_score":125.26673527025905,"verdict":"RED_BLOCKS_DRAINAGE","lost_frac":0,"flow_frac":0.9375,"upstream_km2":24.78312133741565,"hand_m":0.05624771118164063,"area_in_meters":695.061279296875,"confidence":0.9330999851226807}},{"type":"Feature","geometry":null,"properties":{"risk_score":2.6413523757593307,"verdict":"RED_BLOCKS_DRAINAGE","lost_frac":0,"flow_frac":1.0,"upstream_km2":21.237692042759484,"hand_m":50,"area_in_meters":2639.1856,"confidence":0.8248999714851379}},{"type":"Feature","geometry":null,"properties":{"risk_score":1.0928344351536234,"verdict":"RED_BLOCKS_DRAINAGE","lost_frac":0,"flow_frac":1.0,"upstream_km2":2.608656644821167,"hand_m":50,"area_in_meters":54.898399353027344,"confidence":0.8248999714851379}},{"type":"Feature","geometry":null,"properties":{"risk_score":1.0147431240022355,"verdict":"RED_BLOCKS_DRAINAGE","lost_frac":0,"flow_frac":1.0,"upstream_km2":2.2924485206604004,"hand_m":50,"area_in_meters":204.14480590820312,"confidence":0.8248999714851379}},{"type":"Feature","geometry":null,"properties":{"risk_score":95.65299707114363,"verdict":"RED_BLOCKS_DRAINAGE","lost_frac":0,"flow_frac":0.7500000000000001,"upstream_km2":20.83365232869983,"hand_m":0.04998779296875,"area_in_meters":175.07009887695312,"confidence":0.8873999714851379}},{"type":"Feature","geometry":null,"properties":{"risk_score":2.8605802543402374,"verdict":"RED_BLOCKS_DRAINAGE","lost_frac":0,"flow_frac":1.0,"upstream_km2":27.76708984375,"hand_m":50,"area_in_meters":352.0697021484375,"confidence":0.8873999714851379}},{"type":"Feature","geometry":null,"properties":{"risk_score":3.546441366039329,"verdict":"AMBER_PARTIAL","lost_frac":0,"flow_frac":0.3714285714285714,"upstream_km2":0.8600616808448518,"hand_m":1.8228341238839283,"area_in_meters":122.7166976928711,"confidence":0.7512000203132629}},{"type":"Feature","geometry":null,"properties":{"risk_score":1.0769333773081167,"verdict":"RED_BLOCKS_DRAINAGE","lost_frac":0,"flow_frac":1.0,"upstream_km2":2.541897773742676,"hand_m":50,"area_in_meters":209.6732940673828,"confidence":0.7512000203132629}},{"type":"Feature","geometry":null,"properties":{"risk_score":1.7032970380711034,"verdict":"GREEN_CLEAR","lost_frac":0,"flow_frac":0.1276595744680851,"upstream_km2":1.037730514884312,"hand_m":1.3170088098404253,"area_in_meters":168.0408935546875,"confidence":0.8137000203132629}},{"type":"Feature","geometry":null,"properties":{"risk_score":1.5997210591931168,"verdict":"GREEN_CLEAR","lost_frac":0,"flow_frac":0.1443298969072165,"upstream_km2":1.7120531153740342,"hand_m":2.9092992408988407,"area_in_meters":337.6578063964844,"confidence":0.8137000203132629}},{"type":"Feature","geometry":null,"properties":{"risk_score":1.0082505075556958,"verdict":"RED_BLOCKS_DRAINAGE","lost_frac":0,"flow_frac":1.0,"upstream_km2":2.2674410343170166,"hand_m":50,"area_in_meters":250.595703125,"confidence":0.8762000203132629}},{"type":"Feature","geometry":null,"properties":{"risk_score":1.0379858295247464,"verdict":"RED_BLOCKS_DRAINAGE","lost_frac":0,"flow_frac":1.0,"upstream_km2":2.3835513591766357,"hand_m":50,"area_in_meters":57.05929946899414,"confidence":0.7567999958992004}},{"type":"Feature","geometry":null,"properties":{"risk_score":2.7122756430907033,"verdict":"RED_BLOCKS_DRAINAGE","lost_frac":0,"flow_frac":1.0,"upstream_km2":23.169105529785156,"hand_m":50,"area_in_meters":181.7382049560547,"confidence":0.7567999958992004}},{"type":"Feature","geometry":null,"properties":{"risk_score":86.36024220889355,"verdict":"RED_BLOCKS_DRAINAGE","lost_frac":0,"flow_frac":0.7543859649122808,"upstream_km2":20.957484845333454,"hand_m":0.1719178316885965,"area_in_meters":186.13099670410156,"confidence":0.7567999958992004}},{"type":"Feature","geometry":null,"properties":{"risk_score":2.7195868167943518,"verdict":"RED_BLOCKS_DRAINAGE","lost_frac":0,"flow_frac":1.0,"upstream_km2":23.377506256103516,"hand_m":50,"area_in_meters":85.20709991455078,"confidence":0.7567999958992004}},{"type":"Feature","geometry":null,"properties":{"risk_score":20.34449292328903,"verdict":"RED_BLOCKS_DRAINAGE","lost_frac":0,"flow_frac":0.76,"upstream_km2":1.8444681042432785,"hand_m":0.6959912109375,"area_in_meters":85.6249008178711,"confidence":0.7567999958992004}},{"type":"Feature","geometry":null,"properties":{"risk_score":1.1553618013596088,"verdict":"RED_BLOCKS_DRAINAGE","lost_frac":0,"flow_frac":1.0,"upstream_km2":2.8836002349853516,"hand_m":50,"area_in_meters":126.25370025634766,"confidence":0.8192999958992004}},{"type":"Feature","geometry":null,"properties":{"risk_score":2.685119399620741,"verdict":"RED_BLOCKS_DRAINAGE","lost_frac":0,"flow_frac":1.0,"upstream_km2":22.410511016845703,"hand_m":50,"area_in_meters":1337.7658,"confidence":0.8192999958992004}},{"type":"Feature","geometry":null,"properties":{"risk_score":45.345465234717125,"verdict":"AMBER_PARTIAL","lost_frac":0,"flow_frac":0.46153846153846156,"upstream_km2":11.254557206510352,"hand_m":0.10769888070913461,"area_in_meters":93.8761978149414,"confidence":0.8192999958992004}},{"type":"Feature","geometry":null,"properties":{"risk_score":1.2102075795824938,"verdict":"RED_BLOCKS_DRAINAGE","lost_frac":0,"flow_frac":1.0,"upstream_km2":3.1419596672058105,"hand_m":50,"area_in_meters":55.394500732421875,"confidence":0.8192999958992004}},{"type":"Feature","geometry":null,"properties":{"risk_score":1.2050599037414342,"verdict":"RED_BLOCKS_DRAINAGE","lost_frac":0,"flow_frac":1.0,"upstream_km2":3.116997003555298,"hand_m":50,"area_in_meters":51.212100982666016,"confidence":0.8192999958992004}},{"type":"Feature","geometry":null,"properties":{"risk_score":18.02285941922777,"verdict":"AMBER_PARTIAL","lost_frac":0,"flow_frac":0.47572815533980584,"upstream_km2":3.5155219155210027,"hand_m":0.7281553398058253,"area_in_meters":352.794189453125,"confidence":0.8817999958992004}},{"type":"Feature","geometry":null,"properties":{"risk_score":1.973065289909979,"verdict":"RED_BLOCKS_DRAINAGE","lost_frac":0,"flow_frac":1.0,"upstream_km2":9.145262718200684,"hand_m":50,"area_in_meters":89.2874984741211,"confidence":0.7735999822616577}},{"type":"Feature","geometry":null,"properties":{"risk_score":2.625733414849012,"verdict":"RED_BLOCKS_DRAINAGE","lost_frac":0,"flow_frac":1.0,"upstream_km2":20.833534240722656,"hand_m":50,"area_in_meters":58.198001861572266,"confidence":0.7735999822616577}},{"type":"Feature","geometry":null,"properties":{"risk_score":31.687987090770402,"verdict":"RED_BLOCKS_DRAINAGE","lost_frac":0,"flow_frac":0.5692307692307693,"upstream_km2":16.86938313755852,"hand_m":1.2492412860576922,"area_in_meters":229.2528076171875,"confidence":0.8985999822616577}},{"type":"Feature","geometry":null,"properties":{"risk_score":9.277694254185578,"verdict":"RED_BLOCKS_DRAINAGE","lost_frac":0,"flow_frac":0.6542056074766357,"upstream_km2":1.521874096401245,"hand_m":1.8327049184068342,"area_in_meters":380.61199951171875,"confidence":0.8985999822616577}},{"type":"Feature","geometry":null,"properties":{"risk_score":1.0124383803323538,"verdict":"RED_BLOCKS_DRAINAGE","lost_frac":0,"flow_frac":1.0,"upstream_km2":2.2835495471954346,"hand_m":50,"area_in_meters":76.21160125732422,"confidence":0.7055000066757202}},{"type":"Feature","geometry":null,"properties":{"risk_score":2.7994755610117856,"verdict":"RED_BLOCKS_DRAINAGE","lost_frac":0,"flow_frac":1.0,"upstream_km2":25.775188446044922,"hand_m":50,"area_in_meters":53.26470184326172,"confidence":0.7680000066757202}},{"type":"Feature","geometry":null,"properties":{"risk_score":1.32092996898325,"verdict":"RED_BLOCKS_DRAINAGE","lost_frac":0,"flow_frac":1.0,"upstream_km2":3.7170913219451904,"hand_m":50,"area_in_meters":140.07510375976562,"confidence":0.7680000066757202}},{"type":"Feature","geometry":null,"properties":{"risk_score":1.218722239743642,"verdict":"RED_BLOCKS_DRAINAGE","lost_frac":0,"flow_frac":1.0,"upstream_km2":3.1835825443267822,"hand_m":50,"area_in_meters":87.5177993774414,"confidence":0.7680000066757202}},{"type":"Feature","geometry":null,"properties":{"risk_score":4.5901835501261115,"verdict":"RED_BLOCKS_DRAINAGE","lost_frac":0,"flow_frac":1.0,"upstream_km2":218.2772674560547,"hand_m":50,"area_in_meters":57.389801025390625,"confidence":0.8305000066757202}},{"type":"Feature","geometry":null,"properties":{"risk_score":2.8105513098530874,"verdict":"RED_BLOCKS_DRAINAGE","lost_frac":0,"flow_frac":1.0,"upstream_km2":26.125713348388672,"hand_m":50,"area_in_meters":219.55499267578125,"confidence":0.8930000066757202}},{"type":"Feature","geometry":null,"properties":{"risk_score":4.593059355429776,"verdict":"RED_BLOCKS_DRAINAGE","lost_frac":0,"flow_frac":1.0,"upstream_km2":219.01904296875,"hand_m":50,"area_in_meters":89.64009857177734,"confidence":0.71670001745224}},{"type":"Feature","geometry":null,"properties":{"risk_score":2.7057893747707973,"verdict":"RED_BLOCKS_DRAINAGE","lost_frac":0,"flow_frac":1.0,"upstream_km2":22.98571014404297,"hand_m":50,"area_in_meters":127.07630157470703,"confidence":0.77920001745224}},{"type":"Feature","geometry":null,"properties":{"risk_score":1.6104630958028578,"verdict":"RED_BLOCKS_DRAINAGE","lost_frac":0,"flow_frac":1.0,"upstream_km2":5.627293109893799,"hand_m":50,"area_in_meters":216.8323974609375,"confidence":0.90420001745224}},{"type":"Feature","geometry":null,"properties":{"risk_score":1.1947297997953303,"verdict":"RED_BLOCKS_DRAINAGE","lost_frac":0,"flow_frac":1.0,"upstream_km2":3.0673561096191406,"hand_m":50,"area_in_meters":200.00650024414062,"confidence":0.90420001745224}},{"type":"Feature","geometry":null,"properties":{"risk_score":2.626707973705372,"verdict":"RED_BLOCKS_DRAINAGE","lost_frac":0,"flow_frac":1.0,"upstream_km2":20.858535766601562,"hand_m":50,"area_in_meters":96.57530212402344,"confidence":0.7222999930381775}},{"type":"Feature","geometry":null,"properties":{"risk_score":2.6396542749297622,"verdict":"RED_BLOCKS_DRAINAGE","lost_frac":0,"flow_frac":1.0,"upstream_km2":21.193391799926758,"hand_m":50,"area_in_meters":127.25479888916016,"confidence":0.7847999930381775}},{"type":"Feature","geometry":null,"properties":{"risk_score":1.0015619133127636,"verdict":"RED_BLOCKS_DRAINAGE","lost_frac":0,"flow_frac":1.0,"upstream_km2":2.241877317428589,"hand_m":50,"area_in_meters":149.0063018798828,"confidence":0.8472999930381775}},{"type":"Feature","geometry":null,"properties":{"risk_score":2.8605802543402374,"verdict":"RED_BLOCKS_DRAINAGE","lost_frac":0,"flow_frac":1.0,"upstream_km2":27.76708984375,"hand_m":50,"area_in_meters":55.89979934692383,"confidence":0.7390999794006348}},{"type":"Feature","geometry":null,"properties":{"risk_score":1.218722239743642,"verdict":"RED_BLOCKS_DRAINAGE","lost_frac":0,"flow_frac":1.0,"upstream_km2":3.1835825443267822,"hand_m":50,"area_in_meters":107.81269836425781,"confidence":0.7390999794006348}},{"type":"Feature","geometry":null,"properties":{"risk_score":1.1929829868770292,"verdict":"RED_BLOCKS_DRAINAGE","lost_frac":0,"flow_frac":1.0,"upstream_km2":3.059021234512329,"hand_m":50,"area_in_meters":139.9423065185547,"confidence":0.8640999794006348}},{"type":"Feature","geometry":null,"properties":{"risk_score":2.707563243983808,"verdict":"RED_BLOCKS_DRAINAGE","lost_frac":0,"flow_frac":1.0,"upstream_km2":23.03572654724121,"hand_m":50,"area_in_meters":119.34760284423828,"confidence":0.7279000282287598}},{"type":"Feature","geometry":null,"properties":{"risk_score":6.115395345155479,"verdict":"GREEN_CLEAR","lost_frac":0,"flow_frac":0.13043478260869565,"upstream_km2":24.499751763823237,"hand_m":1.9999893851902173,"area_in_meters":154.96890258789062,"confidence":0.7279000282287598}},{"type":"Feature","geometry":null,"properties":{"risk_score":4.462602477385513,"verdict":"RED_BLOCKS_DRAINAGE","lost_frac":0,"flow_frac":1.0,"upstream_km2":187.76751708984375,"hand_m":50,"area_in_meters":112.31189727783203,"confidence":0.7279000282287598}},{"type":"Feature","geometry":null,"properties":{"risk_score":2.625733414849012,"verdict":"RED_BLOCKS_DRAINAGE","lost_frac":0,"flow_frac":1.0,"upstream_km2":20.833534240722656,"hand_m":50,"area_in_meters":82.18340301513672,"confidence":0.7279000282287598}},{"type":"Feature","geometry":null,"properties":{"risk_score":1.0769333773081167,"verdict":"RED_BLOCKS_DRAINAGE","lost_frac":0,"flow_frac":1.0,"upstream_km2":2.541897773742676,"hand_m":50,"area_in_meters":73.5479965209961,"confidence":0.7904000282287598}},{"type":"Feature","geometry":null,"properties":{"risk_score":1.218722239743642,"verdict":"RED_BLOCKS_DRAINAGE","lost_frac":0,"flow_frac":1.0,"upstream_km2":3.1835825443267822,"hand_m":50,"area_in_meters":62.59669876098633,"confidence":0.7904000282287598}},{"type":"Feature","geometry":null,"properties":{"risk_score":1.8032596472328442,"verdict":"RED_BLOCKS_DRAINAGE","lost_frac":0,"flow_frac":1.0,"upstream_km2":7.3111748695373535,"hand_m":50,"area_in_meters":132.5572967529297,"confidence":0.8529000282287598}},{"type":"Feature","geometry":null,"properties":{"risk_score":1.184110060343759,"verdict":"RED_BLOCKS_DRAINAGE","lost_frac":0,"flow_frac":1.0,"upstream_km2":3.0169472694396973,"hand_m":50,"area_in_meters":98.75589752197266,"confidence":0.7335000038146973}},{"type":"Feature","geometry":null,"properties":{"risk_score":2.626707973705372,"verdict":"RED_BLOCKS_DRAINAGE","lost_frac":0,"flow_frac":1.0,"upstream_km2":20.858535766601562,"hand_m":50,"area_in_meters":160.05599975585938,"confidence":0.7335000038146973}},{"type":"Feature","geometry":null,"properties":{"risk_score":1.077734470813978,"verdict":"RED_BLOCKS_DRAINAGE","lost_frac":0,"flow_frac":1.0,"upstream_km2":2.5452313423156734,"hand_m":50,"area_in_meters":196.4674072265625,"confidence":0.7960000038146973}},{"type":"Feature","geometry":null,"properties":{"risk_score":2.7574605196361532,"verdict":"RED_BLOCKS_DRAINAGE","lost_frac":0,"flow_frac":1.0,"upstream_km2":24.486186981201172,"hand_m":50,"area_in_meters":50.16270065307617,"confidence":0.8585000038146973}},{"type":"Feature","geometry":null,"properties":{"risk_score":32.76747783133356,"verdict":"RED_BLOCKS_DRAINAGE","lost_frac":0,"flow_frac":0.8484848484848486,"upstream_km2":2.5964852592371632,"hand_m":0.43939763849431823,"area_in_meters":114.78209686279297,"confidence":0.7502999901771545}},{"type":"Feature","geometry":null,"properties":{"risk_score":1.8962278063645228,"verdict":"RED_BLOCKS_DRAINAGE","lost_frac":0,"flow_frac":1.0,"upstream_km2":8.26992416381836,"hand_m":50,"area_in_meters":72.53140258789062,"confidence":0.744700014591217}},{"type":"Feature","geometry":null,"properties":{"risk_score":2.7562062635269173,"verdict":"RED_BLOCKS_DRAINAGE","lost_frac":0,"flow_frac":1.0,"upstream_km2":24.44867610931396,"hand_m":50,"area_in_meters":192.2716064453125,"confidence":0.807200014591217}},{"type":"Feature","geometry":null,"properties":{"risk_score":1.0015619133127636,"verdict":"RED_BLOCKS_DRAINAGE","lost_frac":0,"flow_frac":1.0,"upstream_km2":2.241877317428589,"hand_m":50,"area_in_meters":266.1466064453125,"confidence":0.869700014591217}},{"type":"Feature","geometry":null,"properties":{"risk_score":4.934935595412194,"verdict":"AMBER_PARTIAL","lost_frac":0,"flow_frac":0.3103448275862069,"upstream_km2":0.8871510434767297,"hand_m":0.7344739190463362,"area_in_meters":95.68589782714844,"confidence":0.869700014591217}},{"type":"Feature","geometry":null,"properties":{"risk_score":2.754950157303483,"verdict":"RED_BLOCKS_DRAINAGE","lost_frac":0,"flow_frac":1.0,"upstream_km2":24.411165237426758,"hand_m":50,"area_in_meters":279.1310119628906,"confidence":0.869700014591217}},{"type":"Feature","geometry":null,"properties":{"risk_score":2.8042594363021713,"verdict":"RED_BLOCKS_DRAINAGE","lost_frac":0,"flow_frac":1.0,"upstream_km2":25.926029205322266,"hand_m":50,"area_in_meters":184.639892578125,"confidence":0.7045999765396118}},{"type":"Feature","geometry":null,"properties":{"risk_score":2.8047864828025286,"verdict":"RED_BLOCKS_DRAINAGE","lost_frac":0,"flow_frac":1.0,"upstream_km2":25.942699432373047,"hand_m":50,"area_in_meters":239.16189575195312,"confidence":0.7045999765396118}},{"type":"Feature","geometry":null,"properties":{"risk_score":1.0789346998056413,"verdict":"RED_BLOCKS_DRAINAGE","lost_frac":0,"flow_frac":1.0,"upstream_km2":2.550231695175171,"hand_m":50,"area_in_meters":121.64450073242188,"confidence":0.7670999765396118}},{"type":"Feature","geometry":null,"properties":{"risk_score":2.842658767376706,"verdict":"RED_BLOCKS_DRAINAGE","lost_frac":0,"flow_frac":1.0,"upstream_km2":27.167997360229492,"hand_m":50,"area_in_meters":63.86589813232422,"confidence":0.8295999765396118}},{"type":"Feature","geometry":null,"properties":{"risk_score":133.97459941433752,"verdict":"RED_BLOCKS_DRAINAGE","lost_frac":0,"flow_frac":0.9722222222222223,"upstream_km2":28.76600795994616,"hand_m":0.06944444444444445,"area_in_meters":120.39430236816406,"confidence":0.8295999765396118}},{"type":"Feature","geometry":null,"properties":{"risk_score":1.7961561780654347,"verdict":"RED_BLOCKS_DRAINAGE","lost_frac":0,"flow_frac":1.0,"upstream_km2":7.242133617401123,"hand_m":50,"area_in_meters":99.61859893798828,"confidence":0.8295999765396118}},{"type":"Feature","geometry":null,"properties":{"risk_score":2.384922637330153,"verdict":"RED_BLOCKS_DRAINAGE","lost_frac":0,"flow_frac":1.0,"upstream_km2":15.455479621887207,"hand_m":50,"area_in_meters":121.32420349121094,"confidence":0.8295999765396118}},{"type":"Feature","geometry":null,"properties":{"risk_score":6.02016010030662,"verdict":"AMBER_PARTIAL","lost_frac":0,"flow_frac":0.39403973509933776,"upstream_km2":2.0016722544250602,"hand_m":2.1245032304170115,"area_in_meters":1038.306884765625,"confidence":0.8295999765396118}},{"type":"Feature","geometry":null,"properties":{"risk_score":2.685119399620741,"verdict":"RED_BLOCKS_DRAINAGE","lost_frac":0,"flow_frac":1.0,"upstream_km2":22.410511016845703,"hand_m":50,"area_in_meters":179.50039672851562,"confidence":0.8920999765396118}},{"type":"Feature","geometry":null,"properties":{"risk_score":1.8498037939372234,"verdict":"RED_BLOCKS_DRAINAGE","lost_frac":0,"flow_frac":1.0,"upstream_km2":7.778088092803955,"hand_m":50,"area_in_meters":127.69149780273438,"confidence":0.8920999765396118}},{"type":"Feature","geometry":null,"properties":{"risk_score":1.0124383803323538,"verdict":"RED_BLOCKS_DRAINAGE","lost_frac":0,"flow_frac":1.0,"upstream_km2":2.2835495471954346,"hand_m":50,"area_in_meters":43.40420150756836,"confidence":0.7559000253677368}},{"type":"Feature","geometry":null,"properties":{"risk_score":2.7195868167943518,"verdict":"RED_BLOCKS_DRAINAGE","lost_frac":0,"flow_frac":1.0,"upstream_km2":23.377506256103516,"hand_m":50,"area_in_meters":125.35659790039062,"confidence":0.8184000253677368}},{"type":"Feature","geometry":null,"properties":{"risk_score":2.1127822565205743,"verdict":"RED_BLOCKS_DRAINAGE","lost_frac":0,"flow_frac":1.0,"upstream_km2":10.954156875610352,"hand_m":50,"area_in_meters":110.4822998046875,"confidence":0.8184000253677368}},{"type":"Feature","geometry":null,"properties":{"risk_score":2.7574605196361532,"verdict":"RED_BLOCKS_DRAINAGE","lost_frac":0,"flow_frac":1.0,"upstream_km2":24.486186981201172,"hand_m":50,"area_in_meters":221.33810424804688,"confidence":0.8809000253677368}},{"type":"Feature","geometry":null,"properties":{"risk_score":2.709248925736882,"verdict":"RED_BLOCKS_DRAINAGE","lost_frac":0,"flow_frac":1.0,"upstream_km2":23.08335304260254,"hand_m":50,"area_in_meters":42.470699310302734,"confidence":0.7615000009536743}},{"type":"Feature","geometry":null,"properties":{"risk_score":2.1729492559045873,"verdict":"RED_BLOCKS_DRAINAGE","lost_frac":0,"flow_frac":1.0,"upstream_km2":11.829334259033203,"hand_m":50,"area_in_meters":46.59640121459961,"confidence":0.7615000009536743}},{"type":"Feature","geometry":null,"properties":{"risk_score":8.15378511129585,"verdict":"AMBER_PARTIAL","lost_frac":0,"flow_frac":0.4339622641509434,"upstream_km2":1.3951182812452316,"hand_m":1.0188610148879718,"area_in_meters":184.1510009765625,"confidence":0.8240000009536743}},{"type":"Feature","geometry":null,"properties":{"risk_score":2.9139885607176033,"verdict":"RED_BLOCKS_DRAINAGE","lost_frac":0,"flow_frac":1.0,"upstream_km2":29.62909507751465,"hand_m":50,"area_in_meters":179.02340698242188,"confidence":0.8240000009536743}},{"type":"Feature","geometry":null,"properties":{"risk_score":34.78400989954047,"verdict":"RED_BLOCKS_DRAINAGE","lost_frac":0,"flow_frac":0.7272727272727273,"upstream_km2":20.190459658137776,"hand_m":1.772727272727273,"area_in_meters":42.29159927368164,"confidence":0.7157999873161316}},{"type":"Feature","geometry":null,"properties":{"risk_score":11.620705253386681,"verdict":"RED_BLOCKS_DRAINAGE","lost_frac":0,"flow_frac":0.5897435897435896,"upstream_km2":4.377639030798887,"hand_m":2.707707331730769,"area_in_meters":138.63380432128906,"confidence":0.7782999873161316}},{"type":"Feature","geometry":null,"properties":{"risk_score":1.027435735880982,"verdict":"RED_BLOCKS_DRAINAGE","lost_frac":0,"flow_frac":1.0,"upstream_km2":2.341890573501587,"hand_m":50,"area_in_meters":110.38259887695312,"confidence":0.7782999873161316}},{"type":"Feature","geometry":null,"properties":{"risk_score":1.1858824641106303,"verdict":"RED_BLOCKS_DRAINAGE","lost_frac":0,"flow_frac":1.0,"upstream_km2":3.0253167152404785,"hand_m":50,"area_in_meters":138.93829345703125,"confidence":0.8407999873161316}},{"type":"Feature","geometry":null,"properties":{"risk_score":5.5854954517439745,"verdict":"AMBER_PARTIAL","lost_frac":0,"flow_frac":0.2555555555555556,"upstream_km2":1.9015144113865166,"hand_m":1.1166666666666667,"area_in_meters":308.69879150390625,"confidence":0.9032999873161316}},{"type":"Feature","geometry":null,"properties":{"risk_score":2.897846339079179,"verdict":"RED_BLOCKS_DRAINAGE","lost_frac":0,"flow_frac":1.0,"upstream_km2":29.053955078125,"hand_m":50,"area_in_meters":283.45660400390625,"confidence":0.9032999873161316}},{"type":"Feature","geometry":null,"properties":{"risk_score":1.08093138689451,"verdict":"RED_BLOCKS_DRAINAGE","lost_frac":0,"flow_frac":1.0,"upstream_km2":2.558565855026245,"hand_m":50,"area_in_meters":126.8270034790039,"confidence":0.7102000117301941}},{"type":"Feature","geometry":null,"properties":{"risk_score":2.7109091925103903,"verdict":"RED_BLOCKS_DRAINAGE","lost_frac":0,"flow_frac":1.0,"upstream_km2":23.130353721412455,"hand_m":50,"area_in_meters":132.98019409179688,"confidence":0.7727000117301941}},{"type":"Feature","geometry":null,"properties":{"risk_score":2.8429107121978765,"verdict":"RED_BLOCKS_DRAINAGE","lost_frac":0,"flow_frac":1.0,"upstream_km2":27.176332473754883,"hand_m":50,"area_in_meters":98.19259643554688,"confidence":0.7727000117301941}},{"type":"Feature","geometry":null,"properties":{"risk_score":4.5901835501261115,"verdict":"RED_BLOCKS_DRAINAGE","lost_frac":0,"flow_frac":1.0,"upstream_km2":218.2772674560547,"hand_m":50,"area_in_meters":72.99549865722656,"confidence":0.7727000117301941}},{"type":"Feature","geometry":null,"properties":{"risk_score":11.036706250822995,"verdict":"AMBER_PARTIAL","lost_frac":0,"flow_frac":0.27868852459016397,"upstream_km2":6.614502805911127,"hand_m":1.2262383132684427,"area_in_meters":209.610595703125,"confidence":0.7727000117301941}},{"type":"Feature","geometry":null,"properties":{"risk_score":2.711688025763225,"verdict":"RED_BLOCKS_DRAINAGE","lost_frac":0,"flow_frac":1.0,"upstream_km2":23.152433395385742,"hand_m":50,"area_in_meters":116.9343032836914,"confidence":0.8352000117301941}},{"type":"Feature","geometry":null,"properties":{"risk_score":3.6644506389741767,"verdict":"RED_BLOCKS_DRAINAGE","lost_frac":0,"flow_frac":1.0,"upstream_km2":72.93836212158203,"hand_m":50,"area_in_meters":116.22660064697266,"confidence":0.8977000117301941}},{"type":"Feature","geometry":null,"properties":{"risk_score":2.8608269530142323,"verdict":"RED_BLOCKS_DRAINAGE","lost_frac":0,"flow_frac":1.0,"upstream_km2":27.77542495727539,"hand_m":50,"area_in_meters":75.9448013305664,"confidence":0.8519999980926514}},{"type":"Feature","geometry":null,"properties":{"risk_score":1.32092996898325,"verdict":"RED_BLOCKS_DRAINAGE","lost_frac":0,"flow_frac":1.0,"upstream_km2":3.7170913219451904,"hand_m":50,"area_in_meters":127.3541030883789,"confidence":0.8519999980926514}},{"type":"Feature","geometry":null,"properties":{"risk_score":2.6396542749297622,"verdict":"RED_BLOCKS_DRAINAGE","lost_frac":0,"flow_frac":1.0,"upstream_km2":21.193391799926758,"hand_m":50,"area_in_meters":110.11409759521484,"confidence":0.8519999980926514}},{"type":"Feature","geometry":null,"properties":{"risk_score":1.2871678626620489,"verdict":"RED_BLOCKS_DRAINAGE","lost_frac":0,"flow_frac":1.0,"upstream_km2":3.5337295532226562,"hand_m":50,"area_in_meters":113.37590026855469,"confidence":0.8519999980926514}},{"type":"Feature","geometry":null,"properties":{"risk_score":7.0131460439683995,"verdict":"AMBER_PARTIAL","lost_frac":0,"flow_frac":0.2962962962962963,"upstream_km2":14.349716471232199,"hand_m":4.011119701244213,"area_in_meters":96.7947006225586,"confidence":0.8519999980926514}},{"type":"Feature","geometry":null,"properties":{"risk_score":17.883847014630273,"verdict":"AMBER_PARTIAL","lost_frac":0,"flow_frac":0.48780487804878053,"upstream_km2":37.653731229033596,"hand_m":3.329268292682927,"area_in_meters":253.14630126953125,"confidence":0.9144999980926514}},{"type":"Feature","geometry":null,"properties":{"risk_score":1.138760133573657,"verdict":"RED_BLOCKS_DRAINAGE","lost_frac":0,"flow_frac":1.0,"upstream_km2":2.8086202144622803,"hand_m":50,"area_in_meters":140.33079528808594,"confidence":0.7325999736785889}},{"type":"Feature","geometry":null,"properties":{"risk_score":83.72346117452068,"verdict":"RED_BLOCKS_DRAINAGE","lost_frac":0,"flow_frac":0.8125,"upstream_km2":18.995786835381296,"hand_m":0.26250457763671875,"area_in_meters":57.950599670410156,"confidence":0.8575999736785889}},{"type":"Feature","geometry":null,"properties":{"risk_score":18.493077781618602,"verdict":"AMBER_PARTIAL","lost_frac":0,"flow_frac":0.41891891891891886,"upstream_km2":2.8850888124339886,"hand_m":0.33515476536106414,"area_in_meters":243.11399841308594,"confidence":0.8575999736785889}},{"type":"Feature","geometry":null,"properties":{"risk_score":7.235904815731506,"verdict":"AMBER_PARTIAL","lost_frac":0,"flow_frac":0.3333333333333333,"upstream_km2":7.723035221298535,"hand_m":3.3333333333333335,"area_in_meters":67.52729797363281,"confidence":0.8575999736785889}},{"type":"Feature","geometry":null,"properties":{"risk_score":1.027546844404844,"verdict":"RED_BLOCKS_DRAINAGE","lost_frac":0,"flow_frac":1.0,"upstream_km2":2.3423266410827637,"hand_m":50,"area_in_meters":43.38019943237305,"confidence":0.8575999736785889}},{"type":"Feature","geometry":null,"properties":{"risk_score":1.9459558196306044,"verdict":"GREEN_CLEAR","lost_frac":0,"flow_frac":0.12068965517241378,"upstream_km2":1.9726719730373086,"hand_m":1.9344934923895472,"area_in_meters":193.83799743652344,"confidence":0.8575999736785889}},{"type":"Feature","geometry":null,"properties":{"risk_score":1.1964730367849845,"verdict":"RED_BLOCKS_DRAINAGE","lost_frac":0,"flow_frac":1.0,"upstream_km2":3.075690984725952,"hand_m":50,"area_in_meters":107.40080261230469,"confidence":0.8575999736785889}},{"type":"Feature","geometry":null,"properties":{"risk_score":12.335236526309446,"verdict":"AMBER_PARTIAL","lost_frac":0,"flow_frac":0.2,"upstream_km2":4.193375700712204,"hand_m":0.16000976562500002,"area_in_meters":66.25330352783203,"confidence":0.7839000225067139}},{"type":"Feature","geometry":null,"properties":{"risk_score":51.90963596941298,"verdict":"RED_BLOCKS_DRAINAGE","lost_frac":0,"flow_frac":0.6666666666666667,"upstream_km2":5.376656470820308,"hand_m":0.0333251953125,"area_in_meters":155.56170654296875,"confidence":0.8464000225067139}},{"type":"Feature","geometry":null,"properties":{"risk_score":1.2338736348166532,"verdict":"RED_BLOCKS_DRAINAGE","lost_frac":0,"flow_frac":1.0,"upstream_km2":3.258685350418091,"hand_m":50,"area_in_meters":161.11570739746094,"confidence":0.8464000225067139}},{"type":"Feature","geometry":null,"properties":{"risk_score":1.3087953906972356,"verdict":"RED_BLOCKS_DRAINAGE","lost_frac":0,"flow_frac":1.0,"upstream_km2":3.6503500938415527,"hand_m":50,"area_in_meters":168.3686065673828,"confidence":0.9089000225067139}},{"type":"Feature","geometry":null,"properties":{"risk_score":2.625733414849012,"verdict":"RED_BLOCKS_DRAINAGE","lost_frac":0,"flow_frac":1.0,"upstream_km2":20.833534240722656,"hand_m":50,"area_in_meters":106.26309967041016,"confidence":0.8062999844551086}},{"type":"Feature","geometry":null,"properties":{"risk_score":2.726258167272088,"verdict":"RED_BLOCKS_DRAINAGE","lost_frac":0,"flow_frac":1.0,"upstream_km2":23.569236755371094,"hand_m":50,"area_in_meters":89.14350128173828,"confidence":0.8062999844551086}},{"type":"Feature","geometry":null,"properties":{"risk_score":1.8140496831345745,"verdict":"RED_BLOCKS_DRAINAGE","lost_frac":0,"flow_frac":1.0,"upstream_km2":7.4171552658081055,"hand_m":50,"area_in_meters":94.06189727783203,"confidence":0.8687999844551086}},{"type":"Feature","geometry":null,"properties":{"risk_score":1.0400836295383193,"verdict":"RED_BLOCKS_DRAINAGE","lost_frac":0,"flow_frac":1.0,"upstream_km2":2.391896963119507,"hand_m":50,"area_in_meters":51.897300720214844,"confidence":0.7382000088691711}},{"type":"Feature","geometry":null,"properties":{"risk_score":2.804248699013101,"verdict":"RED_BLOCKS_DRAINAGE","lost_frac":0,"flow_frac":1.0,"upstream_km2":25.925689697265625,"hand_m":50,"area_in_meters":141.07400512695312,"confidence":0.7382000088691711}},{"type":"Feature","geometry":null,"properties":{"risk_score":1.0789346998056413,"verdict":"RED_BLOCKS_DRAINAGE","lost_frac":0,"flow_frac":1.0,"upstream_km2":2.550231695175171,"hand_m":50,"area_in_meters":86.90660095214844,"confidence":0.8007000088691711}},{"type":"Feature","geometry":null,"properties":{"risk_score":2.626707973705372,"verdict":"RED_BLOCKS_DRAINAGE","lost_frac":0,"flow_frac":1.0,"upstream_km2":20.858535766601562,"hand_m":50,"area_in_meters":88.46720123291016,"confidence":0.8632000088691711}},{"type":"Feature","geometry":null,"properties":{"risk_score":2.7195868167943518,"verdict":"RED_BLOCKS_DRAINAGE","lost_frac":0,"flow_frac":1.0,"upstream_km2":23.377506256103516,"hand_m":50,"area_in_meters":69.80809783935547,"confidence":0.8632000088691711}},{"type":"Feature","geometry":null,"properties":{"risk_score":117.20265629853569,"verdict":"RED_BLOCKS_DRAINAGE","lost_frac":0,"flow_frac":0.92,"upstream_km2":28.348342298045758,"hand_m":0.152001953125,"area_in_meters":87.8051986694336,"confidence":0.7549999952316284}},{"type":"Feature","geometry":null,"properties":{"risk_score":1.0463235607414698,"verdict":"RED_BLOCKS_DRAINAGE","lost_frac":0,"flow_frac":1.0,"upstream_km2":2.4168429374694824,"hand_m":50,"area_in_meters":52.989601135253906,"confidence":0.8174999952316284}},{"type":"Feature","geometry":null,"properties":{"risk_score":2.713449662687177,"verdict":"RED_BLOCKS_DRAINAGE","lost_frac":0,"flow_frac":1.0,"upstream_km2":23.202449798583984,"hand_m":50,"area_in_meters":95.05380249023438,"confidence":0.8174999952316284}},{"type":"Feature","geometry":null,"properties":{"risk_score":2.026779889505415,"verdict":"RED_BLOCKS_DRAINAGE","lost_frac":0,"flow_frac":1.0,"upstream_km2":9.805820366431927,"hand_m":50,"area_in_meters":98.53970336914062,"confidence":0.8174999952316284}},{"type":"Feature","geometry":null,"properties":{"risk_score":2.754111722614967,"verdict":"RED_BLOCKS_DRAINAGE","lost_frac":0,"flow_frac":1.0,"upstream_km2":24.386157989501953,"hand_m":50,"area_in_meters":270.1510925292969,"confidence":0.8799999952316284}},{"type":"Feature","geometry":null,"properties":{"risk_score":2.626707973705372,"verdict":"RED_BLOCKS_DRAINAGE","lost_frac":0,"flow_frac":1.0,"upstream_km2":20.858535766601562,"hand_m":50,"area_in_meters":79.32270050048828,"confidence":0.7605999708175659}},{"type":"Feature","geometry":null,"properties":{"risk_score":3.727263939838414,"verdict":"RED_BLOCKS_DRAINAGE","lost_frac":0,"flow_frac":1.0,"upstream_km2":78.59844970703125,"hand_m":50,"area_in_meters":106.49510192871094,"confidence":0.7605999708175659}},{"type":"Feature","geometry":null,"properties":{"risk_score":1.0015619133127636,"verdict":"RED_BLOCKS_DRAINAGE","lost_frac":0,"flow_frac":1.0,"upstream_km2":2.241877317428589,"hand_m":50,"area_in_meters":60.011199951171875,"confidence":0.7605999708175659}},{"type":"Feature","geometry":null,"properties":{"risk_score":5.0048550390937665,"verdict":"AMBER_PARTIAL","lost_frac":0,"flow_frac":0.34615384615384615,"upstream_km2":1.0641850031052644,"hand_m":1.1769150954026444,"area_in_meters":271.893310546875,"confidence":0.8230999708175659}},{"type":"Feature","geometry":null,"properties":{"risk_score":32.46396204697042,"verdict":"RED_BLOCKS_DRAINAGE","lost_frac":0,"flow_frac":0.515625,"upstream_km2":14.085339508543257,"hand_m":0.8718986511230469,"area_in_meters":205.60360717773438,"confidence":0.8230999708175659}},{"type":"Feature","geometry":null,"properties":{"risk_score":1.2221083421189252,"verdict":"RED_BLOCKS_DRAINAGE","lost_frac":0,"flow_frac":1.0,"upstream_km2":3.2002511024475098,"hand_m":50,"area_in_meters":91.62840270996094,"confidence":0.8230999708175659}},{"type":"Feature","geometry":null,"properties":{"risk_score":1.7528822732789648,"verdict":"RED_BLOCKS_DRAINAGE","lost_frac":0,"flow_frac":1.0,"upstream_km2":6.833754539489746,"hand_m":50,"area_in_meters":133.02529907226562,"confidence":0.8230999708175659}},{"type":"Feature","geometry":null,"properties":{"risk_score":1.9758507251855266,"verdict":"RED_BLOCKS_DRAINAGE","lost_frac":0,"flow_frac":1.0,"upstream_km2":9.178502082824707,"hand_m":50,"area_in_meters":125.18109893798828,"confidence":0.8230999708175659}},{"type":"Feature","geometry":null,"properties":{"risk_score":2.754111722614967,"verdict":"RED_BLOCKS_DRAINAGE","lost_frac":0,"flow_frac":1.0,"upstream_km2":24.386157989501953,"hand_m":50,"area_in_meters":180.56390380859375,"confidence":0.8855999708175659}},{"type":"Feature","geometry":null,"properties":{"risk_score":1.2338736348166532,"verdict":"RED_BLOCKS_DRAINAGE","lost_frac":0,"flow_frac":1.0,"upstream_km2":3.258685350418091,"hand_m":50,"area_in_meters":145.68690490722656,"confidence":0.8855999708175659}},{"type":"Feature","geometry":null,"properties":{"risk_score":19.284757261849634,"verdict":"AMBER_PARTIAL","lost_frac":0,"flow_frac":0.3793103448275862,"upstream_km2":7.917031265538314,"hand_m":0.8689806707974138,"area_in_meters":101.93119812011719,"confidence":0.7494000196456909}},{"type":"Feature","geometry":null,"properties":{"risk_score":2.1020262207802123,"verdict":"RED_BLOCKS_DRAINAGE","lost_frac":0,"flow_frac":1.0,"upstream_km2":10.804113388061523,"hand_m":50,"area_in_meters":140.23129272460938,"confidence":0.7494000196456909}},{"type":"Feature","geometry":null,"properties":{"risk_score":1.8032596472328442,"verdict":"RED_BLOCKS_DRAINAGE","lost_frac":0,"flow_frac":1.0,"upstream_km2":7.3111748695373535,"hand_m":50,"area_in_meters":110.70269775390625,"confidence":0.7494000196456909}},{"type":"Feature","geometry":null,"properties":{"risk_score":2.746734327379937,"verdict":"RED_BLOCKS_DRAINAGE","lost_frac":0,"flow_frac":1.0,"upstream_km2":24.167177200317383,"hand_m":50,"area_in_meters":53.37969970703125,"confidence":0.7494000196456909}},{"type":"Feature","geometry":null,"properties":{"risk_score":1.1104182891191237,"verdict":"RED_BLOCKS_DRAINAGE","lost_frac":0,"flow_frac":1.0,"upstream_km2":2.6839466094970703,"hand_m":50,"area_in_meters":59.94459915161133,"confidence":0.7494000196456909}},{"type":"Feature","geometry":null,"properties":{"risk_score":2.6409327304017234,"verdict":"RED_BLOCKS_DRAINAGE","lost_frac":0,"flow_frac":1.0,"upstream_km2":21.226736068725586,"hand_m":50,"area_in_meters":263.5851135253906,"confidence":0.8119000196456909}},{"type":"Feature","geometry":null,"properties":{"risk_score":1.0463346721211475,"verdict":"RED_BLOCKS_DRAINAGE","lost_frac":0,"flow_frac":1.0,"upstream_km2":2.4168875217437744,"hand_m":50,"area_in_meters":83.29959869384766,"confidence":0.8119000196456909}},{"type":"Feature","geometry":null,"properties":{"risk_score":123.2744107166826,"verdict":"RED_BLOCKS_DRAINAGE","lost_frac":0,"flow_frac":0.9245283018867925,"upstream_km2":22.63880198568387,"hand_m":0.030185915389150945,"area_in_meters":203.15370178222656,"confidence":0.8744000196456909}},{"type":"Feature","geometry":null,"properties":{"risk_score":2.7195868167943518,"verdict":"RED_BLOCKS_DRAINAGE","lost_frac":0,"flow_frac":1.0,"upstream_km2":23.377506256103516,"hand_m":50,"area_in_meters":67.0885009765625,"confidence":0.7037000060081482}},{"type":"Feature","geometry":null,"properties":{"risk_score":13.592786584590776,"verdict":"AMBER_PARTIAL","lost_frac":0,"flow_frac":0.5,"upstream_km2":39.17419263767078,"hand_m":4.899993896484375,"area_in_meters":66.99949645996094,"confidence":0.7037000060081482}},{"type":"Feature","geometry":null,"properties":{"risk_score":1.1104182891191237,"verdict":"RED_BLOCKS_DRAINAGE","lost_frac":0,"flow_frac":1.0,"upstream_km2":2.6839466094970703,"hand_m":50,"area_in_meters":150.12350463867188,"confidence":0.7662000060081482}},{"type":"Feature","geometry":null,"properties":{"risk_score":1.1858749993172242,"verdict":"RED_BLOCKS_DRAINAGE","lost_frac":0,"flow_frac":1.0,"upstream_km2":3.0252814292907715,"hand_m":50,"area_in_meters":257.9130859375,"confidence":0.8287000060081482}},{"type":"Feature","geometry":null,"properties":{"risk_score":1.7207611418853623,"verdict":"RED_BLOCKS_DRAINAGE","lost_frac":0,"flow_frac":1.0,"upstream_km2":6.543765544891357,"hand_m":50,"area_in_meters":122.59719848632812,"confidence":0.8287000060081482}},{"type":"Feature","geometry":null,"properties":{"risk_score":1.0082505075556958,"verdict":"RED_BLOCKS_DRAINAGE","lost_frac":0,"flow_frac":1.0,"upstream_km2":2.2674410343170166,"hand_m":50,"area_in_meters":97.66649627685547,"confidence":0.8912000060081482}},{"type":"Feature","geometry":null,"properties":{"risk_score":1.1947297997953303,"verdict":"RED_BLOCKS_DRAINAGE","lost_frac":0,"flow_frac":1.0,"upstream_km2":3.0673561096191406,"hand_m":50,"area_in_meters":209.32659912109375,"confidence":0.8912000060081482}},{"type":"Feature","geometry":null,"properties":{"risk_score":2.8378574242611347,"verdict":"RED_BLOCKS_DRAINAGE","lost_frac":0,"flow_frac":1.0,"upstream_km2":27.009624481201172,"hand_m":50,"area_in_meters":185.10800170898438,"confidence":0.7092999815940857}},{"type":"Feature","geometry":null,"properties":{"risk_score":1.08093138689451,"verdict":"RED_BLOCKS_DRAINAGE","lost_frac":0,"flow_frac":1.0,"upstream_km2":2.558565855026245,"hand_m":50,"area_in_meters":85.4885025024414,"confidence":0.7717999815940857}},{"type":"Feature","geometry":null,"properties":{"risk_score":7.488465107717354,"verdict":"RED_BLOCKS_DRAINAGE","lost_frac":0,"flow_frac":0.575,"upstream_km2":1.6184988043271005,"hand_m":2.210005187988281,"area_in_meters":148.54440307617188,"confidence":0.7717999815940857}},{"type":"Feature","geometry":null,"properties":{"risk_score":2.1032280440847284,"verdict":"RED_BLOCKS_DRAINAGE","lost_frac":0,"flow_frac":1.0,"upstream_km2":10.820784568786621,"hand_m":50,"area_in_meters":138.30819702148438,"confidence":0.8967999815940857}},{"type":"Feature","geometry":null,"properties":{"risk_score":2.7486275125636572,"verdict":"RED_BLOCKS_DRAINAGE","lost_frac":0,"flow_frac":1.0,"upstream_km2":24.22319116592407,"hand_m":50,"area_in_meters":500.63519287109375,"confidence":0.8967999815940857}},{"type":"Feature","geometry":null,"properties":{"risk_score":2.846430192581938,"verdict":"RED_BLOCKS_DRAINAGE","lost_frac":0,"flow_frac":1.0,"upstream_km2":27.293025970458984,"hand_m":50,"area_in_meters":61.86880111694336,"confidence":0.8967999815940857}},{"type":"Feature","geometry":null,"properties":{"risk_score":3.728689473464577,"verdict":"RED_BLOCKS_DRAINAGE","lost_frac":0,"flow_frac":1.0,"upstream_km2":78.7318115234375,"hand_m":50,"area_in_meters":49.40660095214844,"confidence":0.714900016784668}},{"type":"Feature","geometry":null,"properties":{"risk_score":1.2338736348166532,"verdict":"RED_BLOCKS_DRAINAGE","lost_frac":0,"flow_frac":1.0,"upstream_km2":3.258685350418091,"hand_m":50,"area_in_meters":53.827301025390625,"confidence":0.714900016784668}},{"type":"Feature","geometry":null,"properties":{"risk_score":13.324580938643491,"verdict":"AMBER_PARTIAL","lost_frac":0,"flow_frac":0.34615384615384615,"upstream_km2":2.640122346436748,"hand_m":0.4577002892127404,"area_in_meters":189.19200134277344,"confidence":0.777400016784668}},{"type":"Feature","geometry":null,"properties":{"risk_score":1.0124383803323538,"verdict":"RED_BLOCKS_DRAINAGE","lost_frac":0,"flow_frac":1.0,"upstream_km2":2.2835495471954346,"hand_m":50,"area_in_meters":46.60020065307617,"confidence":0.777400016784668}},{"type":"Feature","geometry":null,"properties":{"risk_score":8.686409029697717,"verdict":"AMBER_PARTIAL","lost_frac":0,"flow_frac":0.25,"upstream_km2":7.332254723645747,"hand_m":1.6500091552734373,"area_in_meters":117.89600372314453,"confidence":0.777400016784668}},{"type":"Feature","geometry":null,"properties":{"risk_score":1.08093138689451,"verdict":"RED_BLOCKS_DRAINAGE","lost_frac":0,"flow_frac":1.0,"upstream_km2":2.558565855026245,"hand_m":50,"area_in_meters":97.652099609375,"confidence":0.839900016784668}},{"type":"Feature","geometry":null,"properties":{"risk_score":112.53155202418728,"verdict":"RED_BLOCKS_DRAINAGE","lost_frac":0,"flow_frac":0.9261862917398944,"upstream_km2":24.312349549889145,"hand_m":0.15500698525373463,"area_in_meters":3919.3955078125,"confidence":0.902400016784668}},{"type":"Feature","geometry":null,"properties":{"risk_score":2.754950157303483,"verdict":"RED_BLOCKS_DRAINAGE","lost_frac":0,"flow_frac":1.0,"upstream_km2":24.411165237426758,"hand_m":50,"area_in_meters":226.37989807128906,"confidence":0.902400016784668}},{"type":"Feature","geometry":null,"properties":{"risk_score":135.0792336092476,"verdict":"RED_BLOCKS_DRAINAGE","lost_frac":0,"flow_frac":0.9756097560975611,"upstream_km2":28.443312301959207,"hand_m":0.06097560975609757,"area_in_meters":278.489990234375,"confidence":0.7829999923706055}},{"type":"Feature","geometry":null,"properties":{"risk_score":2.7847691750353207,"verdict":"RED_BLOCKS_DRAINAGE","lost_frac":0,"flow_frac":1.0,"upstream_km2":25.31675148010254,"hand_m":50,"area_in_meters":48.829498291015625,"confidence":0.7829999923706055}},{"type":"Feature","geometry":null,"properties":{"risk_score":2.754111722614967,"verdict":"RED_BLOCKS_DRAINAGE","lost_frac":0,"flow_frac":1.0,"upstream_km2":24.386157989501953,"hand_m":50,"area_in_meters":64.57890319824219,"confidence":0.7829999923706055}},{"type":"Feature","geometry":null,"properties":{"risk_score":2.7086593503592282,"verdict":"RED_BLOCKS_DRAINAGE","lost_frac":0,"flow_frac":1.0,"upstream_km2":23.06668472290039,"hand_m":50,"area_in_meters":296.5452880859375,"confidence":0.7829999923706055}},{"type":"Feature","geometry":null,"properties":{"risk_score":2.900675722840846,"verdict":"RED_BLOCKS_DRAINAGE","lost_frac":0,"flow_frac":1.0,"upstream_km2":29.15397834777832,"hand_m":50,"area_in_meters":286.13299560546875,"confidence":0.7829999923706055}},{"type":"Feature","geometry":null,"properties":{"risk_score":2.625733414849012,"verdict":"RED_BLOCKS_DRAINAGE","lost_frac":0,"flow_frac":1.0,"upstream_km2":20.833534240722656,"hand_m":50,"area_in_meters":96.25370025634766,"confidence":0.8454999923706055}},{"type":"Feature","geometry":null,"properties":{"risk_score":2.1729492559045873,"verdict":"RED_BLOCKS_DRAINAGE","lost_frac":0,"flow_frac":1.0,"upstream_km2":11.829334259033203,"hand_m":50,"area_in_meters":104.38580322265625,"confidence":0.8454999923706055}},{"type":"Feature","geometry":null,"properties":{"risk_score":1.9807186124503784,"verdict":"RED_BLOCKS_DRAINAGE","lost_frac":0,"flow_frac":1.0,"upstream_km2":9.23685359954834,"hand_m":50,"area_in_meters":161.13780212402344,"confidence":0.7317000031471252}},{"type":"Feature","geometry":null,"properties":{"risk_score":2.9128290440072093,"verdict":"RED_BLOCKS_DRAINAGE","lost_frac":0,"flow_frac":1.0,"upstream_km2":29.587417602539062,"hand_m":50,"area_in_meters":52.3671989440918,"confidence":0.7317000031471252}},{"type":"Feature","geometry":null,"properties":{"risk_score":1.2221083421189252,"verdict":"RED_BLOCKS_DRAINAGE","lost_frac":0,"flow_frac":1.0,"upstream_km2":3.2002511024475098,"hand_m":50,"area_in_meters":92.23680114746094,"confidence":0.7942000031471252}},{"type":"Feature","geometry":null,"properties":{"risk_score":1.0769333773081167,"verdict":"RED_BLOCKS_DRAINAGE","lost_frac":0,"flow_frac":1.0,"upstream_km2":2.541897773742676,"hand_m":50,"area_in_meters":105.20079803466797,"confidence":0.8567000031471252}},{"type":"Feature","geometry":null,"properties":{"risk_score":3.6650265116495264,"verdict":"RED_BLOCKS_DRAINAGE","lost_frac":0,"flow_frac":1.0,"upstream_km2":72.9883804321289,"hand_m":50,"area_in_meters":163.26609802246094,"confidence":0.8567000031471252}},{"type":"Feature","geometry":null,"properties":{"risk_score":2.7057893747707973,"verdict":"RED_BLOCKS_DRAINAGE","lost_frac":0,"flow_frac":1.0,"upstream_km2":22.98571014404297,"hand_m":50,"area_in_meters":44.673099517822266,"confidence":0.7372999787330627}},{"type":"Feature","geometry":null,"properties":{"risk_score":82.1075319921164,"verdict":"RED_BLOCKS_DRAINAGE","lost_frac":0,"flow_frac":0.8378378378378379,"upstream_km2":19.59331827207997,"hand_m":0.3405464790962838,"area_in_meters":120.37529754638672,"confidence":0.7372999787330627}},{"type":"Feature","geometry":null,"properties":{"risk_score":2.7537424114100904,"verdict":"RED_BLOCKS_DRAINAGE","lost_frac":0,"flow_frac":1.0,"upstream_km2":24.375150680541992,"hand_m":50,"area_in_meters":58.20159912109375,"confidence":0.7997999787330627}},{"type":"Feature","geometry":null,"properties":{"risk_score":1.2271810506247398,"verdict":"RED_BLOCKS_DRAINAGE","lost_frac":0,"flow_frac":1.0,"upstream_km2":3.225346565246582,"hand_m":50,"area_in_meters":163.3114013671875,"confidence":0.7997999787330627}},{"type":"Feature","geometry":null,"properties":{"risk_score":43.254385541394605,"verdict":"RED_BLOCKS_DRAINAGE","lost_frac":0,"flow_frac":0.9411764705882353,"upstream_km2":2.4085522206390606,"hand_m":0.15882424747242646,"area_in_meters":119.48429870605469,"confidence":0.7997999787330627}},{"type":"Feature","geometry":null,"properties":{"risk_score":2.8927771974096195,"verdict":"RED_BLOCKS_DRAINAGE","lost_frac":0,"flow_frac":1.0,"upstream_km2":28.875581741333008,"hand_m":50,"area_in_meters":79.38510131835938,"confidence":0.7997999787330627}},{"type":"Feature","geometry":null,"properties":{"risk_score":2.734882007150012,"verdict":"RED_BLOCKS_DRAINAGE","lost_frac":0,"flow_frac":1.0,"upstream_km2":23.819316864013672,"hand_m":50,"area_in_meters":176.47549438476562,"confidence":0.8622999787330627}},{"type":"Feature","geometry":null,"properties":{"risk_score":2.746734327379937,"verdict":"RED_BLOCKS_DRAINAGE","lost_frac":0,"flow_frac":1.0,"upstream_km2":24.167177200317383,"hand_m":50,"area_in_meters":146.19869995117188,"confidence":0.7886000275611877}},{"type":"Feature","geometry":null,"properties":{"risk_score":2.728566428327632,"verdict":"RED_BLOCKS_DRAINAGE","lost_frac":0,"flow_frac":1.0,"upstream_km2":23.63592529296875,"hand_m":50,"area_in_meters":310.13800048828125,"confidence":0.7886000275611877}},{"type":"Feature","geometry":null,"properties":{"risk_score":99.97074873887544,"verdict":"RED_BLOCKS_DRAINAGE","lost_frac":0,"flow_frac":0.7543859649122808,"upstream_km2":21.789474739055883,"hand_m":0.024555407072368425,"area_in_meters":227.60400390625,"confidence":0.8511000275611877}},{"type":"Feature","geometry":null,"properties":{"risk_score":5.3480504496117,"verdict":"AMBER_PARTIAL","lost_frac":0,"flow_frac":0.4375,"upstream_km2":1.7257233618583996,"hand_m":2.562480926513672,"area_in_meters":113.41329956054688,"confidence":0.742900013923645}},{"type":"Feature","geometry":null,"properties":{"risk_score":2.7279899493783475,"verdict":"RED_BLOCKS_DRAINAGE","lost_frac":0,"flow_frac":1.0,"upstream_km2":23.619253158569336,"hand_m":50,"area_in_meters":291.3866882324219,"confidence":0.805400013923645}},{"type":"Feature","geometry":null,"properties":{"risk_score":2.7098156014042782,"verdict":"RED_BLOCKS_DRAINAGE","lost_frac":0,"flow_frac":1.0,"upstream_km2":23.099384828047317,"hand_m":50,"area_in_meters":52.0723991394043,"confidence":0.805400013923645}},{"type":"Feature","geometry":null,"properties":{"risk_score":1.396369090218598,"verdict":"GREEN_CLEAR","lost_frac":0,"flow_frac":0.11965811965811965,"upstream_km2":1.3081177077057142,"hand_m":2.112842005542201,"area_in_meters":403.62091064453125,"confidence":0.867900013923645}},{"type":"Feature","geometry":null,"properties":{"risk_score":1.3239221506075518,"verdict":"RED_BLOCKS_DRAINAGE","lost_frac":0,"flow_frac":1.0,"upstream_km2":3.7336952686309814,"hand_m":50,"area_in_meters":355.0994873046875,"confidence":0.930400013923645}},{"type":"Feature","geometry":null,"properties":{"risk_score":2.7057893747707973,"verdict":"RED_BLOCKS_DRAINAGE","lost_frac":0,"flow_frac":1.0,"upstream_km2":22.98571014404297,"hand_m":50,"area_in_meters":217.01849365234375,"confidence":0.7484999895095825}},{"type":"Feature","geometry":null,"properties":{"risk_score":20.053208922375426,"verdict":"AMBER_PARTIAL","lost_frac":0,"flow_frac":0.4761904761904762,"upstream_km2":1.774409301401604,"hand_m":0.0523681640625,"area_in_meters":181.8509979248047,"confidence":0.8109999895095825}},{"type":"Feature","geometry":null,"properties":{"risk_score":1.1964730367849845,"verdict":"RED_BLOCKS_DRAINAGE","lost_frac":0,"flow_frac":1.0,"upstream_km2":3.075690984725952,"hand_m":50,"area_in_meters":113.94930267333984,"confidence":0.8109999895095825}},{"type":"Feature","geometry":null,"properties":{"risk_score":17.739729142142878,"verdict":"AMBER_PARTIAL","lost_frac":0,"flow_frac":0.4,"upstream_km2":11.844969322532416,"hand_m":1.5000000000000002,"area_in_meters":161.20159912109375,"confidence":0.8109999895095825}},{"type":"Feature","geometry":null,"properties":{"risk_score":2.726258167272088,"verdict":"RED_BLOCKS_DRAINAGE","lost_frac":0,"flow_frac":1.0,"upstream_km2":23.569236755371094,"hand_m":50,"area_in_meters":94.49949645996094,"confidence":0.8734999895095825}},{"type":"Feature","geometry":null,"properties":{"risk_score":2.9139885607176033,"verdict":"RED_BLOCKS_DRAINAGE","lost_frac":0,"flow_frac":1.0,"upstream_km2":29.62909507751465,"hand_m":50,"area_in_meters":90.05750274658203,"confidence":0.8734999895095825}},{"type":"Feature","geometry":null,"properties":{"risk_score":1.2871678626620489,"verdict":"RED_BLOCKS_DRAINAGE","lost_frac":0,"flow_frac":1.0,"upstream_km2":3.5337295532226562,"hand_m":50,"area_in_meters":89.1947021484375,"confidence":0.8734999895095825}},{"type":"Feature","geometry":null,"properties":{"risk_score":1.3194122482109647,"verdict":"RED_BLOCKS_DRAINAGE","lost_frac":0,"flow_frac":1.0,"upstream_km2":3.7086915969848633,"hand_m":50,"area_in_meters":378.9984130859375,"confidence":0.8166000247001648}},{"type":"Feature","geometry":null,"properties":{"risk_score":1.2221083421189252,"verdict":"RED_BLOCKS_DRAINAGE","lost_frac":0,"flow_frac":1.0,"upstream_km2":3.2002511024475098,"hand_m":50,"area_in_meters":106.00920104980469,"confidence":0.8166000247001648}},{"type":"Feature","geometry":null,"properties":{"risk_score":2.942025512425793,"verdict":"RED_BLOCKS_DRAINAGE","lost_frac":0,"flow_frac":1.0,"upstream_km2":30.654321670532227,"hand_m":50,"area_in_meters":103.97250366210938,"confidence":0.8166000247001648}},{"type":"Feature","geometry":null,"properties":{"risk_score":2.1505646955547144,"verdict":"GREEN_CLEAR","lost_frac":0,"flow_frac":0.10526315789473684,"upstream_km2":2.714493855883024,"hand_m":1.7894736842105263,"area_in_meters":132.99110412597656,"confidence":0.8791000247001648}},{"type":"Feature","geometry":null,"properties":{"risk_score":1.3027723220978629,"verdict":"RED_BLOCKS_DRAINAGE","lost_frac":0,"flow_frac":1.0,"upstream_km2":3.6175742149353027,"hand_m":50,"area_in_meters":188.81930541992188,"confidence":0.8791000247001648}},{"type":"Feature","geometry":null,"properties":{"risk_score":2.7574605196361532,"verdict":"RED_BLOCKS_DRAINAGE","lost_frac":0,"flow_frac":1.0,"upstream_km2":24.486186981201172,"hand_m":50,"area_in_meters":270.5751953125,"confidence":0.9416000247001648}},{"type":"Feature","geometry":null,"properties":{"risk_score":36.95652446919937,"verdict":"RED_BLOCKS_DRAINAGE","lost_frac":0,"flow_frac":0.9166666666666667,"upstream_km2":2.093948283232749,"hand_m":0.21666463216145831,"area_in_meters":259.2915954589844,"confidence":0.7597000002861023}},{"type":"Feature","geometry":null,"properties":{"risk_score":2.3982633449992425,"verdict":"AMBER_PARTIAL","lost_frac":0,"flow_frac":0.20833333333333334,"upstream_km2":0.6767895609761277,"hand_m":0.9500096638997396,"area_in_meters":88.68560028076172,"confidence":0.7597000002861023}},{"type":"Feature","geometry":null,"properties":{"risk_score":1.2207088289494306,"verdict":"RED_BLOCKS_DRAINAGE","lost_frac":0,"flow_frac":1.0,"upstream_km2":3.1933537680527264,"hand_m":50,"area_in_meters":101.83100128173828,"confidence":0.8222000002861023}},{"type":"Feature","geometry":null,"properties":{"risk_score":9.406918238463078,"verdict":"AMBER_PARTIAL","lost_frac":0,"flow_frac":0.2682926829268293,"upstream_km2":1.8395445560355013,"hand_m":0.29270079077743905,"area_in_meters":142.12420654296875,"confidence":0.8222000002861023}},{"type":"Feature","geometry":null,"properties":{"risk_score":24.15206985669281,"verdict":"RED_BLOCKS_DRAINAGE","lost_frac":0,"flow_frac":0.5862068965517241,"upstream_km2":1.905021668508135,"hand_m":0.12413287984913793,"area_in_meters":116.92140197753906,"confidence":0.7652999758720398}},{"type":"Feature","geometry":null,"properties":{"risk_score":1.876015006290117,"verdict":"RED_BLOCKS_DRAINAGE","lost_frac":0,"flow_frac":1.0,"upstream_km2":8.052481651306152,"hand_m":50,"area_in_meters":79.94499969482422,"confidence":0.8277999758720398}},{"type":"Feature","geometry":null,"properties":{"risk_score":21.711584240752977,"verdict":"RED_BLOCKS_DRAINAGE","lost_frac":0,"flow_frac":0.6129032258064516,"upstream_km2":2.0037113879957507,"hand_m":0.3483965473790323,"area_in_meters":94.91850280761719,"confidence":0.8277999758720398}},{"type":"Feature","geometry":null,"properties":{"risk_score":1.218722239743642,"verdict":"RED_BLOCKS_DRAINAGE","lost_frac":0,"flow_frac":1.0,"upstream_km2":3.1835825443267822,"hand_m":50,"area_in_meters":47.554500579833984,"confidence":0.8277999758720398}},{"type":"Feature","geometry":null,"properties":{"risk_score":70.08332479845859,"verdict":"RED_BLOCKS_DRAINAGE","lost_frac":0,"flow_frac":0.8846153846153846,"upstream_km2":6.490662695016139,"hand_m":0.10384897085336538,"area_in_meters":97.26899719238281,"confidence":0.8902999758720398}},{"type":"Feature","geometry":null,"properties":{"risk_score":2.726258167272088,"verdict":"RED_BLOCKS_DRAINAGE","lost_frac":0,"flow_frac":1.0,"upstream_km2":23.569236755371094,"hand_m":50,"area_in_meters":117.17510223388672,"confidence":0.8902999758720398}},{"type":"Feature","geometry":null,"properties":{"risk_score":2.707563243983808,"verdict":"RED_BLOCKS_DRAINAGE","lost_frac":0,"flow_frac":1.0,"upstream_km2":23.03572654724121,"hand_m":50,"area_in_meters":101.1156997680664,"confidence":0.7084000110626221}},{"type":"Feature","geometry":null,"properties":{"risk_score":2.625733414849012,"verdict":"RED_BLOCKS_DRAINAGE","lost_frac":0,"flow_frac":1.0,"upstream_km2":20.833534240722656,"hand_m":50,"area_in_meters":60.05649948120117,"confidence":0.7709000110626221}},{"type":"Feature","geometry":null,"properties":{"risk_score":1.218722239743642,"verdict":"RED_BLOCKS_DRAINAGE","lost_frac":0,"flow_frac":1.0,"upstream_km2":3.1835825443267822,"hand_m":50,"area_in_meters":55.06610107421875,"confidence":0.7709000110626221}},{"type":"Feature","geometry":null,"properties":{"risk_score":1.0463235607414698,"verdict":"RED_BLOCKS_DRAINAGE","lost_frac":0,"flow_frac":1.0,"upstream_km2":2.4168429374694824,"hand_m":50,"area_in_meters":89.4209976196289,"confidence":0.7709000110626221}},{"type":"Feature","geometry":null,"properties":{"risk_score":1.027435735880982,"verdict":"RED_BLOCKS_DRAINAGE","lost_frac":0,"flow_frac":1.0,"upstream_km2":2.341890573501587,"hand_m":50,"area_in_meters":65.25530242919922,"confidence":0.7709000110626221}},{"type":"Feature","geometry":null,"properties":{"risk_score":1.3436941353391068,"verdict":"RED_BLOCKS_DRAINAGE","lost_frac":0,"flow_frac":1.0,"upstream_km2":3.8448909804934543,"hand_m":50,"area_in_meters":56.92409896850586,"confidence":0.7709000110626221}},{"type":"Feature","geometry":null,"properties":{"risk_score":2.7994755610117856,"verdict":"RED_BLOCKS_DRAINAGE","lost_frac":0,"flow_frac":1.0,"upstream_km2":25.775188446044922,"hand_m":50,"area_in_meters":75.52760314941406,"confidence":0.8334000110626221}},{"type":"Feature","geometry":null,"properties":{"risk_score":2.9254975009148967,"verdict":"RED_BLOCKS_DRAINAGE","lost_frac":0,"flow_frac":1.0,"upstream_km2":30.045862197875977,"hand_m":50,"area_in_meters":104.62190246582031,"confidence":0.8334000110626221}},{"type":"Feature","geometry":null,"properties":{"risk_score":40.583833028381875,"verdict":"RED_BLOCKS_DRAINAGE","lost_frac":0,"flow_frac":0.5882352941176471,"upstream_km2":14.895638951374329,"hand_m":0.7411714441636029,"area_in_meters":115.17769622802734,"confidence":0.8334000110626221}},{"type":"Feature","geometry":null,"properties":{"risk_score":1.0379858295247464,"verdict":"RED_BLOCKS_DRAINAGE","lost_frac":0,"flow_frac":1.0,"upstream_km2":2.3835513591766357,"hand_m":50,"area_in_meters":89.57530212402344,"confidence":0.8334000110626221}},{"type":"Feature","geometry":null,"properties":{"risk_score":2.734882007150012,"verdict":"RED_BLOCKS_DRAINAGE","lost_frac":0,"flow_frac":1.0,"upstream_km2":23.819316864013672,"hand_m":50,"area_in_meters":120.89119720458984,"confidence":0.8334000110626221}},{"type":"Feature","geometry":null,"properties":{"risk_score":3.6644506389741767,"verdict":"RED_BLOCKS_DRAINAGE","lost_frac":0,"flow_frac":1.0,"upstream_km2":72.93836212158203,"hand_m":50,"area_in_meters":114.48470306396484,"confidence":0.8959000110626221}},{"type":"Feature","geometry":null,"properties":{"risk_score":227.23942990465505,"verdict":"RED_BLOCKS_DRAINAGE","lost_frac":0,"flow_frac":0.9782608695652173,"upstream_km2":214.2742559114957,"hand_m":0.004348091457201086,"area_in_meters":161.0673065185547,"confidence":0.8959000110626221}},{"type":"Feature","geometry":null,"properties":{"risk_score":32.43647165850207,"verdict":"AMBER_PARTIAL","lost_frac":0,"flow_frac":0.5,"upstream_km2":11.672081443015486,"hand_m":0.70001220703125,"area_in_meters":69.04889678955078,"confidence":0.7764999866485596}},{"type":"Feature","geometry":null,"properties":{"risk_score":79.9135762636575,"verdict":"RED_BLOCKS_DRAINAGE","lost_frac":0,"flow_frac":0.641025641025641,"upstream_km2":18.561063672487553,"hand_m":0.035888671875,"area_in_meters":419.1351013183594,"confidence":0.7764999866485596}},{"type":"Feature","geometry":null,"properties":{"risk_score":3.665218353435419,"verdict":"RED_BLOCKS_DRAINAGE","lost_frac":0,"flow_frac":1.0,"upstream_km2":73.00505065917969,"hand_m":50,"area_in_meters":312.1778869628906,"confidence":0.8389999866485596}},{"type":"Feature","geometry":null,"properties":{"risk_score":2.1068234388346068,"verdict":"RED_BLOCKS_DRAINAGE","lost_frac":0,"flow_frac":1.0,"upstream_km2":10.87079906463623,"hand_m":50,"area_in_meters":831.115478515625,"confidence":0.9014999866485596}},{"type":"Feature","geometry":null,"properties":{"risk_score":10.313768488276853,"verdict":"RED_BLOCKS_DRAINAGE","lost_frac":0,"flow_frac":0.5517241379310345,"upstream_km2":1.691269996672355,"hand_m":1.3000109442349137,"area_in_meters":103.5542984008789,"confidence":0.7307999730110168}},{"type":"Feature","geometry":null,"properties":{"risk_score":4.466728531255219,"verdict":"RED_BLOCKS_DRAINAGE","lost_frac":0,"flow_frac":1.0,"upstream_km2":188.6843719482422,"hand_m":50,"area_in_meters":112.54049682617188,"confidence":0.7307999730110168}},{"type":"Feature","geometry":null,"properties":{"risk_score":1.1894785743601444,"verdict":"RED_BLOCKS_DRAINAGE","lost_frac":0,"flow_frac":1.0,"upstream_km2":3.042351484298706,"hand_m":50,"area_in_meters":95.96199798583984,"confidence":0.7307999730110168}},{"type":"Feature","geometry":null,"properties":{"risk_score":133.35386653065788,"verdict":"RED_BLOCKS_DRAINAGE","lost_frac":0,"flow_frac":0.9696969696969698,"upstream_km2":29.74182048408936,"hand_m":0.0818185517282197,"area_in_meters":110.45939636230469,"confidence":0.7932999730110168}},{"type":"Feature","geometry":null,"properties":{"risk_score":2.707563243983808,"verdict":"RED_BLOCKS_DRAINAGE","lost_frac":0,"flow_frac":1.0,"upstream_km2":23.03572654724121,"hand_m":50,"area_in_meters":69.58149719238281,"confidence":0.7932999730110168}},{"type":"Feature","geometry":null,"properties":{"risk_score":2.384922637330153,"verdict":"RED_BLOCKS_DRAINAGE","lost_frac":0,"flow_frac":1.0,"upstream_km2":15.455479621887207,"hand_m":50,"area_in_meters":56.48210144042969,"confidence":0.7932999730110168}},{"type":"Feature","geometry":null,"properties":{"risk_score":3.1097763050185714,"verdict":"AMBER_PARTIAL","lost_frac":0,"flow_frac":0.380952380952381,"upstream_km2":0.8248203284742813,"hand_m":2.1999865335131448,"area_in_meters":476.6206970214844,"confidence":0.8557999730110168}},{"type":"Feature","geometry":null,"properties":{"risk_score":2.7203739259160153,"verdict":"RED_BLOCKS_DRAINAGE","lost_frac":0,"flow_frac":1.0,"upstream_km2":23.400049209594727,"hand_m":50,"area_in_meters":101.57050323486328,"confidence":0.7196000218391418}},{"type":"Feature","geometry":null,"properties":{"risk_score":2.9254975009148967,"verdict":"RED_BLOCKS_DRAINAGE","lost_frac":0,"flow_frac":1.0,"upstream_km2":30.045862197875977,"hand_m":50,"area_in_meters":80.39109802246094,"confidence":0.7196000218391418}},{"type":"Feature","geometry":null,"properties":{"risk_score":2.8590987292321377,"verdict":"RED_BLOCKS_DRAINAGE","lost_frac":0,"flow_frac":1.0,"upstream_km2":27.717084884643555,"hand_m":50,"area_in_meters":54.370601654052734,"confidence":0.7821000218391418}},{"type":"Feature","geometry":null,"properties":{"risk_score":3.326399283221463,"verdict":"RED_BLOCKS_DRAINAGE","lost_frac":0,"flow_frac":1.0,"upstream_km2":48.71227455139161,"hand_m":50,"area_in_meters":83.34919738769531,"confidence":0.8446000218391418}},{"type":"Feature","geometry":null,"properties":{"risk_score":2.9151464477716975,"verdict":"RED_BLOCKS_DRAINAGE","lost_frac":0,"flow_frac":1.0,"upstream_km2":29.6707706451416,"hand_m":50,"area_in_meters":166.02980041503906,"confidence":0.8446000218391418}},{"type":"Feature","geometry":null,"properties":{"risk_score":113.34977453201876,"verdict":"RED_BLOCKS_DRAINAGE","lost_frac":0,"flow_frac":0.9444444444444444,"upstream_km2":22.273673004419027,"hand_m":0.1388888888888889,"area_in_meters":64.20860290527344,"confidence":0.7251999974250793}},{"type":"Feature","geometry":null,"properties":{"risk_score":83.79381360175975,"verdict":"RED_BLOCKS_DRAINAGE","lost_frac":0,"flow_frac":0.9285714285714286,"upstream_km2":14.808783897132216,"hand_m":0.3285740443638393,"area_in_meters":55.193599700927734,"confidence":0.7876999974250793}},{"type":"Feature","geometry":null,"properties":{"risk_score":1.754883043810054,"verdict":"RED_BLOCKS_DRAINAGE","lost_frac":0,"flow_frac":1.0,"upstream_km2":6.852181911468506,"hand_m":50,"area_in_meters":157.87359619140625,"confidence":0.8501999974250793}},{"type":"Feature","geometry":null,"properties":{"risk_score":1.1929829868770292,"verdict":"RED_BLOCKS_DRAINAGE","lost_frac":0,"flow_frac":1.0,"upstream_km2":3.059021234512329,"hand_m":50,"area_in_meters":84.48269653320312,"confidence":0.8501999974250793}},{"type":"Feature","geometry":null,"properties":{"risk_score":11.63018611473261,"verdict":"RED_BLOCKS_DRAINAGE","lost_frac":0,"flow_frac":0.5408163265306123,"upstream_km2":6.527554586159103,"hand_m":3.0765362175143496,"area_in_meters":334.62469482421875,"confidence":0.8501999974250793}},{"type":"Feature","geometry":null,"properties":{"risk_score":2.177814559007933,"verdict":"RED_BLOCKS_DRAINAGE","lost_frac":0,"flow_frac":1.0,"upstream_km2":11.902843363144818,"hand_m":50,"area_in_meters":45.99580001831055,"confidence":0.7364000082015991}},{"type":"Feature","geometry":null,"properties":{"risk_score":4.583094181486612,"verdict":"RED_BLOCKS_DRAINAGE","lost_frac":0,"flow_frac":1.0,"upstream_km2":216.45932345920139,"hand_m":50,"area_in_meters":63.76599884033203,"confidence":0.7989000082015991}},{"type":"Feature","geometry":null,"properties":{"risk_score":104.31345323663155,"verdict":"RED_BLOCKS_DRAINAGE","lost_frac":0,"flow_frac":0.9245283018867925,"upstream_km2":21.81417547187434,"hand_m":0.2037745061910377,"area_in_meters":198.03399658203125,"confidence":0.7989000082015991}},{"type":"Feature","geometry":null,"properties":{"risk_score":1.7961561780654347,"verdict":"RED_BLOCKS_DRAINAGE","lost_frac":0,"flow_frac":1.0,"upstream_km2":7.242133617401123,"hand_m":50,"area_in_meters":155.08230590820312,"confidence":0.8614000082015991}},{"type":"Feature","geometry":null,"properties":{"risk_score":2.1305264193703763,"verdict":"RED_BLOCKS_DRAINAGE","lost_frac":0,"flow_frac":1.0,"upstream_km2":11.205862516644357,"hand_m":50,"area_in_meters":298.48150634765625,"confidence":0.9239000082015991}},{"type":"Feature","geometry":null,"properties":{"risk_score":3.6644506389741767,"verdict":"RED_BLOCKS_DRAINAGE","lost_frac":0,"flow_frac":1.0,"upstream_km2":72.93836212158203,"hand_m":50,"area_in_meters":253.12120056152344,"confidence":0.9239000082015991}},{"type":"Feature","geometry":null,"properties":{"risk_score":1.027435735880982,"verdict":"RED_BLOCKS_DRAINAGE","lost_frac":0,"flow_frac":1.0,"upstream_km2":2.341890573501587,"hand_m":50,"area_in_meters":183.4071044921875,"confidence":0.7419999837875366}},{"type":"Feature","geometry":null,"properties":{"risk_score":1.9766659561200681,"verdict":"RED_BLOCKS_DRAINAGE","lost_frac":0,"flow_frac":1.0,"upstream_km2":9.188251042770128,"hand_m":50,"area_in_meters":182.0688018798828,"confidence":0.8044999837875366}},{"type":"Feature","geometry":null,"properties":{"risk_score":1.3120592905622166,"verdict":"AMBER_PARTIAL","lost_frac":0,"flow_frac":0.17105263157894737,"upstream_km2":0.4016717010618825,"hand_m":0.9118218672902961,"area_in_meters":501.9794921875,"confidence":0.8044999837875366}},{"type":"Feature","geometry":null,"properties":{"risk_score":19.572521339949468,"verdict":"AMBER_PARTIAL","lost_frac":0,"flow_frac":0.3055555555555556,"upstream_km2":23.93283859979258,"hand_m":1.1805640326605902,"area_in_meters":130.76010131835938,"confidence":0.8669999837875366}},{"type":"Feature","geometry":null,"properties":{"risk_score":1.973065289909979,"verdict":"RED_BLOCKS_DRAINAGE","lost_frac":0,"flow_frac":1.0,"upstream_km2":9.145262718200684,"hand_m":50,"area_in_meters":70.7708969116211,"confidence":0.8669999837875366}},{"type":"Feature","geometry":null,"properties":{"risk_score":2.410000006003811,"verdict":"RED_BLOCKS_DRAINAGE","lost_frac":0,"flow_frac":1.0,"upstream_km2":15.947279930114746,"hand_m":50,"area_in_meters":120.51110076904297,"confidence":0.8669999837875366}},{"type":"Feature","geometry":null,"properties":{"risk_score":1.2586067108826682,"verdict":"RED_BLOCKS_DRAINAGE","lost_frac":0,"flow_frac":1.0,"upstream_km2":3.384190559387207,"hand_m":50,"area_in_meters":150.05679321289062,"confidence":0.9294999837875366}},{"type":"Feature","geometry":null,"properties":{"risk_score":3.727263939838414,"verdict":"RED_BLOCKS_DRAINAGE","lost_frac":0,"flow_frac":1.0,"upstream_km2":78.59844970703125,"hand_m":50,"area_in_meters":100.07649993896484,"confidence":0.7476000189781189}},{"type":"Feature","geometry":null,"properties":{"risk_score":45.13301491893001,"verdict":"RED_BLOCKS_DRAINAGE","lost_frac":0,"flow_frac":0.6666666666666666,"upstream_km2":20.450106337356072,"hand_m":0.9666748046874999,"area_in_meters":41.16400146484375,"confidence":0.8101000189781189}},{"type":"Feature","geometry":null,"properties":{"risk_score":15.43727223974173,"verdict":"AMBER_PARTIAL","lost_frac":0,"flow_frac":0.4444444444444444,"upstream_km2":11.039451491605076,"hand_m":2.111104329427083,"area_in_meters":187.1947021484375,"confidence":0.8726000189781189}},{"type":"Feature","geometry":null,"properties":{"risk_score":2.734882007150012,"verdict":"RED_BLOCKS_DRAINAGE","lost_frac":0,"flow_frac":1.0,"upstream_km2":23.819316864013672,"hand_m":50,"area_in_meters":150.7310028076172,"confidence":0.8156999945640564}},{"type":"Feature","geometry":null,"properties":{"risk_score":31.37890467070298,"verdict":"RED_BLOCKS_DRAINAGE","lost_frac":0,"flow_frac":0.76,"upstream_km2":2.9916841711848976,"hand_m":0.45600585937500004,"area_in_meters":83.720703125,"confidence":0.8156999945640564}},{"type":"Feature","geometry":null,"properties":{"risk_score":2.754111722614967,"verdict":"RED_BLOCKS_DRAINAGE","lost_frac":0,"flow_frac":1.0,"upstream_km2":24.386157989501953,"hand_m":50,"area_in_meters":192.97999572753906,"confidence":0.8156999945640564}},{"type":"Feature","geometry":null,"properties":{"risk_score":2.821456888947226,"verdict":"RED_BLOCKS_DRAINAGE","lost_frac":0,"flow_frac":1.0,"upstream_km2":26.4753360748291,"hand_m":50,"area_in_meters":270.66070556640625,"confidence":0.8156999945640564}},{"type":"Feature","geometry":null,"properties":{"risk_score":2.7574605196361532,"verdict":"RED_BLOCKS_DRAINAGE","lost_frac":0,"flow_frac":1.0,"upstream_km2":24.486186981201172,"hand_m":50,"area_in_meters":125.66400146484375,"confidence":0.8781999945640564}},{"type":"Feature","geometry":null,"properties":{"risk_score":12.455138166193874,"verdict":"AMBER_PARTIAL","lost_frac":0,"flow_frac":0.4634146341463415,"upstream_km2":1.5036172906800016,"hand_m":0.4829399294969513,"area_in_meters":137.06759643554688,"confidence":0.7699999809265137}},{"type":"Feature","geometry":null,"properties":{"risk_score":2.900580755095421,"verdict":"RED_BLOCKS_DRAINAGE","lost_frac":0,"flow_frac":1.0,"upstream_km2":29.150615692138672,"hand_m":50,"area_in_meters":43.17620086669922,"confidence":0.7699999809265137}},{"type":"Feature","geometry":null,"properties":{"risk_score":50.766601813286215,"verdict":"RED_BLOCKS_DRAINAGE","lost_frac":0,"flow_frac":0.9130434782608695,"upstream_km2":2.9767709095840864,"hand_m":0.07826299252717392,"area_in_meters":76.91220092773438,"confidence":0.7699999809265137}},{"type":"Feature","geometry":null,"properties":{"risk_score":1.0463235607414698,"verdict":"RED_BLOCKS_DRAINAGE","lost_frac":0,"flow_frac":1.0,"upstream_km2":2.4168429374694824,"hand_m":50,"area_in_meters":81.00250244140625,"confidence":0.8324999809265137}},{"type":"Feature","geometry":null,"properties":{"risk_score":3.727263939838414,"verdict":"RED_BLOCKS_DRAINAGE","lost_frac":0,"flow_frac":1.0,"upstream_km2":78.59844970703125,"hand_m":50,"area_in_meters":116.7510986328125,"confidence":0.8324999809265137}},{"type":"Feature","geometry":null,"properties":{"risk_score":1.1858824641106303,"verdict":"RED_BLOCKS_DRAINAGE","lost_frac":0,"flow_frac":1.0,"upstream_km2":3.0253167152404785,"hand_m":50,"area_in_meters":1155.039794921875,"confidence":0.8324999809265137}},{"type":"Feature","geometry":null,"properties":{"risk_score":2.7310682428083584,"verdict":"RED_BLOCKS_DRAINAGE","lost_frac":0,"flow_frac":1.0,"upstream_km2":23.708410263061523,"hand_m":50,"area_in_meters":130.7877960205078,"confidence":0.8949999809265137}},{"type":"Feature","geometry":null,"properties":{"risk_score":1.2698333077181863,"verdict":"AMBER_PARTIAL","lost_frac":0,"flow_frac":0.16071428571428573,"upstream_km2":0.6095269815109315,"hand_m":1.616041274297805,"area_in_meters":580.10888671875,"confidence":0.8949999809265137}},{"type":"Feature","geometry":null,"properties":{"risk_score":2.734882007150012,"verdict":"RED_BLOCKS_DRAINAGE","lost_frac":0,"flow_frac":1.0,"upstream_km2":23.819316864013672,"hand_m":50,"area_in_meters":141.87359619140625,"confidence":0.8949999809265137}},{"type":"Feature","geometry":null,"properties":{"risk_score":1.1858824641106303,"verdict":"RED_BLOCKS_DRAINAGE","lost_frac":0,"flow_frac":1.0,"upstream_km2":3.0253167152404785,"hand_m":50,"area_in_meters":46.44329833984375,"confidence":0.7588000297546387}},{"type":"Feature","geometry":null,"properties":{"risk_score":7.8287332668137815,"verdict":"AMBER_PARTIAL","lost_frac":0,"flow_frac":0.5,"upstream_km2":3.712744854390621,"hand_m":3.3000183105468754,"area_in_meters":73.12809753417969,"confidence":0.8213000297546387}},{"type":"Feature","geometry":null,"properties":{"risk_score":1.2338736348166532,"verdict":"RED_BLOCKS_DRAINAGE","lost_frac":0,"flow_frac":1.0,"upstream_km2":3.258685350418091,"hand_m":50,"area_in_meters":54.31669998168945,"confidence":0.8213000297546387}},{"type":"Feature","geometry":null,"properties":{"risk_score":1.2254810334339632,"verdict":"RED_BLOCKS_DRAINAGE","lost_frac":0,"flow_frac":1.0,"upstream_km2":3.2169196605682373,"hand_m":50,"area_in_meters":99.67500305175781,"confidence":0.8838000297546387}},{"type":"Feature","geometry":null,"properties":{"risk_score":2.7122756430907033,"verdict":"RED_BLOCKS_DRAINAGE","lost_frac":0,"flow_frac":1.0,"upstream_km2":23.169105529785156,"hand_m":50,"area_in_meters":320.8716125488281,"confidence":0.7644000053405762}},{"type":"Feature","geometry":null,"properties":{"risk_score":51.874101246622786,"verdict":"RED_BLOCKS_DRAINAGE","lost_frac":0,"flow_frac":0.6086956521739131,"upstream_km2":16.8810528403391,"hand_m":0.4695699940557065,"area_in_meters":88.02880096435547,"confidence":0.7644000053405762}},{"type":"Feature","geometry":null,"properties":{"risk_score":2.625733414849012,"verdict":"RED_BLOCKS_DRAINAGE","lost_frac":0,"flow_frac":1.0,"upstream_km2":20.833534240722656,"hand_m":50,"area_in_meters":44.977298736572266,"confidence":0.8269000053405762}},{"type":"Feature","geometry":null,"properties":{"risk_score":2.7847691750353207,"verdict":"RED_BLOCKS_DRAINAGE","lost_frac":0,"flow_frac":1.0,"upstream_km2":25.31675148010254,"hand_m":50,"area_in_meters":179.89430236816406,"confidence":0.8269000053405762}},{"type":"Feature","geometry":null,"properties":{"risk_score":1.2338736348166532,"verdict":"RED_BLOCKS_DRAINAGE","lost_frac":0,"flow_frac":1.0,"upstream_km2":3.258685350418091,"hand_m":50,"area_in_meters":116.61969757080078,"confidence":0.8269000053405762}},{"type":"Feature","geometry":null,"properties":{"risk_score":2.8927771974096195,"verdict":"RED_BLOCKS_DRAINAGE","lost_frac":0,"flow_frac":1.0,"upstream_km2":28.875581741333008,"hand_m":50,"area_in_meters":128.84979248046875,"confidence":0.8269000053405762}},{"type":"Feature","geometry":null,"properties":{"risk_score":1.1869550308186383,"verdict":"RED_BLOCKS_DRAINAGE","lost_frac":0,"flow_frac":1.0,"upstream_km2":3.030389936073966,"hand_m":50,"area_in_meters":154.0478057861328,"confidence":0.8894000053405762}},{"type":"Feature","geometry":null,"properties":{"risk_score":2.626707973705372,"verdict":"RED_BLOCKS_DRAINAGE","lost_frac":0,"flow_frac":1.0,"upstream_km2":20.858535766601562,"hand_m":50,"area_in_meters":110.07769775390625,"confidence":0.775600016117096}},{"type":"Feature","geometry":null,"properties":{"risk_score":3.714234352593551,"verdict":"RED_BLOCKS_DRAINAGE","lost_frac":0,"flow_frac":1.0,"upstream_km2":77.3897933959961,"hand_m":50,"area_in_meters":389.4100036621094,"confidence":0.838100016117096}},{"type":"Feature","geometry":null,"properties":{"risk_score":1.2254810334339632,"verdict":"RED_BLOCKS_DRAINAGE","lost_frac":0,"flow_frac":1.0,"upstream_km2":3.2169196605682373,"hand_m":50,"area_in_meters":41.07640075683594,"confidence":0.7186999917030334}},{"type":"Feature","geometry":null,"properties":{"risk_score":1.1768077772896843,"verdict":"GREEN_CLEAR","lost_frac":0,"flow_frac":0.13157894736842107,"upstream_km2":0.4432503426153409,"hand_m":0.7816001490542763,"area_in_meters":139.83230590820312,"confidence":0.7811999917030334}},{"type":"Feature","geometry":null,"properties":{"risk_score":1.2050599037414342,"verdict":"RED_BLOCKS_DRAINAGE","lost_frac":0,"flow_frac":1.0,"upstream_km2":3.116997003555298,"hand_m":50,"area_in_meters":94.36799621582031,"confidence":0.7811999917030334}},{"type":"Feature","geometry":null,"properties":{"risk_score":54.823712623356144,"verdict":"RED_BLOCKS_DRAINAGE","lost_frac":0,"flow_frac":0.9298245614035088,"upstream_km2":3.6583236425200054,"hand_m":0.1333350466008772,"area_in_meters":197.93080139160156,"confidence":0.7811999917030334}},{"type":"Feature","geometry":null,"properties":{"risk_score":2.7279899493783475,"verdict":"RED_BLOCKS_DRAINAGE","lost_frac":0,"flow_frac":1.0,"upstream_km2":23.619253158569336,"hand_m":50,"area_in_meters":301.4967041015625,"confidence":0.9061999917030334}},{"type":"Feature","geometry":null,"properties":{"risk_score":38.013516740280124,"verdict":"RED_BLOCKS_DRAINAGE","lost_frac":0,"flow_frac":0.6842105263157895,"upstream_km2":7.394920449017694,"hand_m":0.6631501850328947,"area_in_meters":68.7916030883789,"confidence":0.7354999780654907}},{"type":"Feature","geometry":null,"properties":{"risk_score":2.711688025763225,"verdict":"RED_BLOCKS_DRAINAGE","lost_frac":0,"flow_frac":1.0,"upstream_km2":23.152433395385742,"hand_m":50,"area_in_meters":152.7946014404297,"confidence":0.7979999780654907}},{"type":"Feature","geometry":null,"properties":{"risk_score":2.728566428327632,"verdict":"RED_BLOCKS_DRAINAGE","lost_frac":0,"flow_frac":1.0,"upstream_km2":23.63592529296875,"hand_m":50,"area_in_meters":195.7447052001953,"confidence":0.8604999780654907}},{"type":"Feature","geometry":null,"properties":{"risk_score":2.7271244655376394,"verdict":"RED_BLOCKS_DRAINAGE","lost_frac":0,"flow_frac":1.0,"upstream_km2":23.5942440032959,"hand_m":50,"area_in_meters":217.39190673828125,"confidence":0.8604999780654907}},{"type":"Feature","geometry":null,"properties":{"risk_score":4.254467212113097,"verdict":"AMBER_PARTIAL","lost_frac":0,"flow_frac":0.22727272727272727,"upstream_km2":1.6220735582015053,"hand_m":1.236391934481534,"area_in_meters":147.04049682617188,"confidence":0.8604999780654907}},{"type":"Feature","geometry":null,"properties":{"risk_score":44.574107841304354,"verdict":"AMBER_PARTIAL","lost_frac":0,"flow_frac":0.33333333333333337,"upstream_km2":73.4980965256691,"hand_m":0.40002441406250006,"area_in_meters":96.64109802246094,"confidence":0.7243000268936157}},{"type":"Feature","geometry":null,"properties":{"risk_score":1.7198196808136605,"verdict":"RED_BLOCKS_DRAINAGE","lost_frac":0,"flow_frac":1.0,"upstream_km2":6.535429954528809,"hand_m":50,"area_in_meters":49.324100494384766,"confidence":0.7868000268936157}},{"type":"Feature","geometry":null,"properties":{"risk_score":1.4330693850806573,"verdict":"AMBER_PARTIAL","lost_frac":0,"flow_frac":0.2222222222222222,"upstream_km2":0.6787750486077534,"hand_m":2.488898383246528,"area_in_meters":91.74349975585938,"confidence":0.7868000268936157}},{"type":"Feature","geometry":null,"properties":{"risk_score":1.1104182891191237,"verdict":"RED_BLOCKS_DRAINAGE","lost_frac":0,"flow_frac":1.0,"upstream_km2":2.6839466094970703,"hand_m":50,"area_in_meters":49.87300109863281,"confidence":0.7868000268936157}},{"type":"Feature","geometry":null,"properties":{"risk_score":1.0400836295383193,"verdict":"RED_BLOCKS_DRAINAGE","lost_frac":0,"flow_frac":1.0,"upstream_km2":2.391896963119507,"hand_m":50,"area_in_meters":94.28389739990234,"confidence":0.8493000268936157}},{"type":"Feature","geometry":null,"properties":{"risk_score":3.666017302423219,"verdict":"RED_BLOCKS_DRAINAGE","lost_frac":0,"flow_frac":1.0,"upstream_km2":73.07451629638672,"hand_m":50,"area_in_meters":168.2812042236328,"confidence":0.8493000268936157}},{"type":"Feature","geometry":null,"properties":{"risk_score":2.621823912984877,"verdict":"RED_BLOCKS_DRAINAGE","lost_frac":0,"flow_frac":1.0,"upstream_km2":20.7335262298584,"hand_m":50,"area_in_meters":135.51229858398438,"confidence":0.9118000268936157}},{"type":"Feature","geometry":null,"properties":{"risk_score":39.88630616054894,"verdict":"RED_BLOCKS_DRAINAGE","lost_frac":0,"flow_frac":0.5961538461538461,"upstream_km2":17.34419021633669,"hand_m":0.8884664682241586,"area_in_meters":364.0754089355469,"confidence":0.9118000268936157}},{"type":"Feature","geometry":null,"properties":{"risk_score":2.109211985532776,"verdict":"RED_BLOCKS_DRAINAGE","lost_frac":0,"flow_frac":1.0,"upstream_km2":10.904142379760742,"hand_m":50,"area_in_meters":51.15299987792969,"confidence":0.7299000024795532}},{"type":"Feature","geometry":null,"properties":{"risk_score":1.321090840815278,"verdict":"AMBER_PARTIAL","lost_frac":0,"flow_frac":0.15789473684210525,"upstream_km2":1.7287263046754031,"hand_m":4.2105263157894735,"area_in_meters":63.84489822387695,"confidence":0.7299000024795532}},{"type":"Feature","geometry":null,"properties":{"risk_score":12.925493536356903,"verdict":"AMBER_PARTIAL","lost_frac":0,"flow_frac":0.4246575342465754,"upstream_km2":5.149939388955294,"hand_m":1.5917768086472603,"area_in_meters":258.24859619140625,"confidence":0.8549000024795532}},{"type":"Feature","geometry":null,"properties":{"risk_score":100.25296442686691,"verdict":"RED_BLOCKS_DRAINAGE","lost_frac":0,"flow_frac":0.5625000000000001,"upstream_km2":123.20654448569984,"hand_m":0.17498397827148438,"area_in_meters":339.7131042480469,"confidence":0.8549000024795532}},{"type":"Feature","geometry":null,"properties":{"risk_score":2.7203739259160153,"verdict":"RED_BLOCKS_DRAINAGE","lost_frac":0,"flow_frac":1.0,"upstream_km2":23.400049209594727,"hand_m":50,"area_in_meters":58.146400451660156,"confidence":0.8091999888420105}},{"type":"Feature","geometry":null,"properties":{"risk_score":99.37910588182176,"verdict":"RED_BLOCKS_DRAINAGE","lost_frac":0,"flow_frac":0.8125,"upstream_km2":21.946882767020725,"hand_m":0.11249542236328125,"area_in_meters":58.19929885864258,"confidence":0.8091999888420105}},{"type":"Feature","geometry":null,"properties":{"risk_score":104.4205193532286,"verdict":"RED_BLOCKS_DRAINAGE","lost_frac":0,"flow_frac":0.918918918918919,"upstream_km2":21.297288423857175,"hand_m":0.18648549672719597,"area_in_meters":233.98919677734375,"confidence":0.8091999888420105}},{"type":"Feature","geometry":null,"properties":{"risk_score":2.8608269530142323,"verdict":"RED_BLOCKS_DRAINAGE","lost_frac":0,"flow_frac":1.0,"upstream_km2":27.77542495727539,"hand_m":50,"area_in_meters":153.52369689941406,"confidence":0.8716999888420105}},{"type":"Feature","geometry":null,"properties":{"risk_score":23.50337072104222,"verdict":"RED_BLOCKS_DRAINAGE","lost_frac":0,"flow_frac":0.8982259570494864,"upstream_km2":2.0156110048278415,"hand_m":0.8320238414376167,"area_in_meters":3704.38916015625,"confidence":0.9341999888420105}},{"type":"Feature","geometry":null,"properties":{"risk_score":4.622406110467981,"verdict":"RED_BLOCKS_DRAINAGE","lost_frac":0,"flow_frac":1.0,"upstream_km2":226.7336025359524,"hand_m":50,"area_in_meters":540.6295776367188,"confidence":0.9341999888420105}},{"type":"Feature","geometry":null,"properties":{"risk_score":2.6460829727232773,"verdict":"AMBER_PARTIAL","lost_frac":0,"flow_frac":0.25,"upstream_km2":0.7730902039911598,"hand_m":1.3499908447265625,"area_in_meters":571.735107421875,"confidence":0.866100013256073}},{"type":"Feature","geometry":null,"properties":{"risk_score":1.2187320426478319,"verdict":"RED_BLOCKS_DRAINAGE","lost_frac":0,"flow_frac":1.0,"upstream_km2":3.1836307048797607,"hand_m":50,"area_in_meters":358.1382141113281,"confidence":0.928600013256073}},{"type":"Feature","geometry":null,"properties":{"risk_score":3.728600488238766,"verdict":"RED_BLOCKS_DRAINAGE","lost_frac":0,"flow_frac":1.0,"upstream_km2":78.72348022460938,"hand_m":50,"area_in_meters":251.2198028564453,"confidence":0.7578999996185303}},{"type":"Feature","geometry":null,"properties":{"risk_score":1.0463346721211475,"verdict":"RED_BLOCKS_DRAINAGE","lost_frac":0,"flow_frac":1.0,"upstream_km2":2.4168875217437744,"hand_m":50,"area_in_meters":117.41519927978516,"confidence":0.7578999996185303}},{"type":"Feature","geometry":null,"properties":{"risk_score":2.7994755610117856,"verdict":"RED_BLOCKS_DRAINAGE","lost_frac":0,"flow_frac":1.0,"upstream_km2":25.775188446044922,"hand_m":50,"area_in_meters":80.57530212402344,"confidence":0.8203999996185303}},{"type":"Feature","geometry":null,"properties":{"risk_score":1.8058181734407701,"verdict":"RED_BLOCKS_DRAINAGE","lost_frac":0,"flow_frac":1.0,"upstream_km2":7.336183547973633,"hand_m":50,"area_in_meters":140.3614044189453,"confidence":0.8828999996185303}},{"type":"Feature","geometry":null,"properties":{"risk_score":2.626707973705372,"verdict":"RED_BLOCKS_DRAINAGE","lost_frac":0,"flow_frac":1.0,"upstream_km2":20.858535766601562,"hand_m":50,"area_in_meters":63.83430099487305,"confidence":0.8828999996185303}},{"type":"Feature","geometry":null,"properties":{"risk_score":1.5594492031040474,"verdict":"RED_BLOCKS_DRAINAGE","lost_frac":0,"flow_frac":1.0,"upstream_km2":5.2419328689575195,"hand_m":50,"area_in_meters":442.1606140136719,"confidence":0.8828999996185303}},{"type":"Feature","geometry":null,"properties":{"risk_score":1.8673459269416826,"verdict":"RED_BLOCKS_DRAINAGE","lost_frac":0,"flow_frac":1.0,"upstream_km2":7.960792541503906,"hand_m":50,"area_in_meters":53.001399993896484,"confidence":0.7009999752044678}},{"type":"Feature","geometry":null,"properties":{"risk_score":2.384922637330153,"verdict":"RED_BLOCKS_DRAINAGE","lost_frac":0,"flow_frac":1.0,"upstream_km2":15.455479621887207,"hand_m":50,"area_in_meters":70.98619842529297,"confidence":0.7634999752044678}},{"type":"Feature","geometry":null,"properties":{"risk_score":2.8444058565509076,"verdict":"RED_BLOCKS_DRAINAGE","lost_frac":0,"flow_frac":1.0,"upstream_km2":27.225847244262695,"hand_m":50,"area_in_meters":132.56520080566406,"confidence":0.8259999752044678}},{"type":"Feature","geometry":null,"properties":{"risk_score":2.728566428327632,"verdict":"RED_BLOCKS_DRAINAGE","lost_frac":0,"flow_frac":1.0,"upstream_km2":23.63592529296875,"hand_m":50,"area_in_meters":267.5317077636719,"confidence":0.8884999752044678}},{"type":"Feature","geometry":null,"properties":{"risk_score":2.754950157303483,"verdict":"RED_BLOCKS_DRAINAGE","lost_frac":0,"flow_frac":1.0,"upstream_km2":24.411165237426758,"hand_m":50,"area_in_meters":204.1623992919922,"confidence":0.8884999752044678}},{"type":"Feature","geometry":null,"properties":{"risk_score":2.7057893747707973,"verdict":"RED_BLOCKS_DRAINAGE","lost_frac":0,"flow_frac":1.0,"upstream_km2":22.98571014404297,"hand_m":50,"area_in_meters":143.0413055419922,"confidence":0.7523000240325928}},{"type":"Feature","geometry":null,"properties":{"risk_score":1.2871678626620489,"verdict":"RED_BLOCKS_DRAINAGE","lost_frac":0,"flow_frac":1.0,"upstream_km2":3.5337295532226562,"hand_m":50,"area_in_meters":144.5146026611328,"confidence":0.7523000240325928}},{"type":"Feature","geometry":null,"properties":{"risk_score":2.7847691750353207,"verdict":"RED_BLOCKS_DRAINAGE","lost_frac":0,"flow_frac":1.0,"upstream_km2":25.31675148010254,"hand_m":50,"area_in_meters":164.3621063232422,"confidence":0.8148000240325928}},{"type":"Feature","geometry":null,"properties":{"risk_score":4.5901835501261115,"verdict":"RED_BLOCKS_DRAINAGE","lost_frac":0,"flow_frac":1.0,"upstream_km2":218.2772674560547,"hand_m":50,"area_in_meters":67.92030334472656,"confidence":0.8148000240325928}},{"type":"Feature","geometry":null,"properties":{"risk_score":2.7195868167943518,"verdict":"RED_BLOCKS_DRAINAGE","lost_frac":0,"flow_frac":1.0,"upstream_km2":23.377506256103516,"hand_m":50,"area_in_meters":45.12350082397461,"confidence":0.7746999859809875}},{"type":"Feature","geometry":null,"properties":{"risk_score":2.711688025763225,"verdict":"RED_BLOCKS_DRAINAGE","lost_frac":0,"flow_frac":1.0,"upstream_km2":23.152433395385742,"hand_m":50,"area_in_meters":66.50659942626953,"confidence":0.8371999859809875}},{"type":"Feature","geometry":null,"properties":{"risk_score":1.9766676167994928,"verdict":"RED_BLOCKS_DRAINAGE","lost_frac":0,"flow_frac":1.0,"upstream_km2":9.188270911574364,"hand_m":50,"area_in_meters":199.7362060546875,"confidence":0.8371999859809875}},{"type":"Feature","geometry":null,"properties":{"risk_score":15.275254162257543,"verdict":"RED_BLOCKS_DRAINAGE","lost_frac":0,"flow_frac":0.5853658536585367,"upstream_km2":1.8556858419281683,"hand_m":0.7463364019626525,"area_in_meters":145.04229736328125,"confidence":0.8371999859809875}},{"type":"Feature","geometry":null,"properties":{"risk_score":2.726258167272088,"verdict":"RED_BLOCKS_DRAINAGE","lost_frac":0,"flow_frac":1.0,"upstream_km2":23.569236755371094,"hand_m":50,"area_in_meters":126.40399932861328,"confidence":0.8996999859809875}},{"type":"Feature","geometry":null,"properties":{"risk_score":2.7122756430907033,"verdict":"RED_BLOCKS_DRAINAGE","lost_frac":0,"flow_frac":1.0,"upstream_km2":23.169105529785156,"hand_m":50,"area_in_meters":76.56590270996094,"confidence":0.8996999859809875}},{"type":"Feature","geometry":null,"properties":{"risk_score":1.218722239743642,"verdict":"RED_BLOCKS_DRAINAGE","lost_frac":0,"flow_frac":1.0,"upstream_km2":3.1835825443267822,"hand_m":50,"area_in_meters":106.32990264892578,"confidence":0.76910001039505}},{"type":"Feature","geometry":null,"properties":{"risk_score":2.7531828599866013,"verdict":"RED_BLOCKS_DRAINAGE","lost_frac":0,"flow_frac":1.0,"upstream_km2":24.358482360839844,"hand_m":50,"area_in_meters":243.32139587402344,"confidence":0.83160001039505}},{"type":"Feature","geometry":null,"properties":{"risk_score":73.95407681354669,"verdict":"RED_BLOCKS_DRAINAGE","lost_frac":0,"flow_frac":0.7916666666666666,"upstream_km2":19.134084881593783,"hand_m":0.3958384195963542,"area_in_meters":149.7993927001953,"confidence":0.83160001039505}},{"type":"Feature","geometry":null,"properties":{"risk_score":2.9424738532717676,"verdict":"RED_BLOCKS_DRAINAGE","lost_frac":0,"flow_frac":1.0,"upstream_km2":30.670991897583008,"hand_m":50,"area_in_meters":122.77189636230469,"confidence":0.83160001039505}},{"type":"Feature","geometry":null,"properties":{"risk_score":224.74821647139066,"verdict":"RED_BLOCKS_DRAINAGE","lost_frac":0,"flow_frac":0.993723849372385,"upstream_km2":187.12750562444862,"hand_m":0.005648688791187239,"area_in_meters":1652.3419189453125,"confidence":0.7233999967575073}},{"type":"Feature","geometry":null,"properties":{"risk_score":2.726258167272088,"verdict":"RED_BLOCKS_DRAINAGE","lost_frac":0,"flow_frac":1.0,"upstream_km2":23.569236755371094,"hand_m":50,"area_in_meters":55.04990005493164,"confidence":0.7233999967575073}},{"type":"Feature","geometry":null,"properties":{"risk_score":73.67696233367688,"verdict":"RED_BLOCKS_DRAINAGE","lost_frac":0,"flow_frac":0.782608695652174,"upstream_km2":18.46925525772183,"hand_m":0.36956787109375,"area_in_meters":160.9656982421875,"confidence":0.7858999967575073}},{"type":"Feature","geometry":null,"properties":{"risk_score":2.746734327379937,"verdict":"RED_BLOCKS_DRAINAGE","lost_frac":0,"flow_frac":1.0,"upstream_km2":24.167177200317383,"hand_m":50,"area_in_meters":89.69000244140625,"confidence":0.8483999967575073}},{"type":"Feature","geometry":null,"properties":{"risk_score":1.7207611418853623,"verdict":"RED_BLOCKS_DRAINAGE","lost_frac":0,"flow_frac":1.0,"upstream_km2":6.543765544891357,"hand_m":50,"area_in_meters":290.05450439453125,"confidence":0.9108999967575073}},{"type":"Feature","geometry":null,"properties":{"risk_score":2.097194435114446,"verdict":"RED_BLOCKS_DRAINAGE","lost_frac":0,"flow_frac":1.0,"upstream_km2":10.737325859069824,"hand_m":50,"area_in_meters":73.36920166015625,"confidence":0.7289999723434448}},{"type":"Feature","geometry":null,"properties":{"risk_score":133.69371831518018,"verdict":"RED_BLOCKS_DRAINAGE","lost_frac":0,"flow_frac":0.9946524064171123,"upstream_km2":22.912585422152624,"hand_m":0.025668383919618985,"area_in_meters":615.794189453125,"confidence":0.8539999723434448}},{"type":"Feature","geometry":null,"properties":{"risk_score":5.398276765786517,"verdict":"GREEN_CLEAR","lost_frac":0,"flow_frac":0.11406690850463524,"upstream_km2":3.822261490531759,"hand_m":0.4437255613364697,"area_in_meters":8471.3551,"confidence":0.9164999723434448}},{"type":"Feature","geometry":null,"properties":{"risk_score":1.1928882961028775,"verdict":"RED_BLOCKS_DRAINAGE","lost_frac":0,"flow_frac":1.0,"upstream_km2":3.05856990814209,"hand_m":50,"area_in_meters":78.9656982421875,"confidence":0.7803000211715698}},{"type":"Feature","geometry":null,"properties":{"risk_score":2.7122756430907033,"verdict":"RED_BLOCKS_DRAINAGE","lost_frac":0,"flow_frac":1.0,"upstream_km2":23.169105529785156,"hand_m":50,"area_in_meters":233.68170166015625,"confidence":0.8428000211715698}},{"type":"Feature","geometry":null,"properties":{"risk_score":2.6925028059965572,"verdict":"AMBER_PARTIAL","lost_frac":0,"flow_frac":0.2727272727272727,"upstream_km2":0.9614705822684548,"hand_m":1.9636008522727273,"area_in_meters":74.28489685058594,"confidence":0.7346000075340271}},{"type":"Feature","geometry":null,"properties":{"risk_score":64.66930014509788,"verdict":"RED_BLOCKS_DRAINAGE","lost_frac":0,"flow_frac":0.6842105263157895,"upstream_km2":14.274261539998026,"hand_m":0.25264699835526316,"area_in_meters":120.1875,"confidence":0.7971000075340271}},{"type":"Feature","geometry":null,"properties":{"risk_score":2.9424738532717676,"verdict":"RED_BLOCKS_DRAINAGE","lost_frac":0,"flow_frac":1.0,"upstream_km2":30.670991897583008,"hand_m":50,"area_in_meters":207.1844024658203,"confidence":0.8596000075340271}},{"type":"Feature","geometry":null,"properties":{"risk_score":2.74869303397396,"verdict":"RED_BLOCKS_DRAINAGE","lost_frac":0,"flow_frac":1.0,"upstream_km2":24.22513198852539,"hand_m":50,"area_in_meters":274.31390380859375,"confidence":0.8596000075340271}},{"type":"Feature","geometry":null,"properties":{"risk_score":3.4534070666299064,"verdict":"AMBER_PARTIAL","lost_frac":0,"flow_frac":0.30901287553648066,"upstream_km2":0.7637541637528095,"hand_m":1.205142041644313,"area_in_meters":800.7628784179688,"confidence":0.8596000075340271}},{"type":"Feature","geometry":null,"properties":{"risk_score":1.2243886505375938,"verdict":"RED_BLOCKS_DRAINAGE","lost_frac":0,"flow_frac":1.0,"upstream_km2":3.2115136417182715,"hand_m":50,"area_in_meters":101.15910339355469,"confidence":0.8026999831199646}},{"type":"Feature","geometry":null,"properties":{"risk_score":2.821456888947226,"verdict":"RED_BLOCKS_DRAINAGE","lost_frac":0,"flow_frac":1.0,"upstream_km2":26.4753360748291,"hand_m":50,"area_in_meters":875.08349609375,"confidence":0.8026999831199646}},{"type":"Feature","geometry":null,"properties":{"risk_score":1.08093138689451,"verdict":"RED_BLOCKS_DRAINAGE","lost_frac":0,"flow_frac":1.0,"upstream_km2":2.558565855026245,"hand_m":50,"area_in_meters":70.94080352783203,"confidence":0.8026999831199646}},{"type":"Feature","geometry":null,"properties":{"risk_score":1.027435735880982,"verdict":"RED_BLOCKS_DRAINAGE","lost_frac":0,"flow_frac":1.0,"upstream_km2":2.341890573501587,"hand_m":50,"area_in_meters":96.9834976196289,"confidence":0.8026999831199646}},{"type":"Feature","geometry":null,"properties":{"risk_score":2.7181296218205406,"verdict":"RED_BLOCKS_DRAINAGE","lost_frac":0,"flow_frac":1.0,"upstream_km2":23.335826873779297,"hand_m":50,"area_in_meters":112.4749984741211,"confidence":0.8651999831199646}},{"type":"Feature","geometry":null,"properties":{"risk_score":4.4543237847400965,"verdict":"GREEN_CLEAR","lost_frac":0,"flow_frac":0.14705882352941177,"upstream_km2":1.401021768393762,"hand_m":0.2558719410615809,"area_in_meters":235.15260314941406,"confidence":0.8651999831199646}},{"type":"Feature","geometry":null,"properties":{"risk_score":2.7057893747707973,"verdict":"RED_BLOCKS_DRAINAGE","lost_frac":0,"flow_frac":1.0,"upstream_km2":22.98571014404297,"hand_m":50,"area_in_meters":294.35650634765625,"confidence":0.9276999831199646}},{"type":"Feature","geometry":null,"properties":{"risk_score":1.2102075795824938,"verdict":"RED_BLOCKS_DRAINAGE","lost_frac":0,"flow_frac":1.0,"upstream_km2":3.1419596672058105,"hand_m":50,"area_in_meters":59.37519836425781,"confidence":0.7513999938964844}},{"type":"Feature","geometry":null,"properties":{"risk_score":2.8590987292321377,"verdict":"RED_BLOCKS_DRAINAGE","lost_frac":0,"flow_frac":1.0,"upstream_km2":27.717084884643555,"hand_m":50,"area_in_meters":51.01499938964844,"confidence":0.7513999938964844}},{"type":"Feature","geometry":null,"properties":{"risk_score":11.755750805106821,"verdict":"RED_BLOCKS_DRAINAGE","lost_frac":0,"flow_frac":0.7368421052631579,"upstream_km2":1.9243613626121687,"hand_m":1.9210494192023024,"area_in_meters":54.4567985534668,"confidence":0.8083000183105469}},{"type":"Feature","geometry":null,"properties":{"risk_score":1.3240249083475428,"verdict":"RED_BLOCKS_DRAINAGE","lost_frac":0,"flow_frac":1.0,"upstream_km2":3.734266519546509,"hand_m":50,"area_in_meters":372.6415100097656,"confidence":0.8708000183105469}},{"type":"Feature","geometry":null,"properties":{"risk_score":3.8003819137491277,"verdict":"AMBER_PARTIAL","lost_frac":0,"flow_frac":0.26605504587155965,"upstream_km2":3.154748678908026,"hand_m":3.330274109446674,"area_in_meters":368.6780090332031,"confidence":0.9333000183105469}},{"type":"Feature","geometry":null,"properties":{"risk_score":2.0247105898989095,"verdict":"RED_BLOCKS_DRAINAGE","lost_frac":0,"flow_frac":1.0,"upstream_km2":9.779593921843029,"hand_m":50,"area_in_meters":64.6781005859375,"confidence":0.7001000046730042}},{"type":"Feature","geometry":null,"properties":{"risk_score":1.3387969416595396,"verdict":"RED_BLOCKS_DRAINAGE","lost_frac":0,"flow_frac":1.0,"upstream_km2":3.817108631134033,"hand_m":50,"area_in_meters":53.32600021362305,"confidence":0.7001000046730042}},{"type":"Feature","geometry":null,"properties":{"risk_score":88.97169707331079,"verdict":"RED_BLOCKS_DRAINAGE","lost_frac":0,"flow_frac":0.8571428571428571,"upstream_km2":28.378361554018092,"hand_m":0.41428048270089285,"area_in_meters":51.71929931640625,"confidence":0.7001000046730042}},{"type":"Feature","geometry":null,"properties":{"risk_score":2.7847691750353207,"verdict":"RED_BLOCKS_DRAINAGE","lost_frac":0,"flow_frac":1.0,"upstream_km2":25.31675148010254,"hand_m":50,"area_in_meters":85.54769897460938,"confidence":0.7626000046730042}},{"type":"Feature","geometry":null,"properties":{"risk_score":1.1104182891191237,"verdict":"RED_BLOCKS_DRAINAGE","lost_frac":0,"flow_frac":1.0,"upstream_km2":2.6839466094970703,"hand_m":50,"area_in_meters":227.4853057861328,"confidence":0.8251000046730042}},{"type":"Feature","geometry":null,"properties":{"risk_score":2.795489839364128,"verdict":"RED_BLOCKS_DRAINAGE","lost_frac":0,"flow_frac":1.0,"upstream_km2":25.65015983581543,"hand_m":50,"area_in_meters":82.6343002319336,"confidence":0.7056999802589417}},{"type":"Feature","geometry":null,"properties":{"risk_score":3.8304054396123486,"verdict":"AMBER_PARTIAL","lost_frac":0,"flow_frac":0.25,"upstream_km2":6.945939944125712,"hand_m":4.875,"area_in_meters":111.49240112304688,"confidence":0.7056999802589417}},{"type":"Feature","geometry":null,"properties":{"risk_score":17.235401425745017,"verdict":"RED_BLOCKS_DRAINAGE","lost_frac":0,"flow_frac":0.6206896551724138,"upstream_km2":1.6851545635867737,"hand_m":0.5448250606142241,"area_in_meters":127.3927993774414,"confidence":0.8306999802589417}},{"type":"Feature","geometry":null,"properties":{"risk_score":58.45786243434274,"verdict":"RED_BLOCKS_DRAINAGE","lost_frac":0,"flow_frac":0.7349397590361446,"upstream_km2":17.165293950452863,"hand_m":0.5831357657191264,"area_in_meters":275.6763000488281,"confidence":0.8306999802589417}},{"type":"Feature","geometry":null,"properties":{"risk_score":1.0789346998056413,"verdict":"RED_BLOCKS_DRAINAGE","lost_frac":0,"flow_frac":1.0,"upstream_km2":2.550231695175171,"hand_m":50,"area_in_meters":95.4458999633789,"confidence":0.8306999802589417}},{"type":"Feature","geometry":null,"properties":{"risk_score":2.7195868167943518,"verdict":"RED_BLOCKS_DRAINAGE","lost_frac":0,"flow_frac":1.0,"upstream_km2":23.377506256103516,"hand_m":50,"area_in_meters":167.63479614257812,"confidence":0.8306999802589417}},{"type":"Feature","geometry":null,"properties":{"risk_score":1.2221083421189252,"verdict":"RED_BLOCKS_DRAINAGE","lost_frac":0,"flow_frac":1.0,"upstream_km2":3.2002511024475098,"hand_m":50,"area_in_meters":113.66819763183594,"confidence":0.8306999802589417}},{"type":"Feature","geometry":null,"properties":{"risk_score":74.34515738443422,"verdict":"RED_BLOCKS_DRAINAGE","lost_frac":0,"flow_frac":0.696629213483146,"upstream_km2":50.84836688919223,"hand_m":0.6067415730337078,"area_in_meters":300.8658142089844,"confidence":0.8306999802589417}},{"type":"Feature","geometry":null,"properties":{"risk_score":1.7961561780654347,"verdict":"RED_BLOCKS_DRAINAGE","lost_frac":0,"flow_frac":1.0,"upstream_km2":7.242133617401123,"hand_m":50,"area_in_meters":177.41050720214844,"confidence":0.7570000290870667}},{"type":"Feature","geometry":null,"properties":{"risk_score":1.8168169333870148,"verdict":"RED_BLOCKS_DRAINAGE","lost_frac":0,"flow_frac":1.0,"upstream_km2":7.444552421569824,"hand_m":50,"area_in_meters":98.01909637451172,"confidence":0.7570000290870667}},{"type":"Feature","geometry":null,"properties":{"risk_score":2.9424738532717676,"verdict":"RED_BLOCKS_DRAINAGE","lost_frac":0,"flow_frac":1.0,"upstream_km2":30.670991897583008,"hand_m":50,"area_in_meters":84.268798828125,"confidence":0.8195000290870667}},{"type":"Feature","geometry":null,"properties":{"risk_score":77.70493437138053,"verdict":"RED_BLOCKS_DRAINAGE","lost_frac":0,"flow_frac":0.7527417746759721,"upstream_km2":19.56140458307499,"hand_m":0.27197801127866406,"area_in_meters":3453.048095703125,"confidence":0.8820000290870667}},{"type":"Feature","geometry":null,"properties":{"risk_score":3.0223792621641805,"verdict":"AMBER_PARTIAL","lost_frac":0,"flow_frac":0.23529411764705882,"upstream_km2":0.7632955396000077,"hand_m":0.9176563936121322,"area_in_meters":43.099098205566406,"confidence":0.7113000154495239}},{"type":"Feature","geometry":null,"properties":{"risk_score":1.2271810506247398,"verdict":"RED_BLOCKS_DRAINAGE","lost_frac":0,"flow_frac":1.0,"upstream_km2":3.225346565246582,"hand_m":50,"area_in_meters":103.1686019897461,"confidence":0.7113000154495239}},{"type":"Feature","geometry":null,"properties":{"risk_score":2.1020262207802123,"verdict":"RED_BLOCKS_DRAINAGE","lost_frac":0,"flow_frac":1.0,"upstream_km2":10.804113388061523,"hand_m":50,"area_in_meters":47.84260177612305,"confidence":0.7738000154495239}},{"type":"Feature","geometry":null,"properties":{"risk_score":2.8590987292321377,"verdict":"RED_BLOCKS_DRAINAGE","lost_frac":0,"flow_frac":1.0,"upstream_km2":27.717084884643555,"hand_m":50,"area_in_meters":64.081298828125,"confidence":0.7738000154495239}},{"type":"Feature","geometry":null,"properties":{"risk_score":4.462602477385513,"verdict":"RED_BLOCKS_DRAINAGE","lost_frac":0,"flow_frac":1.0,"upstream_km2":187.76751708984375,"hand_m":50,"area_in_meters":61.56230163574219,"confidence":0.8363000154495239}},{"type":"Feature","geometry":null,"properties":{"risk_score":85.95112156921813,"verdict":"RED_BLOCKS_DRAINAGE","lost_frac":0,"flow_frac":0.7307692307692307,"upstream_km2":17.671848399421343,"hand_m":0.08078237680288461,"area_in_meters":68.67520141601562,"confidence":0.8363000154495239}},{"type":"Feature","geometry":null,"properties":{"risk_score":110.3228723903608,"verdict":"RED_BLOCKS_DRAINAGE","lost_frac":0,"flow_frac":0.8787878787878789,"upstream_km2":18.312298098296832,"hand_m":0.024243903882575763,"area_in_meters":104.73040008544922,"confidence":0.8363000154495239}},{"type":"Feature","geometry":null,"properties":{"risk_score":35.020033215410976,"verdict":"RED_BLOCKS_DRAINAGE","lost_frac":0,"flow_frac":0.8395061728395062,"upstream_km2":6.228085257204963,"hand_m":1.05926513671875,"area_in_meters":252.25399780273438,"confidence":0.8988000154495239}},{"type":"Feature","geometry":null,"properties":{"risk_score":2.1372615404335384,"verdict":"GREEN_CLEAR","lost_frac":0,"flow_frac":0.1426991150442478,"upstream_km2":3.0411442978157193,"hand_m":3.049463930383192,"area_in_meters":3114.294189453125,"confidence":0.8988000154495239}},{"type":"Feature","geometry":null,"properties":{"risk_score":2.625733414849012,"verdict":"RED_BLOCKS_DRAINAGE","lost_frac":0,"flow_frac":1.0,"upstream_km2":20.833534240722656,"hand_m":50,"area_in_meters":70.30400085449219,"confidence":0.7793999910354614}},{"type":"Feature","geometry":null,"properties":{"risk_score":8.513917241937085,"verdict":"RED_BLOCKS_DRAINAGE","lost_frac":0,"flow_frac":0.5454545454545454,"upstream_km2":1.22663051397963,"hand_m":1.2272505326704546,"area_in_meters":68.15509796142578,"confidence":0.7793999910354614}},{"type":"Feature","geometry":null,"properties":{"risk_score":4.7893514386612255,"verdict":"RED_BLOCKS_DRAINAGE","lost_frac":0,"flow_frac":1.0,"upstream_km2":276.05706787109375,"hand_m":50,"area_in_meters":40.77199935913086,"confidence":0.8418999910354614}},{"type":"Feature","geometry":null,"properties":{"risk_score":2.8191822165368046,"verdict":"AMBER_PARTIAL","lost_frac":0,"flow_frac":0.38461538461538464,"upstream_km2":1.1848814980341837,"hand_m":3.6307466947115383,"area_in_meters":220.94479370117188,"confidence":0.9043999910354614}},{"type":"Feature","geometry":null,"properties":{"risk_score":4.622358045879922,"verdict":"RED_BLOCKS_DRAINAGE","lost_frac":0,"flow_frac":1.0,"upstream_km2":226.7207489013672,"hand_m":50,"area_in_meters":208.6468048095703,"confidence":0.7281000018119812}},{"type":"Feature","geometry":null,"properties":{"risk_score":1.0124383803323538,"verdict":"RED_BLOCKS_DRAINAGE","lost_frac":0,"flow_frac":1.0,"upstream_km2":2.2835495471954346,"hand_m":50,"area_in_meters":56.87300109863281,"confidence":0.7281000018119812}},{"type":"Feature","geometry":null,"properties":{"risk_score":2.8608269530142323,"verdict":"RED_BLOCKS_DRAINAGE","lost_frac":0,"flow_frac":1.0,"upstream_km2":27.77542495727539,"hand_m":50,"area_in_meters":108.39320373535156,"confidence":0.7906000018119812}},{"type":"Feature","geometry":null,"properties":{"risk_score":1.7555958063690382,"verdict":"RED_BLOCKS_DRAINAGE","lost_frac":0,"flow_frac":1.0,"upstream_km2":6.858757019042969,"hand_m":50,"area_in_meters":155.95480346679688,"confidence":0.8531000018119812}},{"type":"Feature","geometry":null,"properties":{"risk_score":1.9784411517309448,"verdict":"RED_BLOCKS_DRAINAGE","lost_frac":0,"flow_frac":1.0,"upstream_km2":9.20951208114624,"hand_m":50,"area_in_meters":159.78390502929688,"confidence":0.8531000018119812}},{"type":"Feature","geometry":null,"properties":{"risk_score":1.8140496831345745,"verdict":"RED_BLOCKS_DRAINAGE","lost_frac":0,"flow_frac":1.0,"upstream_km2":7.4171552658081055,"hand_m":50,"area_in_meters":132.07749938964844,"confidence":0.8531000018119812}},{"type":"Feature","geometry":null,"properties":{"risk_score":2.7271244655376394,"verdict":"RED_BLOCKS_DRAINAGE","lost_frac":0,"flow_frac":1.0,"upstream_km2":23.5942440032959,"hand_m":50,"area_in_meters":94.56520080566406,"confidence":0.7336999773979187}},{"type":"Feature","geometry":null,"properties":{"risk_score":2.747579924760383,"verdict":"RED_BLOCKS_DRAINAGE","lost_frac":0,"flow_frac":1.0,"upstream_km2":24.192180633544922,"hand_m":50,"area_in_meters":116.39900207519531,"confidence":0.7961999773979187}},{"type":"Feature","geometry":null,"properties":{"risk_score":2.410000006003811,"verdict":"RED_BLOCKS_DRAINAGE","lost_frac":0,"flow_frac":1.0,"upstream_km2":15.947279930114746,"hand_m":50,"area_in_meters":146.05419921875,"confidence":0.7961999773979187}},{"type":"Feature","geometry":null,"properties":{"risk_score":3.6644506389741767,"verdict":"RED_BLOCKS_DRAINAGE","lost_frac":0,"flow_frac":1.0,"upstream_km2":72.93836212158203,"hand_m":50,"area_in_meters":102.76419830322266,"confidence":0.7961999773979187}},{"type":"Feature","geometry":null,"properties":{"risk_score":1.3087953906972356,"verdict":"RED_BLOCKS_DRAINAGE","lost_frac":0,"flow_frac":1.0,"upstream_km2":3.6503500938415527,"hand_m":50,"area_in_meters":112.2947998046875,"confidence":0.8586999773979187}},{"type":"Feature","geometry":null,"properties":{"risk_score":1.0328616247557254,"verdict":"RED_BLOCKS_DRAINAGE","lost_frac":0,"flow_frac":1.0,"upstream_km2":2.3632521510124205,"hand_m":50,"area_in_meters":121.456298828125,"confidence":0.8586999773979187}},{"type":"Feature","geometry":null,"properties":{"risk_score":1.2871678626620489,"verdict":"RED_BLOCKS_DRAINAGE","lost_frac":0,"flow_frac":1.0,"upstream_km2":3.5337295532226562,"hand_m":50,"area_in_meters":103.39820098876953,"confidence":0.8586999773979187}},{"type":"Feature","geometry":null,"properties":{"risk_score":107.24053696032621,"verdict":"RED_BLOCKS_DRAINAGE","lost_frac":0,"flow_frac":0.9270833333333333,"upstream_km2":25.195332677986393,"hand_m":0.22603988647460938,"area_in_meters":338.9952087402344,"confidence":0.8586999773979187}},{"type":"Feature","geometry":null,"properties":{"risk_score":12.38720406976729,"verdict":"AMBER_PARTIAL","lost_frac":0,"flow_frac":0.25,"upstream_km2":6.625085275620222,"hand_m":0.7805565728081597,"area_in_meters":118.75039672851562,"confidence":0.8586999773979187}},{"type":"Feature","geometry":null,"properties":{"risk_score":10.227563833467821,"verdict":"AMBER_PARTIAL","lost_frac":0,"flow_frac":0.36170212765957455,"upstream_km2":2.6772799029589653,"hand_m":1.0000090903424204,"area_in_meters":147.5854034423828,"confidence":0.7850000262260437}},{"type":"Feature","geometry":null,"properties":{"risk_score":98.82183770426226,"verdict":"RED_BLOCKS_DRAINAGE","lost_frac":0,"flow_frac":0.896551724137931,"upstream_km2":20.96345530077815,"hand_m":0.21724516769935345,"area_in_meters":97.93939971923828,"confidence":0.7850000262260437}},{"type":"Feature","geometry":null,"properties":{"risk_score":2.212307038183829,"verdict":"AMBER_PARTIAL","lost_frac":0,"flow_frac":0.2894736842105263,"upstream_km2":0.8938410153220359,"hand_m":2.6289560418379936,"area_in_meters":114.28309631347656,"confidence":0.8475000262260437}},{"type":"Feature","geometry":null,"properties":{"risk_score":3.7278059877084164,"verdict":"RED_BLOCKS_DRAINAGE","lost_frac":0,"flow_frac":1.0,"upstream_km2":78.64913317761614,"hand_m":50,"area_in_meters":1589.5621337890625,"confidence":0.9100000262260437}},{"type":"Feature","geometry":null,"properties":{"risk_score":116.06407837712432,"verdict":"RED_BLOCKS_DRAINAGE","lost_frac":0,"flow_frac":0.8493150684931507,"upstream_km2":61.948906096859446,"hand_m":0.3164346773330479,"area_in_meters":270.3323974609375,"confidence":0.9100000262260437}},{"type":"Feature","geometry":null,"properties":{"risk_score":1.2050599037414342,"verdict":"RED_BLOCKS_DRAINAGE","lost_frac":0,"flow_frac":1.0,"upstream_km2":3.116997003555298,"hand_m":50,"area_in_meters":228.8538055419922,"confidence":0.801800012588501}},{"type":"Feature","geometry":null,"properties":{"risk_score":2.734882007150012,"verdict":"RED_BLOCKS_DRAINAGE","lost_frac":0,"flow_frac":1.0,"upstream_km2":23.819316864013672,"hand_m":50,"area_in_meters":76.76529693603516,"confidence":0.801800012588501}},{"type":"Feature","geometry":null,"properties":{"risk_score":1.0789346998056413,"verdict":"RED_BLOCKS_DRAINAGE","lost_frac":0,"flow_frac":1.0,"upstream_km2":2.550231695175171,"hand_m":50,"area_in_meters":156.2021942138672,"confidence":0.7448999881744385}},{"type":"Feature","geometry":null,"properties":{"risk_score":1.3240249083475428,"verdict":"RED_BLOCKS_DRAINAGE","lost_frac":0,"flow_frac":1.0,"upstream_km2":3.734266519546509,"hand_m":50,"area_in_meters":418.1933898925781,"confidence":0.8073999881744385}},{"type":"Feature","geometry":null,"properties":{"risk_score":1.2338736348166532,"verdict":"RED_BLOCKS_DRAINAGE","lost_frac":0,"flow_frac":1.0,"upstream_km2":3.258685350418091,"hand_m":50,"area_in_meters":93.31220245361328,"confidence":0.8073999881744385}},{"type":"Feature","geometry":null,"properties":{"risk_score":2.625733414849012,"verdict":"RED_BLOCKS_DRAINAGE","lost_frac":0,"flow_frac":1.0,"upstream_km2":20.833534240722656,"hand_m":50,"area_in_meters":76.2031021118164,"confidence":0.8073999881744385}},{"type":"Feature","geometry":null,"properties":{"risk_score":2.707563243983808,"verdict":"RED_BLOCKS_DRAINAGE","lost_frac":0,"flow_frac":1.0,"upstream_km2":23.03572654724121,"hand_m":50,"area_in_meters":83.30449676513672,"confidence":0.8073999881744385}},{"type":"Feature","geometry":null,"properties":{"risk_score":4.595989870710401,"verdict":"RED_BLOCKS_DRAINAGE","lost_frac":0,"flow_frac":1.0,"upstream_km2":219.7775115966797,"hand_m":50,"area_in_meters":136.32699584960938,"confidence":0.8073999881744385}},{"type":"Feature","geometry":null,"properties":{"risk_score":1.973065289909979,"verdict":"RED_BLOCKS_DRAINAGE","lost_frac":0,"flow_frac":1.0,"upstream_km2":9.145262718200684,"hand_m":50,"area_in_meters":63.92900085449219,"confidence":0.8073999881744385}},{"type":"Feature","geometry":null,"properties":{"risk_score":2.7195868167943518,"verdict":"RED_BLOCKS_DRAINAGE","lost_frac":0,"flow_frac":1.0,"upstream_km2":23.377506256103516,"hand_m":50,"area_in_meters":102.73760223388672,"confidence":0.8698999881744385}},{"type":"Feature","geometry":null,"properties":{"risk_score":1.1553618013596088,"verdict":"RED_BLOCKS_DRAINAGE","lost_frac":0,"flow_frac":1.0,"upstream_km2":2.8836002349853516,"hand_m":50,"area_in_meters":216.85850524902344,"confidence":0.8755000233650208}},{"type":"Feature","geometry":null,"properties":{"risk_score":2.754950157303483,"verdict":"RED_BLOCKS_DRAINAGE","lost_frac":0,"flow_frac":1.0,"upstream_km2":24.411165237426758,"hand_m":50,"area_in_meters":81.29969787597656,"confidence":0.8755000233650208}},{"type":"Feature","geometry":null,"properties":{"risk_score":23.70510226380288,"verdict":"RED_BLOCKS_DRAINAGE","lost_frac":0,"flow_frac":0.75,"upstream_km2":1.820966362254694,"hand_m":0.4250030517578125,"area_in_meters":101.78070068359375,"confidence":0.8755000233650208}},{"type":"Feature","geometry":null,"properties":{"risk_score":2.402770174033004,"verdict":"AMBER_PARTIAL","lost_frac":0,"flow_frac":0.24242424242424246,"upstream_km2":2.932636311531745,"hand_m":4.999981504498107,"area_in_meters":129.12069702148438,"confidence":0.8755000233650208}},{"type":"Feature","geometry":null,"properties":{"risk_score":2.728566428327632,"verdict":"RED_BLOCKS_DRAINAGE","lost_frac":0,"flow_frac":1.0,"upstream_km2":23.63592529296875,"hand_m":50,"area_in_meters":293.26739501953125,"confidence":0.9380000233650208}},{"type":"Feature","geometry":null,"properties":{"risk_score":47.65850864614355,"verdict":"RED_BLOCKS_DRAINAGE","lost_frac":0,"flow_frac":0.6363636363636366,"upstream_km2":6.09644174146833,"hand_m":0.1363580877130682,"area_in_meters":449.07220458984375,"confidence":0.7560999989509583}},{"type":"Feature","geometry":null,"properties":{"risk_score":2.7574605196361532,"verdict":"RED_BLOCKS_DRAINAGE","lost_frac":0,"flow_frac":1.0,"upstream_km2":24.486186981201172,"hand_m":50,"area_in_meters":44.5786018371582,"confidence":0.8185999989509583}},{"type":"Feature","geometry":null,"properties":{"risk_score":1.027435735880982,"verdict":"RED_BLOCKS_DRAINAGE","lost_frac":0,"flow_frac":1.0,"upstream_km2":2.341890573501587,"hand_m":50,"area_in_meters":119.82720184326172,"confidence":0.8185999989509583}},{"type":"Feature","geometry":null,"properties":{"risk_score":2.7195868167943518,"verdict":"RED_BLOCKS_DRAINAGE","lost_frac":0,"flow_frac":1.0,"upstream_km2":23.377506256103516,"hand_m":50,"area_in_meters":201.50880432128906,"confidence":0.8185999989509583}},{"type":"Feature","geometry":null,"properties":{"risk_score":94.96939108927548,"verdict":"RED_BLOCKS_DRAINAGE","lost_frac":0,"flow_frac":0.8939393939393939,"upstream_km2":21.083013173009295,"hand_m":0.26515151515151514,"area_in_meters":227.76849365234375,"confidence":0.8185999989509583}},{"type":"Feature","geometry":null,"properties":{"risk_score":1.7207611418853623,"verdict":"RED_BLOCKS_DRAINAGE","lost_frac":0,"flow_frac":1.0,"upstream_km2":6.543765544891357,"hand_m":50,"area_in_meters":68.40129852294922,"confidence":0.8810999989509583}},{"type":"Feature","geometry":null,"properties":{"risk_score":2.9424738532717676,"verdict":"RED_BLOCKS_DRAINAGE","lost_frac":0,"flow_frac":1.0,"upstream_km2":30.670991897583008,"hand_m":50,"area_in_meters":44.61640167236328,"confidence":0.7616999745368958}},{"type":"Feature","geometry":null,"properties":{"risk_score":1.3664825423123341,"verdict":"RED_BLOCKS_DRAINAGE","lost_frac":0,"flow_frac":1.0,"upstream_km2":3.976294755935669,"hand_m":50,"area_in_meters":81.70829772949219,"confidence":0.8241999745368958}},{"type":"Feature","geometry":null,"properties":{"risk_score":3.289799212433538,"verdict":"AMBER_PARTIAL","lost_frac":0,"flow_frac":0.25,"upstream_km2":2.851073879748583,"hand_m":3.449981689453125,"area_in_meters":125.95339965820312,"confidence":0.8241999745368958}},{"type":"Feature","geometry":null,"properties":{"risk_score":40.74298295938579,"verdict":"AMBER_PARTIAL","lost_frac":0,"flow_frac":0.5,"upstream_km2":12.829247504938396,"hand_m":0.39999389648437506,"area_in_meters":83.4561996459961,"confidence":0.8866999745368958}},{"type":"Feature","geometry":null,"properties":{"risk_score":2.1729492559045873,"verdict":"RED_BLOCKS_DRAINAGE","lost_frac":0,"flow_frac":1.0,"upstream_km2":11.829334259033203,"hand_m":50,"area_in_meters":272.4209899902344,"confidence":0.8866999745368958}},{"type":"Feature","geometry":null,"properties":{"risk_score":1.3027723220978629,"verdict":"RED_BLOCKS_DRAINAGE","lost_frac":0,"flow_frac":1.0,"upstream_km2":3.6175742149353027,"hand_m":50,"area_in_meters":328.6585998535156,"confidence":0.8866999745368958}},{"type":"Feature","geometry":null,"properties":{"risk_score":2.8042594363021713,"verdict":"RED_BLOCKS_DRAINAGE","lost_frac":0,"flow_frac":1.0,"upstream_km2":25.926029205322266,"hand_m":50,"area_in_meters":104.28959655761719,"confidence":0.704800009727478}},{"type":"Feature","geometry":null,"properties":{"risk_score":2.7181296218205406,"verdict":"RED_BLOCKS_DRAINAGE","lost_frac":0,"flow_frac":1.0,"upstream_km2":23.335826873779297,"hand_m":50,"area_in_meters":219.88380432128906,"confidence":0.829800009727478}},{"type":"Feature","geometry":null,"properties":{"risk_score":2.9151464477716975,"verdict":"RED_BLOCKS_DRAINAGE","lost_frac":0,"flow_frac":1.0,"upstream_km2":29.6707706451416,"hand_m":50,"area_in_meters":193.9508056640625,"confidence":0.829800009727478}},{"type":"Feature","geometry":null,"properties":{"risk_score":2.7994755610117856,"verdict":"RED_BLOCKS_DRAINAGE","lost_frac":0,"flow_frac":1.0,"upstream_km2":25.775188446044922,"hand_m":50,"area_in_meters":144.45269775390625,"confidence":0.829800009727478}},{"type":"Feature","geometry":null,"properties":{"risk_score":2.754111722614967,"verdict":"RED_BLOCKS_DRAINAGE","lost_frac":0,"flow_frac":1.0,"upstream_km2":24.386157989501953,"hand_m":50,"area_in_meters":222.08079528808594,"confidence":0.829800009727478}},{"type":"Feature","geometry":null,"properties":{"risk_score":1.3148783772171446,"verdict":"RED_BLOCKS_DRAINAGE","lost_frac":0,"flow_frac":1.0,"upstream_km2":3.683688163757324,"hand_m":50,"area_in_meters":302.1759033203125,"confidence":0.829800009727478}},{"type":"Feature","geometry":null,"properties":{"risk_score":4.789428349793748,"verdict":"RED_BLOCKS_DRAINAGE","lost_frac":0,"flow_frac":1.0,"upstream_km2":276.08209228515625,"hand_m":50,"area_in_meters":289.6542053222656,"confidence":0.892300009727478}},{"type":"Feature","geometry":null,"properties":{"risk_score":1.1858824641106303,"verdict":"RED_BLOCKS_DRAINAGE","lost_frac":0,"flow_frac":1.0,"upstream_km2":3.0253167152404785,"hand_m":50,"area_in_meters":435.4393005371094,"confidence":0.892300009727478}},{"type":"Feature","geometry":null,"properties":{"risk_score":30.713544727804447,"verdict":"RED_BLOCKS_DRAINAGE","lost_frac":0,"flow_frac":0.7571428571428571,"upstream_km2":5.0257754851664815,"hand_m":0.9228690011160714,"area_in_meters":240.29730224609375,"confidence":0.7103999853134155}},{"type":"Feature","geometry":null,"properties":{"risk_score":2.7195868167943518,"verdict":"RED_BLOCKS_DRAINAGE","lost_frac":0,"flow_frac":1.0,"upstream_km2":23.377506256103516,"hand_m":50,"area_in_meters":66.03700256347656,"confidence":0.7103999853134155}},{"type":"Feature","geometry":null,"properties":{"risk_score":2.1068234388346068,"verdict":"RED_BLOCKS_DRAINAGE","lost_frac":0,"flow_frac":1.0,"upstream_km2":10.87079906463623,"hand_m":50,"area_in_meters":257.7244873046875,"confidence":0.7728999853134155}},{"type":"Feature","geometry":null,"properties":{"risk_score":1.5651151992171115,"verdict":"RED_BLOCKS_DRAINAGE","lost_frac":0,"flow_frac":1.0,"upstream_km2":5.283603191375732,"hand_m":50,"area_in_meters":173.94720458984375,"confidence":0.8353999853134155}},{"type":"Feature","geometry":null,"properties":{"risk_score":98.20727090455662,"verdict":"RED_BLOCKS_DRAINAGE","lost_frac":0,"flow_frac":0.967741935483871,"upstream_km2":11.682223701609237,"hand_m":0.08709716796875,"area_in_meters":431.1025085449219,"confidence":0.8353999853134155}},{"type":"Feature","geometry":null,"properties":{"risk_score":2.7195868167943518,"verdict":"RED_BLOCKS_DRAINAGE","lost_frac":0,"flow_frac":1.0,"upstream_km2":23.377506256103516,"hand_m":50,"area_in_meters":69.88040161132812,"confidence":0.8353999853134155}},{"type":"Feature","geometry":null,"properties":{"risk_score":1.866250290281015,"verdict":"AMBER_PARTIAL","lost_frac":0,"flow_frac":0.15112540192926044,"upstream_km2":1.0030809810498902,"hand_m":1.443097178959003,"area_in_meters":1069.931396484375,"confidence":0.8353999853134155}},{"type":"Feature","geometry":null,"properties":{"risk_score":1.0015619133127636,"verdict":"RED_BLOCKS_DRAINAGE","lost_frac":0,"flow_frac":1.0,"upstream_km2":2.241877317428589,"hand_m":50,"area_in_meters":129.9553985595703,"confidence":0.8353999853134155}},{"type":"Feature","geometry":null,"properties":{"risk_score":1.0015619133127636,"verdict":"RED_BLOCKS_DRAINAGE","lost_frac":0,"flow_frac":1.0,"upstream_km2":2.241877317428589,"hand_m":50,"area_in_meters":63.16579818725586,"confidence":0.7271999716758728}},{"type":"Feature","geometry":null,"properties":{"risk_score":30.204755040627074,"verdict":"RED_BLOCKS_DRAINAGE","lost_frac":0,"flow_frac":0.6666666666666666,"upstream_km2":2.1504791850845018,"hand_m":0.09999593098958333,"area_in_meters":74.34100341796875,"confidence":0.7896999716758728}},{"type":"Feature","geometry":null,"properties":{"risk_score":2.860333540653563,"verdict":"RED_BLOCKS_DRAINAGE","lost_frac":0,"flow_frac":1.0,"upstream_km2":27.758756637573242,"hand_m":50,"area_in_meters":59.01900100708008,"confidence":0.7896999716758728}},{"type":"Feature","geometry":null,"properties":{"risk_score":20.048482996094876,"verdict":"AMBER_PARTIAL","lost_frac":0,"flow_frac":0.3,"upstream_km2":12.196908658339334,"hand_m":0.6766438802083333,"area_in_meters":102.52639770507812,"confidence":0.8521999716758728}},{"type":"Feature","geometry":null,"properties":{"risk_score":1.7528822732789648,"verdict":"RED_BLOCKS_DRAINAGE","lost_frac":0,"flow_frac":1.0,"upstream_km2":6.833754539489746,"hand_m":50,"area_in_meters":128.80589294433594,"confidence":0.8521999716758728}},{"type":"Feature","geometry":null,"properties":{"risk_score":1.32092996898325,"verdict":"RED_BLOCKS_DRAINAGE","lost_frac":0,"flow_frac":1.0,"upstream_km2":3.7170913219451904,"hand_m":50,"area_in_meters":41.3484992980957,"confidence":0.7785000205039978}},{"type":"Feature","geometry":null,"properties":{"risk_score":15.038273490026679,"verdict":"AMBER_PARTIAL","lost_frac":0,"flow_frac":0.38095238095238093,"upstream_km2":11.689347285732982,"hand_m":1.7952532087053572,"area_in_meters":215.64520263671875,"confidence":0.8410000205039978}},{"type":"Feature","geometry":null,"properties":{"risk_score":2.797617907238475,"verdict":"RED_BLOCKS_DRAINAGE","lost_frac":0,"flow_frac":1.0,"upstream_km2":25.716842651367188,"hand_m":50,"area_in_meters":139.74920654296875,"confidence":0.8410000205039978}},{"type":"Feature","geometry":null,"properties":{"risk_score":1.2871678626620489,"verdict":"RED_BLOCKS_DRAINAGE","lost_frac":0,"flow_frac":1.0,"upstream_km2":3.5337295532226562,"hand_m":50,"area_in_meters":113.37030029296875,"confidence":0.8410000205039978}},{"type":"Feature","geometry":null,"properties":{"risk_score":15.704939737125315,"verdict":"RED_BLOCKS_DRAINAGE","lost_frac":0,"flow_frac":0.7,"upstream_km2":2.569969374531259,"hand_m":1.4633341471354169,"area_in_meters":95.6063003540039,"confidence":0.7215999960899353}},{"type":"Feature","geometry":null,"properties":{"risk_score":1.9767937646980749,"verdict":"RED_BLOCKS_DRAINAGE","lost_frac":0,"flow_frac":1.0,"upstream_km2":9.189780291389015,"hand_m":50,"area_in_meters":167.32130432128906,"confidence":0.7840999960899353}},{"type":"Feature","geometry":null,"properties":{"risk_score":2.1032280440847284,"verdict":"RED_BLOCKS_DRAINAGE","lost_frac":0,"flow_frac":1.0,"upstream_km2":10.820784568786621,"hand_m":50,"area_in_meters":149.73959350585938,"confidence":0.7840999960899353}},{"type":"Feature","geometry":null,"properties":{"risk_score":6.430607158715529,"verdict":"RED_BLOCKS_DRAINAGE","lost_frac":0,"flow_frac":0.5094339622641509,"upstream_km2":1.2990174559560026,"hand_m":1.8641449550412736,"area_in_meters":187.4945068359375,"confidence":0.8465999960899353}},{"type":"Feature","geometry":null,"properties":{"risk_score":2.27417004680226,"verdict":"AMBER_PARTIAL","lost_frac":0,"flow_frac":0.25,"upstream_km2":0.6104613521602005,"hand_m":1.2750091552734375,"area_in_meters":59.707801818847656,"confidence":0.8465999960899353}},{"type":"Feature","geometry":null,"properties":{"risk_score":2.860333540653563,"verdict":"RED_BLOCKS_DRAINAGE","lost_frac":0,"flow_frac":1.0,"upstream_km2":27.758756637573242,"hand_m":50,"area_in_meters":210.4868927001953,"confidence":0.7383999824523926}},{"type":"Feature","geometry":null,"properties":{"risk_score":1.7528822732789648,"verdict":"RED_BLOCKS_DRAINAGE","lost_frac":0,"flow_frac":1.0,"upstream_km2":6.833754539489746,"hand_m":50,"area_in_meters":119.93109893798828,"confidence":0.7383999824523926}},{"type":"Feature","geometry":null,"properties":{"risk_score":2.7086593503592282,"verdict":"RED_BLOCKS_DRAINAGE","lost_frac":0,"flow_frac":1.0,"upstream_km2":23.06668472290039,"hand_m":50,"area_in_meters":108.27149963378906,"confidence":0.8008999824523926}},{"type":"Feature","geometry":null,"properties":{"risk_score":107.0141025407051,"verdict":"RED_BLOCKS_DRAINAGE","lost_frac":0,"flow_frac":0.9117647058823529,"upstream_km2":24.816704077673528,"hand_m":0.20294548483455882,"area_in_meters":100.497802734375,"confidence":0.8008999824523926}},{"type":"Feature","geometry":null,"properties":{"risk_score":2.9050565157646946,"verdict":"RED_BLOCKS_DRAINAGE","lost_frac":0,"flow_frac":1.0,"upstream_km2":29.30950355529785,"hand_m":50,"area_in_meters":51.68360137939453,"confidence":0.8633999824523926}},{"type":"Feature","geometry":null,"properties":{"risk_score":1.9779404050100857,"verdict":"RED_BLOCKS_DRAINAGE","lost_frac":0,"flow_frac":1.0,"upstream_km2":9.203510284423828,"hand_m":50,"area_in_meters":190.18600463867188,"confidence":0.8633999824523926}},{"type":"Feature","geometry":null,"properties":{"risk_score":1.7574000880780674,"verdict":"RED_BLOCKS_DRAINAGE","lost_frac":0,"flow_frac":1.0,"upstream_km2":6.875425815582275,"hand_m":50,"area_in_meters":171.56619262695312,"confidence":0.8633999824523926}},{"type":"Feature","geometry":null,"properties":{"risk_score":1.1553618013596088,"verdict":"RED_BLOCKS_DRAINAGE","lost_frac":0,"flow_frac":1.0,"upstream_km2":2.8836002349853516,"hand_m":50,"area_in_meters":374.2814025878906,"confidence":0.8633999824523926}},{"type":"Feature","geometry":null,"properties":{"risk_score":2.241910628829362,"verdict":"RED_BLOCKS_DRAINAGE","lost_frac":0,"flow_frac":0.8073394495412844,"upstream_km2":25.075049090822905,"hand_m":50,"area_in_meters":373.6766052246094,"confidence":0.9258999824523926}},{"type":"Feature","geometry":null,"properties":{"risk_score":46.320191005125594,"verdict":"RED_BLOCKS_DRAINAGE","lost_frac":0,"flow_frac":0.5604395604395604,"upstream_km2":14.480790788328257,"hand_m":0.43956043956043955,"area_in_meters":583.5078125,"confidence":0.7328000068664551}},{"type":"Feature","geometry":null,"properties":{"risk_score":3.728689473464577,"verdict":"RED_BLOCKS_DRAINAGE","lost_frac":0,"flow_frac":1.0,"upstream_km2":78.7318115234375,"hand_m":50,"area_in_meters":47.134300231933594,"confidence":0.7328000068664551}},{"type":"Feature","geometry":null,"properties":{"risk_score":2.821456888947226,"verdict":"RED_BLOCKS_DRAINAGE","lost_frac":0,"flow_frac":1.0,"upstream_km2":26.4753360748291,"hand_m":50,"area_in_meters":40.548301696777344,"confidence":0.7953000068664551}},{"type":"Feature","geometry":null,"properties":{"risk_score":48.90590905884506,"verdict":"RED_BLOCKS_DRAINAGE","lost_frac":0,"flow_frac":0.7846153846153847,"upstream_km2":6.104603084864525,"hand_m":0.36615647536057694,"area_in_meters":205.40769958496094,"confidence":0.7953000068664551}},{"type":"Feature","geometry":null,"properties":{"risk_score":1.32092996898325,"verdict":"RED_BLOCKS_DRAINAGE","lost_frac":0,"flow_frac":1.0,"upstream_km2":3.7170913219451904,"hand_m":50,"area_in_meters":121.2865982055664,"confidence":0.7953000068664551}},{"type":"Feature","geometry":null,"properties":{"risk_score":2.9128290440072093,"verdict":"RED_BLOCKS_DRAINAGE","lost_frac":0,"flow_frac":1.0,"upstream_km2":29.587417602539062,"hand_m":50,"area_in_meters":269.20440673828125,"confidence":0.8578000068664551}},{"type":"Feature","geometry":null,"properties":{"risk_score":2.860333540653563,"verdict":"RED_BLOCKS_DRAINAGE","lost_frac":0,"flow_frac":1.0,"upstream_km2":27.758756637573242,"hand_m":50,"area_in_meters":100.88050079345703,"confidence":0.8065000176429749}},{"type":"Feature","geometry":null,"properties":{"risk_score":2.844154411326068,"verdict":"RED_BLOCKS_DRAINAGE","lost_frac":0,"flow_frac":1.0,"upstream_km2":27.217514038085938,"hand_m":50,"area_in_meters":119.57759857177734,"confidence":0.8065000176429749}},{"type":"Feature","geometry":null,"properties":{"risk_score":38.9799735146078,"verdict":"RED_BLOCKS_DRAINAGE","lost_frac":0,"flow_frac":0.7586206896551724,"upstream_km2":2.3591284751892085,"hand_m":0.02413203798491379,"area_in_meters":98.71179962158203,"confidence":0.8065000176429749}},{"type":"Feature","geometry":null,"properties":{"risk_score":3.2745110376385758,"verdict":"AMBER_PARTIAL","lost_frac":0,"flow_frac":0.35714285714285715,"upstream_km2":0.8060282668364901,"hand_m":1.8000313895089284,"area_in_meters":289.5531921386719,"confidence":0.8690000176429749}},{"type":"Feature","geometry":null,"properties":{"risk_score":17.662825063372495,"verdict":"AMBER_PARTIAL","lost_frac":0,"flow_frac":0.3731343283582089,"upstream_km2":29.35788586477179,"hand_m":2.1313585879197756,"area_in_meters":223.9678955078125,"confidence":0.7495999932289124}},{"type":"Feature","geometry":null,"properties":{"risk_score":76.04342041935004,"verdict":"RED_BLOCKS_DRAINAGE","lost_frac":0,"flow_frac":0.8125,"upstream_km2":19.157819930231195,"hand_m":0.3937568664550781,"area_in_meters":58.2661018371582,"confidence":0.7495999932289124}},{"type":"Feature","geometry":null,"properties":{"risk_score":1.7981655641400645,"verdict":"AMBER_PARTIAL","lost_frac":0,"flow_frac":0.47058823529411764,"upstream_km2":87.87138126176947,"hand_m":50,"area_in_meters":56.55580139160156,"confidence":0.8120999932289124}},{"type":"Feature","geometry":null,"properties":{"risk_score":1.8058181734407701,"verdict":"RED_BLOCKS_DRAINAGE","lost_frac":0,"flow_frac":1.0,"upstream_km2":7.336183547973633,"hand_m":50,"area_in_meters":110.1010971069336,"confidence":0.8120999932289124}},{"type":"Feature","geometry":null,"properties":{"risk_score":1.0015619133127636,"verdict":"RED_BLOCKS_DRAINAGE","lost_frac":0,"flow_frac":1.0,"upstream_km2":2.241877317428589,"hand_m":50,"area_in_meters":226.47779846191406,"confidence":0.8745999932289124}},{"type":"Feature","geometry":null,"properties":{"risk_score":2.384922637330153,"verdict":"RED_BLOCKS_DRAINAGE","lost_frac":0,"flow_frac":1.0,"upstream_km2":15.455479621887207,"hand_m":50,"area_in_meters":49.65549850463867,"confidence":0.7038999795913696}},{"type":"Feature","geometry":null,"properties":{"risk_score":1.7095918996975423,"verdict":"AMBER_PARTIAL","lost_frac":0,"flow_frac":0.1875,"upstream_km2":0.4630546551197767,"hand_m":0.8125,"area_in_meters":219.2843017578125,"confidence":0.7663999795913696}},{"type":"Feature","geometry":null,"properties":{"risk_score":32.091449072288434,"verdict":"RED_BLOCKS_DRAINAGE","lost_frac":0,"flow_frac":0.5925925925925926,"upstream_km2":9.112803735494339,"hand_m":0.8555704752604167,"area_in_meters":91.73690032958984,"confidence":0.7663999795913696}},{"type":"Feature","geometry":null,"properties":{"risk_score":1.7555958063690382,"verdict":"RED_BLOCKS_DRAINAGE","lost_frac":0,"flow_frac":1.0,"upstream_km2":6.858757019042969,"hand_m":50,"area_in_meters":105.03910064697266,"confidence":0.7663999795913696}},{"type":"Feature","geometry":null,"properties":{"risk_score":1.8334655301663123,"verdict":"RED_BLOCKS_DRAINAGE","lost_frac":0,"flow_frac":1.0,"upstream_km2":7.611274242401123,"hand_m":50,"area_in_meters":224.95199584960938,"confidence":0.8288999795913696}},{"type":"Feature","geometry":null,"properties":{"risk_score":3.664834538806008,"verdict":"RED_BLOCKS_DRAINAGE","lost_frac":0,"flow_frac":1.0,"upstream_km2":72.9717025756836,"hand_m":50,"area_in_meters":110.0740966796875,"confidence":0.8288999795913696}},{"type":"Feature","geometry":null,"properties":{"risk_score":2.8590987292321377,"verdict":"RED_BLOCKS_DRAINAGE","lost_frac":0,"flow_frac":1.0,"upstream_km2":27.717084884643555,"hand_m":50,"area_in_meters":175.35350036621094,"confidence":0.8913999795913696}},{"type":"Feature","geometry":null,"properties":{"risk_score":42.259502610704374,"verdict":"RED_BLOCKS_DRAINAGE","lost_frac":0,"flow_frac":0.8888888888888888,"upstream_km2":2.719654826240407,"hand_m":0.19999864366319445,"area_in_meters":62.72959899902344,"confidence":0.7552000284194946}},{"type":"Feature","geometry":null,"properties":{"risk_score":2.8608269530142323,"verdict":"RED_BLOCKS_DRAINAGE","lost_frac":0,"flow_frac":1.0,"upstream_km2":27.77542495727539,"hand_m":50,"area_in_meters":224.04640197753906,"confidence":0.8177000284194946}},{"type":"Feature","geometry":null,"properties":{"risk_score":1.184110060343759,"verdict":"RED_BLOCKS_DRAINAGE","lost_frac":0,"flow_frac":1.0,"upstream_km2":3.0169472694396973,"hand_m":50,"area_in_meters":80.9843978881836,"confidence":0.7608000040054321}},{"type":"Feature","geometry":null,"properties":{"risk_score":2.8429484974926926,"verdict":"RED_BLOCKS_DRAINAGE","lost_frac":0,"flow_frac":1.0,"upstream_km2":27.17758274078369,"hand_m":50,"area_in_meters":145.10850524902344,"confidence":0.8233000040054321}},{"type":"Feature","geometry":null,"properties":{"risk_score":2.7994755610117856,"verdict":"RED_BLOCKS_DRAINAGE","lost_frac":0,"flow_frac":1.0,"upstream_km2":25.775188446044922,"hand_m":50,"area_in_meters":98.44960021972656,"confidence":0.8233000040054321}},{"type":"Feature","geometry":null,"properties":{"risk_score":1.1947297997953303,"verdict":"RED_BLOCKS_DRAINAGE","lost_frac":0,"flow_frac":1.0,"upstream_km2":3.0673561096191406,"hand_m":50,"area_in_meters":48.69889831542969,"confidence":0.8233000040054321}},{"type":"Feature","geometry":null,"properties":{"risk_score":17.975471566604494,"verdict":"AMBER_PARTIAL","lost_frac":0,"flow_frac":0.4090909090909091,"upstream_km2":10.549320569939233,"hand_m":1.4181962446732954,"area_in_meters":75.45040130615234,"confidence":0.8400999903678894}},{"type":"Feature","geometry":null,"properties":{"risk_score":1.9807186124503784,"verdict":"RED_BLOCKS_DRAINAGE","lost_frac":0,"flow_frac":1.0,"upstream_km2":9.23685359954834,"hand_m":50,"area_in_meters":56.14509963989258,"confidence":0.8400999903678894}},{"type":"Feature","geometry":null,"properties":{"risk_score":15.001508942509185,"verdict":"RED_BLOCKS_DRAINAGE","lost_frac":0,"flow_frac":0.696969696969697,"upstream_km2":1.4256030160820847,"hand_m":0.7878713896780304,"area_in_meters":99.02770233154297,"confidence":0.8400999903678894}},{"type":"Feature","geometry":null,"properties":{"risk_score":2.754111722614967,"verdict":"RED_BLOCKS_DRAINAGE","lost_frac":0,"flow_frac":1.0,"upstream_km2":24.386157989501953,"hand_m":50,"area_in_meters":204.19790649414062,"confidence":0.9025999903678894}},{"type":"Feature","geometry":null,"properties":{"risk_score":15.634348271900086,"verdict":"RED_BLOCKS_DRAINAGE","lost_frac":0,"flow_frac":0.6060606060606061,"upstream_km2":3.2054668853172297,"hand_m":1.4181962446732954,"area_in_meters":334.94000244140625,"confidence":0.9025999903678894}},{"type":"Feature","geometry":null,"properties":{"risk_score":1.7555958063690382,"verdict":"RED_BLOCKS_DRAINAGE","lost_frac":0,"flow_frac":1.0,"upstream_km2":6.858757019042969,"hand_m":50,"area_in_meters":57.4213981628418,"confidence":0.7720000147819519}},{"type":"Feature","geometry":null,"properties":{"risk_score":15.317630765681885,"verdict":"AMBER_PARTIAL","lost_frac":0,"flow_frac":0.3666666666666666,"upstream_km2":8.495987090240748,"hand_m":1.3399922688802084,"area_in_meters":319.434814453125,"confidence":0.7720000147819519}},{"type":"Feature","geometry":null,"properties":{"risk_score":1.535231603269281,"verdict":"RED_BLOCKS_DRAINAGE","lost_frac":0,"flow_frac":1.0,"upstream_km2":5.066917896270752,"hand_m":50,"area_in_meters":1142.622314453125,"confidence":0.8345000147819519}},{"type":"Feature","geometry":null,"properties":{"risk_score":1.7822664623711828,"verdict":"RED_BLOCKS_DRAINAGE","lost_frac":0,"flow_frac":1.0,"upstream_km2":7.1087870597839355,"hand_m":50,"area_in_meters":223.97470092773438,"confidence":0.8345000147819519}},{"type":"Feature","geometry":null,"properties":{"risk_score":1.583875755985312,"verdict":"RED_BLOCKS_DRAINAGE","lost_frac":0,"flow_frac":0.6296296296296297,"upstream_km2":18.1840086840783,"hand_m":50,"area_in_meters":101.59819793701172,"confidence":0.7318999767303467}},{"type":"Feature","geometry":null,"properties":{"risk_score":1.0483981008233028,"verdict":"RED_BLOCKS_DRAINAGE","lost_frac":0,"flow_frac":1.0,"upstream_km2":2.4251770973205566,"hand_m":50,"area_in_meters":98.92839813232422,"confidence":0.7318999767303467}},{"type":"Feature","geometry":null,"properties":{"risk_score":1.1673719609669018,"verdict":"RED_BLOCKS_DRAINAGE","lost_frac":0,"flow_frac":0.9361702127659574,"upstream_km2":3.3246643568607084,"hand_m":50,"area_in_meters":159.37350463867188,"confidence":0.7943999767303467}},{"type":"Feature","geometry":null,"properties":{"risk_score":2.860333540653563,"verdict":"RED_BLOCKS_DRAINAGE","lost_frac":0,"flow_frac":1.0,"upstream_km2":27.758756637573242,"hand_m":50,"area_in_meters":107.36219787597656,"confidence":0.7943999767303467}},{"type":"Feature","geometry":null,"properties":{"risk_score":1.7842709910769687,"verdict":"RED_BLOCKS_DRAINAGE","lost_frac":0,"flow_frac":1.0,"upstream_km2":7.127897262573242,"hand_m":50,"area_in_meters":93.31159973144531,"confidence":0.7943999767303467}},{"type":"Feature","geometry":null,"properties":{"risk_score":208.1990597543342,"verdict":"RED_BLOCKS_DRAINAGE","lost_frac":0,"flow_frac":0.9740259740259739,"upstream_km2":183.16414978872837,"hand_m":0.059739942674512984,"area_in_meters":2122.9103,"confidence":0.7943999767303467}},{"type":"Feature","geometry":null,"properties":{"risk_score":35.51084325725385,"verdict":"RED_BLOCKS_DRAINAGE","lost_frac":0,"flow_frac":0.6190476190476191,"upstream_km2":16.82661925504605,"hand_m":1.180943080357143,"area_in_meters":74.3386001586914,"confidence":0.8568999767303467}},{"type":"Feature","geometry":null,"properties":{"risk_score":2.1020262207802123,"verdict":"RED_BLOCKS_DRAINAGE","lost_frac":0,"flow_frac":1.0,"upstream_km2":10.804113388061523,"hand_m":50,"area_in_meters":69.93360137939453,"confidence":0.7832000255584717}},{"type":"Feature","geometry":null,"properties":{"risk_score":2.7195868167943518,"verdict":"RED_BLOCKS_DRAINAGE","lost_frac":0,"flow_frac":1.0,"upstream_km2":23.377506256103516,"hand_m":50,"area_in_meters":214.14210510253906,"confidence":0.7832000255584717}},{"type":"Feature","geometry":null,"properties":{"risk_score":1.2050599037414342,"verdict":"RED_BLOCKS_DRAINAGE","lost_frac":0,"flow_frac":1.0,"upstream_km2":3.116997003555298,"hand_m":50,"area_in_meters":116.28620147705078,"confidence":0.8457000255584717}},{"type":"Feature","geometry":null,"properties":{"risk_score":2.7746841860411684,"verdict":"GREEN_CLEAR","lost_frac":0,"flow_frac":0.0857142857142857,"upstream_km2":2.395276306356702,"hand_m":0.639955357142857,"area_in_meters":244.49609375,"confidence":0.9082000255584717}},{"type":"Feature","geometry":null,"properties":{"risk_score":2.9139885607176033,"verdict":"RED_BLOCKS_DRAINAGE","lost_frac":0,"flow_frac":1.0,"upstream_km2":29.62909507751465,"hand_m":50,"area_in_meters":70.1448974609375,"confidence":0.7263000011444092}},{"type":"Feature","geometry":null,"properties":{"risk_score":2.709248925736882,"verdict":"RED_BLOCKS_DRAINAGE","lost_frac":0,"flow_frac":1.0,"upstream_km2":23.08335304260254,"hand_m":50,"area_in_meters":271.96661376953125,"confidence":0.7888000011444092}},{"type":"Feature","geometry":null,"properties":{"risk_score":1.1928882961028775,"verdict":"RED_BLOCKS_DRAINAGE","lost_frac":0,"flow_frac":1.0,"upstream_km2":3.05856990814209,"hand_m":50,"area_in_meters":140.75709533691406,"confidence":0.7888000011444092}},{"type":"Feature","geometry":null,"properties":{"risk_score":11.084648285932387,"verdict":"AMBER_PARTIAL","lost_frac":0,"flow_frac":0.5,"upstream_km2":1.571185082197189,"hand_m":0.850006103515625,"area_in_meters":51.89780044555664,"confidence":0.8513000011444092}},{"type":"Feature","geometry":null,"properties":{"risk_score":31.590104035979017,"verdict":"RED_BLOCKS_DRAINAGE","lost_frac":0,"flow_frac":0.8181818181818182,"upstream_km2":6.070096934383567,"hand_m":1.200006658380682,"area_in_meters":119.84590148925781,"confidence":0.7430999875068665}},{"type":"Feature","geometry":null,"properties":{"risk_score":82.2162035263536,"verdict":"RED_BLOCKS_DRAINAGE","lost_frac":0,"flow_frac":0.8048780487804879,"upstream_km2":21.92487051501507,"hand_m":0.3317096989329268,"area_in_meters":275.15380859375,"confidence":0.8055999875068665}},{"type":"Feature","geometry":null,"properties":{"risk_score":1.8498037939372234,"verdict":"RED_BLOCKS_DRAINAGE","lost_frac":0,"flow_frac":1.0,"upstream_km2":7.778088092803955,"hand_m":50,"area_in_meters":237.35060119628906,"confidence":0.8055999875068665}},{"type":"Feature","geometry":null,"properties":{"risk_score":1.9779404050100857,"verdict":"RED_BLOCKS_DRAINAGE","lost_frac":0,"flow_frac":1.0,"upstream_km2":9.203510284423828,"hand_m":50,"area_in_meters":170.99819946289062,"confidence":0.8055999875068665}},{"type":"Feature","geometry":null,"properties":{"risk_score":1.1928882961028775,"verdict":"RED_BLOCKS_DRAINAGE","lost_frac":0,"flow_frac":1.0,"upstream_km2":3.05856990814209,"hand_m":50,"area_in_meters":345.8244934082031,"confidence":0.8055999875068665}},{"type":"Feature","geometry":null,"properties":{"risk_score":2.1729492559045873,"verdict":"RED_BLOCKS_DRAINAGE","lost_frac":0,"flow_frac":1.0,"upstream_km2":11.829334259033203,"hand_m":50,"area_in_meters":51.4900016784668,"confidence":0.8680999875068665}},{"type":"Feature","geometry":null,"properties":{"risk_score":4.46264012909215,"verdict":"RED_BLOCKS_DRAINAGE","lost_frac":0,"flow_frac":1.0,"upstream_km2":187.77586364746094,"hand_m":50,"area_in_meters":79.58370208740234,"confidence":0.8680999875068665}},{"type":"Feature","geometry":null,"properties":{"risk_score":2.7271244655376394,"verdict":"RED_BLOCKS_DRAINAGE","lost_frac":0,"flow_frac":1.0,"upstream_km2":23.5942440032959,"hand_m":50,"area_in_meters":174.8227996826172,"confidence":0.8680999875068665}},{"type":"Feature","geometry":null,"properties":{"risk_score":14.555997166895413,"verdict":"RED_BLOCKS_DRAINAGE","lost_frac":0,"flow_frac":0.6428571428571429,"upstream_km2":1.584752312728337,"hand_m":0.8214242117745536,"area_in_meters":773.4810791015625,"confidence":0.8680999875068665}},{"type":"Feature","geometry":null,"properties":{"risk_score":2.711688025763225,"verdict":"RED_BLOCKS_DRAINAGE","lost_frac":0,"flow_frac":1.0,"upstream_km2":23.152433395385742,"hand_m":50,"area_in_meters":63.04880142211914,"confidence":0.737500011920929}},{"type":"Feature","geometry":null,"properties":{"risk_score":2.7101324904632995,"verdict":"RED_BLOCKS_DRAINAGE","lost_frac":0,"flow_frac":1.0,"upstream_km2":23.108354568481445,"hand_m":50,"area_in_meters":103.12159729003906,"confidence":0.800000011920929}},{"type":"Feature","geometry":null,"properties":{"risk_score":2.708463414873662,"verdict":"RED_BLOCKS_DRAINAGE","lost_frac":0,"flow_frac":1.0,"upstream_km2":23.061147840896457,"hand_m":50,"area_in_meters":337.39959716796875,"confidence":0.800000011920929}},{"type":"Feature","geometry":null,"properties":{"risk_score":1.9758507251855266,"verdict":"RED_BLOCKS_DRAINAGE","lost_frac":0,"flow_frac":1.0,"upstream_km2":9.178502082824707,"hand_m":50,"area_in_meters":176.66419982910156,"confidence":0.862500011920929}},{"type":"Feature","geometry":null,"properties":{"risk_score":1.3313343722281996,"verdict":"RED_BLOCKS_DRAINAGE","lost_frac":0,"flow_frac":1.0,"upstream_km2":3.7750786568437302,"hand_m":50,"area_in_meters":939.9801025390625,"confidence":0.862500011920929}},{"type":"Feature","geometry":null,"properties":{"risk_score":2.8201642943425655,"verdict":"RED_BLOCKS_DRAINAGE","lost_frac":0,"flow_frac":1.0,"upstream_km2":26.43366241455078,"hand_m":50,"area_in_meters":333.02978515625,"confidence":0.925000011920929}},{"type":"Feature","geometry":null,"properties":{"risk_score":3.7279770049497825,"verdict":"RED_BLOCKS_DRAINAGE","lost_frac":0,"flow_frac":1.0,"upstream_km2":78.66513061523438,"hand_m":50,"area_in_meters":103.22589874267578,"confidence":0.7542999982833862}},{"type":"Feature","geometry":null,"properties":{"risk_score":2.7984145408371424,"verdict":"RED_BLOCKS_DRAINAGE","lost_frac":0,"flow_frac":1.0,"upstream_km2":25.74184799194336,"hand_m":50,"area_in_meters":144.11309814453125,"confidence":0.8167999982833862}},{"type":"Feature","geometry":null,"properties":{"risk_score":1.2050599037414342,"verdict":"RED_BLOCKS_DRAINAGE","lost_frac":0,"flow_frac":1.0,"upstream_km2":3.116997003555298,"hand_m":50,"area_in_meters":132.86439514160156,"confidence":0.8167999982833862}},{"type":"Feature","geometry":null,"properties":{"risk_score":13.804032757327747,"verdict":"AMBER_PARTIAL","lost_frac":0,"flow_frac":0.32,"upstream_km2":8.10702850408852,"hand_m":1.22399169921875,"area_in_meters":82.16110229492188,"confidence":0.8167999982833862}},{"type":"Feature","geometry":null,"properties":{"risk_score":1.027435735880982,"verdict":"RED_BLOCKS_DRAINAGE","lost_frac":0,"flow_frac":1.0,"upstream_km2":2.341890573501587,"hand_m":50,"area_in_meters":118.98690032958984,"confidence":0.8167999982833862}},{"type":"Feature","geometry":null,"properties":{"risk_score":1.218722239743642,"verdict":"RED_BLOCKS_DRAINAGE","lost_frac":0,"flow_frac":1.0,"upstream_km2":3.1835825443267822,"hand_m":50,"area_in_meters":85.52899932861328,"confidence":0.8167999982833862}},{"type":"Feature","geometry":null,"properties":{"risk_score":1.9779404050100857,"verdict":"RED_BLOCKS_DRAINAGE","lost_frac":0,"flow_frac":1.0,"upstream_km2":9.203510284423828,"hand_m":50,"area_in_meters":75.15350341796875,"confidence":0.8167999982833862}},{"type":"Feature","geometry":null,"properties":{"risk_score":2.626707973705372,"verdict":"RED_BLOCKS_DRAINAGE","lost_frac":0,"flow_frac":1.0,"upstream_km2":20.858535766601562,"hand_m":50,"area_in_meters":108.15660095214844,"confidence":0.8792999982833862}},{"type":"Feature","geometry":null,"properties":{"risk_score":50.172992159496374,"verdict":"RED_BLOCKS_DRAINAGE","lost_frac":0,"flow_frac":0.65,"upstream_km2":7.071854405663908,"hand_m":0.175,"area_in_meters":277.3284912109375,"confidence":0.8792999982833862}},{"type":"Feature","geometry":null,"properties":{"risk_score":13.053786416811603,"verdict":"AMBER_PARTIAL","lost_frac":0,"flow_frac":0.28767123287671237,"upstream_km2":3.124704003538171,"hand_m":0.35616438356164387,"area_in_meters":255.26950073242188,"confidence":0.8792999982833862}},{"type":"Feature","geometry":null,"properties":{"risk_score":2.707563243983808,"verdict":"RED_BLOCKS_DRAINAGE","lost_frac":0,"flow_frac":1.0,"upstream_km2":23.03572654724121,"hand_m":50,"area_in_meters":217.99349975585938,"confidence":0.8223999738693237}},{"type":"Feature","geometry":null,"properties":{"risk_score":2.746734327379937,"verdict":"RED_BLOCKS_DRAINAGE","lost_frac":0,"flow_frac":1.0,"upstream_km2":24.167177200317383,"hand_m":50,"area_in_meters":65.8593978881836,"confidence":0.8112000226974487}},{"type":"Feature","geometry":null,"properties":{"risk_score":28.1508843093911,"verdict":"AMBER_PARTIAL","lost_frac":0,"flow_frac":0.34615384615384615,"upstream_km2":8.392807255284144,"hand_m":0.19618577223557693,"area_in_meters":87.89420318603516,"confidence":0.8112000226974487}},{"type":"Feature","geometry":null,"properties":{"risk_score":90.61048257605519,"verdict":"RED_BLOCKS_DRAINAGE","lost_frac":0,"flow_frac":0.8415841584158416,"upstream_km2":19.675459484800253,"hand_m":0.22178604579207922,"area_in_meters":359.2658996582031,"confidence":0.8112000226974487}},{"type":"Feature","geometry":null,"properties":{"risk_score":2.668147095068864,"verdict":"RED_BLOCKS_DRAINAGE","lost_frac":0,"flow_frac":0.6341463414634146,"upstream_km2":138.89622344267443,"hand_m":50,"area_in_meters":149.89720153808594,"confidence":0.8737000226974487}},{"type":"Feature","geometry":null,"properties":{"risk_score":72.07421064551923,"verdict":"RED_BLOCKS_DRAINAGE","lost_frac":0,"flow_frac":0.8272727272727273,"upstream_km2":19.306533006223088,"hand_m":0.5009133078835226,"area_in_meters":380.5198974609375,"confidence":0.7710999846458435}},{"type":"Feature","geometry":null,"properties":{"risk_score":4.459853263694232,"verdict":"RED_BLOCKS_DRAINAGE","lost_frac":0,"flow_frac":1.0,"upstream_km2":187.15907287597656,"hand_m":50,"area_in_meters":72.89009857177734,"confidence":0.7710999846458435}},{"type":"Feature","geometry":null,"properties":{"risk_score":7.722848747913723,"verdict":"AMBER_PARTIAL","lost_frac":0,"flow_frac":0.19047619047619047,"upstream_km2":5.299685258595717,"hand_m":0.971438453311012,"area_in_meters":67.54759979248047,"confidence":0.7710999846458435}},{"type":"Feature","geometry":null,"properties":{"risk_score":2.726258167272088,"verdict":"RED_BLOCKS_DRAINAGE","lost_frac":0,"flow_frac":1.0,"upstream_km2":23.569236755371094,"hand_m":50,"area_in_meters":85.29789733886719,"confidence":0.8335999846458435}},{"type":"Feature","geometry":null,"properties":{"risk_score":37.19122777607471,"verdict":"RED_BLOCKS_DRAINAGE","lost_frac":0,"flow_frac":0.7048192771084337,"upstream_km2":6.970475430140294,"hand_m":0.7084229250988329,"area_in_meters":566.151611328125,"confidence":0.8335999846458435}},{"type":"Feature","geometry":null,"properties":{"risk_score":1.218722239743642,"verdict":"RED_BLOCKS_DRAINAGE","lost_frac":0,"flow_frac":1.0,"upstream_km2":3.1835825443267822,"hand_m":50,"area_in_meters":181.6497039794922,"confidence":0.828000009059906}},{"type":"Feature","geometry":null,"properties":{"risk_score":14.19321374640469,"verdict":"AMBER_PARTIAL","lost_frac":0,"flow_frac":0.46938775510204084,"upstream_km2":10.817111237430757,"hand_m":2.546932298309949,"area_in_meters":144.3094940185547,"confidence":0.828000009059906}},{"type":"Feature","geometry":null,"properties":{"risk_score":141.58995383540415,"verdict":"RED_BLOCKS_DRAINAGE","lost_frac":0,"flow_frac":0.9918699186991871,"upstream_km2":27.004973213877378,"hand_m":0.013821237455538617,"area_in_meters":426.39898681640625,"confidence":0.7822999954223633}},{"type":"Feature","geometry":null,"properties":{"risk_score":2.713449662687177,"verdict":"RED_BLOCKS_DRAINAGE","lost_frac":0,"flow_frac":1.0,"upstream_km2":23.202449798583984,"hand_m":50,"area_in_meters":102.49800109863281,"confidence":0.7822999954223633}},{"type":"Feature","geometry":null,"properties":{"risk_score":53.36275484003683,"verdict":"RED_BLOCKS_DRAINAGE","lost_frac":0,"flow_frac":0.9473684210526315,"upstream_km2":3.4591037205567488,"hand_m":0.1526328638980263,"area_in_meters":274.18548583984375,"confidence":0.8447999954223633}},{"type":"Feature","geometry":null,"properties":{"risk_score":2.734882007150012,"verdict":"RED_BLOCKS_DRAINAGE","lost_frac":0,"flow_frac":1.0,"upstream_km2":23.819316864013672,"hand_m":50,"area_in_meters":435.70770263671875,"confidence":0.8447999954223633}},{"type":"Feature","geometry":null,"properties":{"risk_score":2.709248925736882,"verdict":"RED_BLOCKS_DRAINAGE","lost_frac":0,"flow_frac":1.0,"upstream_km2":23.08335304260254,"hand_m":50,"area_in_meters":165.85369873046875,"confidence":0.9072999954223633}},{"type":"Feature","geometry":null,"properties":{"risk_score":2.7125647827392725,"verdict":"RED_BLOCKS_DRAINAGE","lost_frac":0,"flow_frac":1.0,"upstream_km2":23.177313349797178,"hand_m":50,"area_in_meters":229.41700744628906,"confidence":0.9072999954223633}},{"type":"Feature","geometry":null,"properties":{"risk_score":1.9779404050100857,"verdict":"RED_BLOCKS_DRAINAGE","lost_frac":0,"flow_frac":1.0,"upstream_km2":9.203510284423828,"hand_m":50,"area_in_meters":175.75729370117188,"confidence":0.7253999710083008}},{"type":"Feature","geometry":null,"properties":{"risk_score":2.1861260502309783,"verdict":"RED_BLOCKS_DRAINAGE","lost_frac":0,"flow_frac":1.0,"upstream_km2":12.029396057128906,"hand_m":50,"area_in_meters":70.54530334472656,"confidence":0.7253999710083008}},{"type":"Feature","geometry":null,"properties":{"risk_score":2.7195868167943518,"verdict":"RED_BLOCKS_DRAINAGE","lost_frac":0,"flow_frac":1.0,"upstream_km2":23.377506256103516,"hand_m":50,"area_in_meters":227.57090759277344,"confidence":0.7878999710083008}},{"type":"Feature","geometry":null,"properties":{"risk_score":2.384922637330153,"verdict":"RED_BLOCKS_DRAINAGE","lost_frac":0,"flow_frac":1.0,"upstream_km2":15.455479621887207,"hand_m":50,"area_in_meters":119.50150299072266,"confidence":0.7878999710083008}},{"type":"Feature","geometry":null,"properties":{"risk_score":1.0400836295383193,"verdict":"RED_BLOCKS_DRAINAGE","lost_frac":0,"flow_frac":1.0,"upstream_km2":2.391896963119507,"hand_m":50,"area_in_meters":224.81080627441406,"confidence":0.8503999710083008}},{"type":"Feature","geometry":null,"properties":{"risk_score":1.1964730367849845,"verdict":"RED_BLOCKS_DRAINAGE","lost_frac":0,"flow_frac":1.0,"upstream_km2":3.075690984725952,"hand_m":50,"area_in_meters":233.10189819335938,"confidence":0.8503999710083008}},{"type":"Feature","geometry":null,"properties":{"risk_score":2.7574605196361532,"verdict":"RED_BLOCKS_DRAINAGE","lost_frac":0,"flow_frac":1.0,"upstream_km2":24.486186981201172,"hand_m":50,"area_in_meters":296.3788146972656,"confidence":0.8503999710083008}},{"type":"Feature","geometry":null,"properties":{"risk_score":2.7574605196361532,"verdict":"RED_BLOCKS_DRAINAGE","lost_frac":0,"flow_frac":1.0,"upstream_km2":24.486186981201172,"hand_m":50,"area_in_meters":246.82919311523438,"confidence":0.9128999710083008}},{"type":"Feature","geometry":null,"properties":{"risk_score":34.22270087940134,"verdict":"RED_BLOCKS_DRAINAGE","lost_frac":0,"flow_frac":0.6666666666666667,"upstream_km2":2.391936287283898,"hand_m":0.0333251953125,"area_in_meters":159.64549255371094,"confidence":0.7767000198364258}},{"type":"Feature","geometry":null,"properties":{"risk_score":35.79631502366438,"verdict":"AMBER_PARTIAL","lost_frac":0,"flow_frac":0.5,"upstream_km2":36.585882525425404,"hand_m":1.199981689453125,"area_in_meters":106.4552001953125,"confidence":0.8392000198364258}},{"type":"Feature","geometry":null,"properties":{"risk_score":2.685119399620741,"verdict":"RED_BLOCKS_DRAINAGE","lost_frac":0,"flow_frac":1.0,"upstream_km2":22.410511016845703,"hand_m":50,"area_in_meters":158.931396484375,"confidence":0.8392000198364258}},{"type":"Feature","geometry":null,"properties":{"risk_score":41.885069502373625,"verdict":"RED_BLOCKS_DRAINAGE","lost_frac":0,"flow_frac":0.5833333333333334,"upstream_km2":15.851471505981559,"hand_m":0.7083384195963541,"area_in_meters":41.81840133666992,"confidence":0.8392000198364258}},{"type":"Feature","geometry":null,"properties":{"risk_score":2.713449662687177,"verdict":"RED_BLOCKS_DRAINAGE","lost_frac":0,"flow_frac":1.0,"upstream_km2":23.202449798583984,"hand_m":50,"area_in_meters":222.04440307617188,"confidence":0.9017000198364258}},{"type":"Feature","geometry":null,"properties":{"risk_score":4.573939242492816,"verdict":"AMBER_PARTIAL","lost_frac":0,"flow_frac":0.2727272727272727,"upstream_km2":4.3553203215653244,"hand_m":3.345481178977273,"area_in_meters":93.2605972290039,"confidence":0.8560000061988831}},{"type":"Feature","geometry":null,"properties":{"risk_score":5.378935462281994,"verdict":"AMBER_PARTIAL","lost_frac":0,"flow_frac":0.48780487804878053,"upstream_km2":1.0856455786880561,"hand_m":1.8951282036013721,"area_in_meters":267.6466064453125,"confidence":0.9185000061988831}},{"type":"Feature","geometry":null,"properties":{"risk_score":2.172395762621602,"verdict":"RED_BLOCKS_DRAINAGE","lost_frac":0,"flow_frac":1.0,"upstream_km2":11.820998191833496,"hand_m":50,"area_in_meters":66.83879852294922,"confidence":0.7365999817848206}},{"type":"Feature","geometry":null,"properties":{"risk_score":1.1094516232415308,"verdict":"RED_BLOCKS_DRAINAGE","lost_frac":0,"flow_frac":0.9166666666666667,"upstream_km2":3.142462059855461,"hand_m":50,"area_in_meters":167.19000244140625,"confidence":0.8615999817848206}},{"type":"Feature","geometry":null,"properties":{"risk_score":2.709248925736882,"verdict":"RED_BLOCKS_DRAINAGE","lost_frac":0,"flow_frac":1.0,"upstream_km2":23.08335304260254,"hand_m":50,"area_in_meters":42.63690185546875,"confidence":0.7422000169754028}},{"type":"Feature","geometry":null,"properties":{"risk_score":2.860333540653563,"verdict":"RED_BLOCKS_DRAINAGE","lost_frac":0,"flow_frac":1.0,"upstream_km2":27.758756637573242,"hand_m":50,"area_in_meters":117.0967025756836,"confidence":0.8047000169754028}},{"type":"Feature","geometry":null,"properties":{"risk_score":1.027546844404844,"verdict":"RED_BLOCKS_DRAINAGE","lost_frac":0,"flow_frac":1.0,"upstream_km2":2.3423266410827637,"hand_m":50,"area_in_meters":43.06850051879883,"confidence":0.8672000169754028}},{"type":"Feature","geometry":null,"properties":{"risk_score":1.1553618013596088,"verdict":"RED_BLOCKS_DRAINAGE","lost_frac":0,"flow_frac":1.0,"upstream_km2":2.8836002349853516,"hand_m":50,"area_in_meters":75.9114990234375,"confidence":0.8672000169754028}},{"type":"Feature","geometry":null,"properties":{"risk_score":2.8429107121978765,"verdict":"RED_BLOCKS_DRAINAGE","lost_frac":0,"flow_frac":1.0,"upstream_km2":27.176332473754883,"hand_m":50,"area_in_meters":178.06289672851562,"confidence":0.8672000169754028}},{"type":"Feature","geometry":null,"properties":{"risk_score":2.7122756430907033,"verdict":"RED_BLOCKS_DRAINAGE","lost_frac":0,"flow_frac":1.0,"upstream_km2":23.169105529785156,"hand_m":50,"area_in_meters":106.4072036743164,"confidence":0.7477999925613403}},{"type":"Feature","geometry":null,"properties":{"risk_score":4.205039533029294,"verdict":"AMBER_PARTIAL","lost_frac":0,"flow_frac":0.19672131147540983,"upstream_km2":0.7018550289336775,"hand_m":0.08030825755635246,"area_in_meters":208.88150024414062,"confidence":0.8102999925613403}},{"type":"Feature","geometry":null,"properties":{"risk_score":1.876015006290117,"verdict":"RED_BLOCKS_DRAINAGE","lost_frac":0,"flow_frac":1.0,"upstream_km2":8.052481651306152,"hand_m":50,"area_in_meters":131.6396026611328,"confidence":0.8102999925613403}},{"type":"Feature","geometry":null,"properties":{"risk_score":3.6650265116495264,"verdict":"RED_BLOCKS_DRAINAGE","lost_frac":0,"flow_frac":1.0,"upstream_km2":72.9883804321289,"hand_m":50,"area_in_meters":244.11509704589844,"confidence":0.8102999925613403}},{"type":"Feature","geometry":null,"properties":{"risk_score":9.60791024503002,"verdict":"RED_BLOCKS_DRAINAGE","lost_frac":0,"flow_frac":0.631578947368421,"upstream_km2":1.7769360199178519,"hand_m":1.915793971011513,"area_in_meters":88.12979888916016,"confidence":0.8102999925613403}},{"type":"Feature","geometry":null,"properties":{"risk_score":1.8962278063645228,"verdict":"RED_BLOCKS_DRAINAGE","lost_frac":0,"flow_frac":1.0,"upstream_km2":8.26992416381836,"hand_m":50,"area_in_meters":99.88670349121094,"confidence":0.8727999925613403}},{"type":"Feature","geometry":null,"properties":{"risk_score":2.7057893747707973,"verdict":"RED_BLOCKS_DRAINAGE","lost_frac":0,"flow_frac":1.0,"upstream_km2":22.98571014404297,"hand_m":50,"area_in_meters":329.5198059082031,"confidence":0.8727999925613403}},{"type":"Feature","geometry":null,"properties":{"risk_score":2.421245582696873,"verdict":"AMBER_PARTIAL","lost_frac":0,"flow_frac":0.3,"upstream_km2":0.7333870241418481,"hand_m":1.959991455078125,"area_in_meters":70.38980102539062,"confidence":0.7590000033378601}},{"type":"Feature","geometry":null,"properties":{"risk_score":11.60703151760358,"verdict":"RED_BLOCKS_DRAINAGE","lost_frac":0,"flow_frac":0.5151515151515152,"upstream_km2":1.6420948252533423,"hand_m":0.8727213541666669,"area_in_meters":115.91950225830078,"confidence":0.8215000033378601}},{"type":"Feature","geometry":null,"properties":{"risk_score":34.79948583419388,"verdict":"RED_BLOCKS_DRAINAGE","lost_frac":0,"flow_frac":0.6048780487804879,"upstream_km2":6.543303395071772,"hand_m":0.5253608517530488,"area_in_meters":706.6912841796875,"confidence":0.8840000033378601}},{"type":"Feature","geometry":null,"properties":{"risk_score":2.7086593503592282,"verdict":"RED_BLOCKS_DRAINAGE","lost_frac":0,"flow_frac":1.0,"upstream_km2":23.06668472290039,"hand_m":50,"area_in_meters":66.529296875,"confidence":0.7020999789237976}},{"type":"Feature","geometry":null,"properties":{"risk_score":2.711688025763225,"verdict":"RED_BLOCKS_DRAINAGE","lost_frac":0,"flow_frac":1.0,"upstream_km2":23.152433395385742,"hand_m":50,"area_in_meters":47.32870101928711,"confidence":0.8270999789237976}},{"type":"Feature","geometry":null,"properties":{"risk_score":2.7118708834986593,"verdict":"RED_BLOCKS_DRAINAGE","lost_frac":0,"flow_frac":1.0,"upstream_km2":23.15762028164334,"hand_m":50,"area_in_meters":152.13499450683594,"confidence":0.8270999789237976}},{"type":"Feature","geometry":null,"properties":{"risk_score":2.7122756430907033,"verdict":"RED_BLOCKS_DRAINAGE","lost_frac":0,"flow_frac":1.0,"upstream_km2":23.169105529785156,"hand_m":50,"area_in_meters":157.87139892578125,"confidence":0.8270999789237976}},{"type":"Feature","geometry":null,"properties":{"risk_score":73.73123582946366,"verdict":"RED_BLOCKS_DRAINAGE","lost_frac":0,"flow_frac":0.6542056074766355,"upstream_km2":18.182677760546174,"hand_m":0.13830509364047897,"area_in_meters":367.3797912597656,"confidence":0.8270999789237976}},{"type":"Feature","geometry":null,"properties":{"risk_score":2.1127822565205743,"verdict":"RED_BLOCKS_DRAINAGE","lost_frac":0,"flow_frac":1.0,"upstream_km2":10.954156875610352,"hand_m":50,"area_in_meters":178.40159606933594,"confidence":0.8270999789237976}},{"type":"Feature","geometry":null,"properties":{"risk_score":3.714234352593551,"verdict":"RED_BLOCKS_DRAINAGE","lost_frac":0,"flow_frac":1.0,"upstream_km2":77.3897933959961,"hand_m":50,"area_in_meters":269.96539306640625,"confidence":0.8895999789237976}},{"type":"Feature","geometry":null,"properties":{"risk_score":1.2050599037414342,"verdict":"RED_BLOCKS_DRAINAGE","lost_frac":0,"flow_frac":1.0,"upstream_km2":3.116997003555298,"hand_m":50,"area_in_meters":154.90829467773438,"confidence":0.8895999789237976}},{"type":"Feature","geometry":null,"properties":{"risk_score":113.8620559487818,"verdict":"RED_BLOCKS_DRAINAGE","lost_frac":0,"flow_frac":0.9298245614035088,"upstream_km2":23.912736863486078,"hand_m":0.14035087719298245,"area_in_meters":195.32850646972656,"confidence":0.8895999789237976}},{"type":"Feature","geometry":null,"properties":{"risk_score":2.7195868167943518,"verdict":"RED_BLOCKS_DRAINAGE","lost_frac":0,"flow_frac":1.0,"upstream_km2":23.377506256103516,"hand_m":50,"area_in_meters":50.3406982421875,"confidence":0.7534000277519226}},{"type":"Feature","geometry":null,"properties":{"risk_score":2.685119399620741,"verdict":"RED_BLOCKS_DRAINAGE","lost_frac":0,"flow_frac":1.0,"upstream_km2":22.410511016845703,"hand_m":50,"area_in_meters":135.15280151367188,"confidence":0.8159000277519226}},{"type":"Feature","geometry":null,"properties":{"risk_score":2.818105311795036,"verdict":"RED_BLOCKS_DRAINAGE","lost_frac":0,"flow_frac":1.0,"upstream_km2":26.36741065979004,"hand_m":50,"area_in_meters":311.0899963378906,"confidence":0.8784000277519226}},{"type":"Feature","geometry":null,"properties":{"risk_score":1.9807186124503784,"verdict":"RED_BLOCKS_DRAINAGE","lost_frac":0,"flow_frac":1.0,"upstream_km2":9.23685359954834,"hand_m":50,"area_in_meters":41.494998931884766,"confidence":0.7077000141143799}},{"type":"Feature","geometry":null,"properties":{"risk_score":2.7994755610117856,"verdict":"RED_BLOCKS_DRAINAGE","lost_frac":0,"flow_frac":1.0,"upstream_km2":25.775188446044922,"hand_m":50,"area_in_meters":75.59739685058594,"confidence":0.7702000141143799}},{"type":"Feature","geometry":null,"properties":{"risk_score":2.7057893747707973,"verdict":"RED_BLOCKS_DRAINAGE","lost_frac":0,"flow_frac":1.0,"upstream_km2":22.98571014404297,"hand_m":50,"area_in_meters":137.66580200195312,"confidence":0.7702000141143799}},{"type":"Feature","geometry":null,"properties":{"risk_score":2.412926746774036,"verdict":"RED_BLOCKS_DRAINAGE","lost_frac":0,"flow_frac":1.0,"upstream_km2":16.005626678466797,"hand_m":50,"area_in_meters":51.29169845581055,"confidence":0.8327000141143799}},{"type":"Feature","geometry":null,"properties":{"risk_score":145.1578098537428,"verdict":"RED_BLOCKS_DRAINAGE","lost_frac":0,"flow_frac":0.9591836734693877,"upstream_km2":32.550731195479024,"hand_m":0.008163763552295918,"area_in_meters":168.52650451660156,"confidence":0.8327000141143799}},{"type":"Feature","geometry":null,"properties":{"risk_score":1.876015006290117,"verdict":"RED_BLOCKS_DRAINAGE","lost_frac":0,"flow_frac":1.0,"upstream_km2":8.052481651306152,"hand_m":50,"area_in_meters":139.43960571289062,"confidence":0.8327000141143799}},{"type":"Feature","geometry":null,"properties":{"risk_score":27.59292747866559,"verdict":"RED_BLOCKS_DRAINAGE","lost_frac":0,"flow_frac":0.5416666666666667,"upstream_km2":12.797582776790176,"hand_m":1.237505594889323,"area_in_meters":285.1864013671875,"confidence":0.8327000141143799}},{"type":"Feature","geometry":null,"properties":{"risk_score":2.9151464477716975,"verdict":"RED_BLOCKS_DRAINAGE","lost_frac":0,"flow_frac":1.0,"upstream_km2":29.6707706451416,"hand_m":50,"area_in_meters":118.62850189208984,"confidence":0.8327000141143799}},{"type":"Feature","geometry":null,"properties":{"risk_score":1.0015619133127636,"verdict":"RED_BLOCKS_DRAINAGE","lost_frac":0,"flow_frac":1.0,"upstream_km2":2.241877317428589,"hand_m":50,"area_in_meters":219.05149841308594,"confidence":0.8952000141143799}},{"type":"Feature","geometry":null,"properties":{"risk_score":1.08093138689451,"verdict":"RED_BLOCKS_DRAINAGE","lost_frac":0,"flow_frac":1.0,"upstream_km2":2.558565855026245,"hand_m":50,"area_in_meters":45.270301818847656,"confidence":0.7132999897003174}},{"type":"Feature","geometry":null,"properties":{"risk_score":1.0463235607414698,"verdict":"RED_BLOCKS_DRAINAGE","lost_frac":0,"flow_frac":1.0,"upstream_km2":2.4168429374694824,"hand_m":50,"area_in_meters":117.17960357666016,"confidence":0.7757999897003174}},{"type":"Feature","geometry":null,"properties":{"risk_score":2.728566428327632,"verdict":"RED_BLOCKS_DRAINAGE","lost_frac":0,"flow_frac":1.0,"upstream_km2":23.63592529296875,"hand_m":50,"area_in_meters":149.42520141601562,"confidence":0.8382999897003174}},{"type":"Feature","geometry":null,"properties":{"risk_score":2.709248925736882,"verdict":"RED_BLOCKS_DRAINAGE","lost_frac":0,"flow_frac":1.0,"upstream_km2":23.08335304260254,"hand_m":50,"area_in_meters":80.63909912109375,"confidence":0.8382999897003174}},{"type":"Feature","geometry":null,"properties":{"risk_score":1.2254810334339632,"verdict":"RED_BLOCKS_DRAINAGE","lost_frac":0,"flow_frac":1.0,"upstream_km2":3.2169196605682373,"hand_m":50,"area_in_meters":201.96510314941406,"confidence":0.8382999897003174}},{"type":"Feature","geometry":null,"properties":{"risk_score":86.06404812258224,"verdict":"RED_BLOCKS_DRAINAGE","lost_frac":0,"flow_frac":0.9259259259259259,"upstream_km2":8.499230524732008,"hand_m":0.05185275607638889,"area_in_meters":151.35470581054688,"confidence":0.9007999897003174}},{"type":"Feature","geometry":null,"properties":{"risk_score":4.622420410152368,"verdict":"RED_BLOCKS_DRAINAGE","lost_frac":0,"flow_frac":1.0,"upstream_km2":226.7374267578125,"hand_m":50,"area_in_meters":295.419189453125,"confidence":0.9007999897003174}},{"type":"Feature","geometry":null,"properties":{"risk_score":5.142797019585936,"verdict":"AMBER_PARTIAL","lost_frac":0,"flow_frac":0.16666666666666666,"upstream_km2":3.9462674752188227,"hand_m":1.25,"area_in_meters":61.60179901123047,"confidence":0.7189000248908997}},{"type":"Feature","geometry":null,"properties":{"risk_score":140.13126065580587,"verdict":"RED_BLOCKS_DRAINAGE","lost_frac":0,"flow_frac":0.9078947368421054,"upstream_km2":66.26653421514571,"hand_m":0.18421052631578952,"area_in_meters":248.8376007080078,"confidence":0.8439000248908997}},{"type":"Feature","geometry":null,"properties":{"risk_score":30.35441900915488,"verdict":"AMBER_PARTIAL","lost_frac":0,"flow_frac":0.49295774647887325,"upstream_km2":12.04068662887308,"hand_m":0.8112552266725351,"area_in_meters":238.2928009033203,"confidence":0.8439000248908997}},{"type":"Feature","geometry":null,"properties":{"risk_score":6.406093151090644,"verdict":"AMBER_PARTIAL","lost_frac":0,"flow_frac":0.3008849557522124,"upstream_km2":2.7718166090646945,"hand_m":1.7079748643183077,"area_in_meters":745.0263061523438,"confidence":0.9064000248908997}},{"type":"Feature","geometry":null,"properties":{"risk_score":2.1861260502309783,"verdict":"RED_BLOCKS_DRAINAGE","lost_frac":0,"flow_frac":1.0,"upstream_km2":12.029396057128906,"hand_m":50,"area_in_meters":62.30630111694336,"confidence":0.7245000004768372}},{"type":"Feature","geometry":null,"properties":{"risk_score":2.7086593503592282,"verdict":"RED_BLOCKS_DRAINAGE","lost_frac":0,"flow_frac":1.0,"upstream_km2":23.06668472290039,"hand_m":50,"area_in_meters":58.23649978637695,"confidence":0.7870000004768372}},{"type":"Feature","geometry":null,"properties":{"risk_score":1.7528822732789648,"verdict":"RED_BLOCKS_DRAINAGE","lost_frac":0,"flow_frac":1.0,"upstream_km2":6.833754539489746,"hand_m":50,"area_in_meters":154.2220001220703,"confidence":0.7870000004768372}},{"type":"Feature","geometry":null,"properties":{"risk_score":2.0246478708252256,"verdict":"RED_BLOCKS_DRAINAGE","lost_frac":0,"flow_frac":1.0,"upstream_km2":9.778800010681152,"hand_m":50,"area_in_meters":566.2304077148438,"confidence":0.8495000004768372}},{"type":"Feature","geometry":null,"properties":{"risk_score":2.1020262207802123,"verdict":"RED_BLOCKS_DRAINAGE","lost_frac":0,"flow_frac":1.0,"upstream_km2":10.804113388061523,"hand_m":50,"area_in_meters":640.4279174804688,"confidence":0.9120000004768372}},{"type":"Feature","geometry":null,"properties":{"risk_score":26.080276282261423,"verdict":"RED_BLOCKS_DRAINAGE","lost_frac":0,"flow_frac":0.5882352941176471,"upstream_km2":1.8947857968947466,"hand_m":0.04116641773897058,"area_in_meters":119.5031967163086,"confidence":0.7300999760627747}},{"type":"Feature","geometry":null,"properties":{"risk_score":5.163480016091479,"verdict":"AMBER_PARTIAL","lost_frac":0,"flow_frac":0.24324324324324326,"upstream_km2":3.765748932252865,"hand_m":2.1945668813344597,"area_in_meters":126.63980102539062,"confidence":0.7925999760627747}},{"type":"Feature","geometry":null,"properties":{"risk_score":13.262930831181102,"verdict":"AMBER_PARTIAL","lost_frac":0,"flow_frac":0.2,"upstream_km2":4.878363855183124,"hand_m":0.16000976562500002,"area_in_meters":52.71659851074219,"confidence":0.7925999760627747}},{"type":"Feature","geometry":null,"properties":{"risk_score":1.5305396083603726,"verdict":"RED_BLOCKS_DRAINAGE","lost_frac":0,"flow_frac":1.0,"upstream_km2":5.033581733703613,"hand_m":50,"area_in_meters":79.17250061035156,"confidence":0.7357000112533569}},{"type":"Feature","geometry":null,"properties":{"risk_score":19.645766315115036,"verdict":"RED_BLOCKS_DRAINAGE","lost_frac":0,"flow_frac":0.5882352941176471,"upstream_km2":4.578778518802102,"hand_m":1.2352941176470589,"area_in_meters":60.679100036621094,"confidence":0.7982000112533569}},{"type":"Feature","geometry":null,"properties":{"risk_score":2.9424738532717676,"verdict":"RED_BLOCKS_DRAINAGE","lost_frac":0,"flow_frac":1.0,"upstream_km2":30.670991897583008,"hand_m":50,"area_in_meters":220.6667022705078,"confidence":0.7982000112533569}},{"type":"Feature","geometry":null,"properties":{"risk_score":1.850208036767189,"verdict":"RED_BLOCKS_DRAINAGE","lost_frac":0,"flow_frac":1.0,"upstream_km2":7.782256126403809,"hand_m":50,"area_in_meters":188.22909545898438,"confidence":0.9232000112533569}},{"type":"Feature","geometry":null,"properties":{"risk_score":1.0483981008233028,"verdict":"RED_BLOCKS_DRAINAGE","lost_frac":0,"flow_frac":1.0,"upstream_km2":2.4251770973205566,"hand_m":50,"area_in_meters":93.07730102539062,"confidence":0.7412999868392944}},{"type":"Feature","geometry":null,"properties":{"risk_score":1.8673459269416826,"verdict":"RED_BLOCKS_DRAINAGE","lost_frac":0,"flow_frac":1.0,"upstream_km2":7.960792541503906,"hand_m":50,"area_in_meters":123.34500122070312,"confidence":0.7412999868392944}},{"type":"Feature","geometry":null,"properties":{"risk_score":2.384922637330153,"verdict":"RED_BLOCKS_DRAINAGE","lost_frac":0,"flow_frac":1.0,"upstream_km2":15.455479621887207,"hand_m":50,"area_in_meters":95.98639678955078,"confidence":0.8037999868392944}},{"type":"Feature","geometry":null,"properties":{"risk_score":2.384922637330153,"verdict":"RED_BLOCKS_DRAINAGE","lost_frac":0,"flow_frac":1.0,"upstream_km2":15.455479621887207,"hand_m":50,"area_in_meters":92.56849670410156,"confidence":0.8037999868392944}},{"type":"Feature","geometry":null,"properties":{"risk_score":2.843162582499833,"verdict":"RED_BLOCKS_DRAINAGE","lost_frac":0,"flow_frac":1.0,"upstream_km2":27.184667587280273,"hand_m":50,"area_in_meters":78.5438003540039,"confidence":0.7580999732017517}},{"type":"Feature","geometry":null,"properties":{"risk_score":2.7057893747707973,"verdict":"RED_BLOCKS_DRAINAGE","lost_frac":0,"flow_frac":1.0,"upstream_km2":22.98571014404297,"hand_m":50,"area_in_meters":375.9093017578125,"confidence":0.8205999732017517}},{"type":"Feature","geometry":null,"properties":{"risk_score":1.7574000880780674,"verdict":"RED_BLOCKS_DRAINAGE","lost_frac":0,"flow_frac":1.0,"upstream_km2":6.875425815582275,"hand_m":50,"area_in_meters":157.2655029296875,"confidence":0.8205999732017517}},{"type":"Feature","geometry":null,"properties":{"risk_score":1.2871678626620489,"verdict":"RED_BLOCKS_DRAINAGE","lost_frac":0,"flow_frac":1.0,"upstream_km2":3.5337295532226562,"hand_m":50,"area_in_meters":149.36619567871094,"confidence":0.8205999732017517}},{"type":"Feature","geometry":null,"properties":{"risk_score":2.7097526969187853,"verdict":"RED_BLOCKS_DRAINAGE","lost_frac":0,"flow_frac":1.0,"upstream_km2":23.09760467478093,"hand_m":50,"area_in_meters":496.3262023925781,"confidence":0.8205999732017517}},{"type":"Feature","geometry":null,"properties":{"risk_score":7.816243226844626,"verdict":"AMBER_PARTIAL","lost_frac":0,"flow_frac":0.39285714285714285,"upstream_km2":30.883023204980418,"hand_m":6.557135445731027,"area_in_meters":194.38510131835938,"confidence":0.8830999732017517}},{"type":"Feature","geometry":null,"properties":{"risk_score":22.670237502523815,"verdict":"RED_BLOCKS_DRAINAGE","lost_frac":0,"flow_frac":0.5862068965517241,"upstream_km2":13.819898511058296,"hand_m":2.0275710533405173,"area_in_meters":101.09480285644531,"confidence":0.8830999732017517}},{"type":"Feature","geometry":null,"properties":{"risk_score":51.79994034499356,"verdict":"RED_BLOCKS_DRAINAGE","lost_frac":0,"flow_frac":0.8956521739130435,"upstream_km2":3.4130154522864715,"hand_m":0.11478643002717391,"area_in_meters":365.4103088378906,"confidence":0.8830999732017517}},{"type":"Feature","geometry":null,"properties":{"risk_score":2.410000006003811,"verdict":"RED_BLOCKS_DRAINAGE","lost_frac":0,"flow_frac":1.0,"upstream_km2":15.947279930114746,"hand_m":50,"area_in_meters":205.9929962158203,"confidence":0.8094000220298767}},{"type":"Feature","geometry":null,"properties":{"risk_score":12.348726174055209,"verdict":"AMBER_PARTIAL","lost_frac":0,"flow_frac":0.4838709677419355,"upstream_km2":1.2939354681199595,"hand_m":0.4128969254032258,"area_in_meters":109.53160095214844,"confidence":0.8094000220298767}},{"type":"Feature","geometry":null,"properties":{"risk_score":1.8058181734407701,"verdict":"RED_BLOCKS_DRAINAGE","lost_frac":0,"flow_frac":1.0,"upstream_km2":7.336183547973633,"hand_m":50,"area_in_meters":58.94260025024414,"confidence":0.8719000220298767}},{"type":"Feature","geometry":null,"properties":{"risk_score":34.09856635820468,"verdict":"RED_BLOCKS_DRAINAGE","lost_frac":0,"flow_frac":0.6599999999999999,"upstream_km2":31.953761344738307,"hand_m":1.9380041503906247,"area_in_meters":169.33160400390625,"confidence":0.7524999976158142}},{"type":"Feature","geometry":null,"properties":{"risk_score":28.803782878592365,"verdict":"RED_BLOCKS_DRAINAGE","lost_frac":0,"flow_frac":0.7647058823529411,"upstream_km2":2.367688207065358,"hand_m":0.400002872242647,"area_in_meters":70.46189880371094,"confidence":0.8149999976158142}},{"type":"Feature","geometry":null,"properties":{"risk_score":2.828403513259509,"verdict":"RED_BLOCKS_DRAINAGE","lost_frac":0,"flow_frac":1.0,"upstream_km2":26.70038414001465,"hand_m":50,"area_in_meters":121.61540222167969,"confidence":0.8774999976158142}},{"type":"Feature","geometry":null,"properties":{"risk_score":104.27075633502048,"verdict":"RED_BLOCKS_DRAINAGE","lost_frac":0,"flow_frac":0.7777777777777778,"upstream_km2":22.464342072606087,"hand_m":0.022216796875,"area_in_meters":45.426700592041016,"confidence":0.701200008392334}},{"type":"Feature","geometry":null,"properties":{"risk_score":2.123983881262204,"verdict":"RED_BLOCKS_DRAINAGE","lost_frac":0,"flow_frac":1.0,"upstream_km2":11.112443923950195,"hand_m":50,"area_in_meters":49.04800033569336,"confidence":0.701200008392334}},{"type":"Feature","geometry":null,"properties":{"risk_score":1.705981594634445,"verdict":"GREEN_CLEAR","lost_frac":0,"flow_frac":0.07142857142857142,"upstream_km2":1.8881186470389366,"hand_m":0.9285714285714286,"area_in_meters":47.7041015625,"confidence":0.763700008392334}},{"type":"Feature","geometry":null,"properties":{"risk_score":2.6396542749297622,"verdict":"RED_BLOCKS_DRAINAGE","lost_frac":0,"flow_frac":1.0,"upstream_km2":21.193391799926758,"hand_m":50,"area_in_meters":120.3333969116211,"confidence":0.826200008392334}},{"type":"Feature","geometry":null,"properties":{"risk_score":1.7822664623711828,"verdict":"RED_BLOCKS_DRAINAGE","lost_frac":0,"flow_frac":1.0,"upstream_km2":7.1087870597839355,"hand_m":50,"area_in_meters":277.8251953125,"confidence":0.826200008392334}},{"type":"Feature","geometry":null,"properties":{"risk_score":7.7719329711576846,"verdict":"RED_BLOCKS_DRAINAGE","lost_frac":0,"flow_frac":0.5833333333333334,"upstream_km2":1.6418345182513197,"hand_m":2.1666717529296875,"area_in_meters":109.46829986572266,"confidence":0.888700008392334}},{"type":"Feature","geometry":null,"properties":{"risk_score":1.0463346721211475,"verdict":"RED_BLOCKS_DRAINAGE","lost_frac":0,"flow_frac":1.0,"upstream_km2":2.4168875217437744,"hand_m":50,"area_in_meters":51.022300720214844,"confidence":0.7067999839782715}},{"type":"Feature","geometry":null,"properties":{"risk_score":65.81708654190534,"verdict":"RED_BLOCKS_DRAINAGE","lost_frac":0,"flow_frac":0.8888888888888888,"upstream_km2":10.51588999428269,"hand_m":0.43332926432291663,"area_in_meters":127.88849639892578,"confidence":0.8485999703407288}},{"type":"Feature","geometry":null,"properties":{"risk_score":1.9758507251855266,"verdict":"RED_BLOCKS_DRAINAGE","lost_frac":0,"flow_frac":1.0,"upstream_km2":9.178502082824707,"hand_m":50,"area_in_meters":190.8314971923828,"confidence":0.8485999703407288}},{"type":"Feature","geometry":null,"properties":{"risk_score":15.638041041654693,"verdict":"RED_BLOCKS_DRAINAGE","lost_frac":0,"flow_frac":0.5151515151515152,"upstream_km2":3.537339929378394,"hand_m":1.1636482007575757,"area_in_meters":111.80220031738281,"confidence":0.7124000191688538}},{"type":"Feature","geometry":null,"properties":{"risk_score":1.8041133437153454,"verdict":"RED_BLOCKS_DRAINAGE","lost_frac":0,"flow_frac":1.0,"upstream_km2":7.31951109568278,"hand_m":50,"area_in_meters":98.19560241699219,"confidence":0.7749000191688538}},{"type":"Feature","geometry":null,"properties":{"risk_score":2.626707973705372,"verdict":"RED_BLOCKS_DRAINAGE","lost_frac":0,"flow_frac":1.0,"upstream_km2":20.858535766601562,"hand_m":50,"area_in_meters":231.21429443359375,"confidence":0.7749000191688538}},{"type":"Feature","geometry":null,"properties":{"risk_score":8.160739058923356,"verdict":"RED_BLOCKS_DRAINAGE","lost_frac":0,"flow_frac":0.5294117647058822,"upstream_km2":1.1293391098870948,"hand_m":1.1294232536764703,"area_in_meters":290.7925109863281,"confidence":0.8999000191688538}},{"type":"Feature","geometry":null,"properties":{"risk_score":1.0483981008233028,"verdict":"RED_BLOCKS_DRAINAGE","lost_frac":0,"flow_frac":1.0,"upstream_km2":2.4251770973205566,"hand_m":50,"area_in_meters":91.4103012084961,"confidence":0.7179999947547913}},{"type":"Feature","geometry":null,"properties":{"risk_score":4.648580382626937,"verdict":"AMBER_PARTIAL","lost_frac":0,"flow_frac":0.2833333333333333,"upstream_km2":0.9127106763112048,"hand_m":0.7166666666666667,"area_in_meters":200.47959899902344,"confidence":0.7179999947547913}},{"type":"Feature","geometry":null,"properties":{"risk_score":2.626707973705372,"verdict":"RED_BLOCKS_DRAINAGE","lost_frac":0,"flow_frac":1.0,"upstream_km2":20.858535766601562,"hand_m":50,"area_in_meters":80.37149810791016,"confidence":0.7804999947547913}},{"type":"Feature","geometry":null,"properties":{"risk_score":1.192906154598093,"verdict":"RED_BLOCKS_DRAINAGE","lost_frac":0,"flow_frac":1.0,"upstream_km2":3.058655023574829,"hand_m":50,"area_in_meters":119.331298828125,"confidence":0.7804999947547913}},{"type":"Feature","geometry":null,"properties":{"risk_score":74.86502719869561,"verdict":"RED_BLOCKS_DRAINAGE","lost_frac":0,"flow_frac":0.8679245283018868,"upstream_km2":7.989053305080336,"hand_m":0.10565876510908016,"area_in_meters":177.51739501953125,"confidence":0.8429999947547913}},{"type":"Feature","geometry":null,"properties":{"risk_score":1.9758507251855266,"verdict":"RED_BLOCKS_DRAINAGE","lost_frac":0,"flow_frac":1.0,"upstream_km2":9.178502082824707,"hand_m":50,"area_in_meters":165.58009338378906,"confidence":0.9054999947547913}},{"type":"Feature","geometry":null,"properties":{"risk_score":1.3762685383551319,"verdict":"RED_BLOCKS_DRAINAGE","lost_frac":0,"flow_frac":1.0,"upstream_km2":4.033811569213867,"hand_m":50,"area_in_meters":316.2569885253906,"confidence":0.9054999947547913}},{"type":"Feature","geometry":null,"properties":{"risk_score":43.44786092505446,"verdict":"AMBER_PARTIAL","lost_frac":0,"flow_frac":0.5,"upstream_km2":13.896046872250736,"hand_m":0.3499755859375,"area_in_meters":60.612998962402344,"confidence":0.7347999811172485}},{"type":"Feature","geometry":null,"properties":{"risk_score":2.860333540653563,"verdict":"RED_BLOCKS_DRAINAGE","lost_frac":0,"flow_frac":1.0,"upstream_km2":27.758756637573242,"hand_m":50,"area_in_meters":259.33441162109375,"confidence":0.7972999811172485}},{"type":"Feature","geometry":null,"properties":{"risk_score":2.8469166353135766,"verdict":"RED_BLOCKS_DRAINAGE","lost_frac":0,"flow_frac":1.0,"upstream_km2":27.309192657470703,"hand_m":50,"area_in_meters":92.44249725341797,"confidence":0.7972999811172485}},{"type":"Feature","geometry":null,"properties":{"risk_score":1.1929829868770292,"verdict":"RED_BLOCKS_DRAINAGE","lost_frac":0,"flow_frac":1.0,"upstream_km2":3.059021234512329,"hand_m":50,"area_in_meters":100.15660095214844,"confidence":0.7972999811172485}},{"type":"Feature","geometry":null,"properties":{"risk_score":9.227553400327645,"verdict":"AMBER_PARTIAL","lost_frac":0,"flow_frac":0.34782608695652173,"upstream_km2":16.84386964555344,"hand_m":3.7173992654551626,"area_in_meters":85.35590362548828,"confidence":0.7972999811172485}},{"type":"Feature","geometry":null,"properties":{"risk_score":71.34258547736722,"verdict":"RED_BLOCKS_DRAINAGE","lost_frac":0,"flow_frac":0.8723404255319147,"upstream_km2":68.34025643999748,"hand_m":1.251062271442819,"area_in_meters":154.9777069091797,"confidence":0.8597999811172485}},{"type":"Feature","geometry":null,"properties":{"risk_score":1.2271810506247398,"verdict":"RED_BLOCKS_DRAINAGE","lost_frac":0,"flow_frac":1.0,"upstream_km2":3.225346565246582,"hand_m":50,"area_in_meters":207.38070678710938,"confidence":0.8597999811172485}},{"type":"Feature","geometry":null,"properties":{"risk_score":2.944264911062064,"verdict":"RED_BLOCKS_DRAINAGE","lost_frac":0,"flow_frac":1.0,"upstream_km2":30.737674713134766,"hand_m":50,"area_in_meters":717.0662231445312,"confidence":0.8597999811172485}},{"type":"Feature","geometry":null,"properties":{"risk_score":1.2254810334339632,"verdict":"RED_BLOCKS_DRAINAGE","lost_frac":0,"flow_frac":1.0,"upstream_km2":3.2169196605682373,"hand_m":50,"area_in_meters":59.59619903564453,"confidence":0.791700005531311}},{"type":"Feature","geometry":null,"properties":{"risk_score":1.2254810334339632,"verdict":"RED_BLOCKS_DRAINAGE","lost_frac":0,"flow_frac":1.0,"upstream_km2":3.2169196605682373,"hand_m":50,"area_in_meters":101.90370178222656,"confidence":0.854200005531311}},{"type":"Feature","geometry":null,"properties":{"risk_score":75.03332513321097,"verdict":"RED_BLOCKS_DRAINAGE","lost_frac":0,"flow_frac":0.6119402985074627,"upstream_km2":17.782520488488363,"hand_m":0.03882018131996269,"area_in_meters":231.2263946533203,"confidence":0.916700005531311}},{"type":"Feature","geometry":null,"properties":{"risk_score":2.7441794746203723,"verdict":"RED_BLOCKS_DRAINAGE","lost_frac":0,"flow_frac":1.0,"upstream_km2":24.09178352355957,"hand_m":50,"area_in_meters":245.03219604492188,"confidence":0.916700005531311}},{"type":"Feature","geometry":null,"properties":{"risk_score":2.7537424114100904,"verdict":"RED_BLOCKS_DRAINAGE","lost_frac":0,"flow_frac":1.0,"upstream_km2":24.375150680541992,"hand_m":50,"area_in_meters":90.3572998046875,"confidence":0.8029000163078308}},{"type":"Feature","geometry":null,"properties":{"risk_score":35.42252302135578,"verdict":"RED_BLOCKS_DRAINAGE","lost_frac":0,"flow_frac":0.6818181818181818,"upstream_km2":8.243919304148717,"hand_m":0.8590947931463068,"area_in_meters":79.4800033569336,"confidence":0.7459999918937683}},{"type":"Feature","geometry":null,"properties":{"risk_score":1.027435735880982,"verdict":"RED_BLOCKS_DRAINAGE","lost_frac":0,"flow_frac":1.0,"upstream_km2":2.341890573501587,"hand_m":50,"area_in_meters":61.783199310302734,"confidence":0.7459999918937683}},{"type":"Feature","geometry":null,"properties":{"risk_score":29.40937174567793,"verdict":"AMBER_PARTIAL","lost_frac":0,"flow_frac":0.48120300751879697,"upstream_km2":13.13142697448681,"hand_m":0.8819612201891447,"area_in_meters":472.14678955078125,"confidence":0.8709999918937683}},{"type":"Feature","geometry":null,"properties":{"risk_score":36.498202831294236,"verdict":"RED_BLOCKS_DRAINAGE","lost_frac":0,"flow_frac":0.7777777777777778,"upstream_km2":23.37456082428495,"hand_m":1.95556640625,"area_in_meters":125.74040222167969,"confidence":0.7627999782562256}},{"type":"Feature","geometry":null,"properties":{"risk_score":2.626707973705372,"verdict":"RED_BLOCKS_DRAINAGE","lost_frac":0,"flow_frac":1.0,"upstream_km2":20.858535766601562,"hand_m":50,"area_in_meters":86.30950164794922,"confidence":0.7627999782562256}},{"type":"Feature","geometry":null,"properties":{"risk_score":1.2338736348166532,"verdict":"RED_BLOCKS_DRAINAGE","lost_frac":0,"flow_frac":1.0,"upstream_km2":3.258685350418091,"hand_m":50,"area_in_meters":75.72380065917969,"confidence":0.7627999782562256}},{"type":"Feature","geometry":null,"properties":{"risk_score":4.372279839467919,"verdict":"AMBER_PARTIAL","lost_frac":0,"flow_frac":0.39285714285714285,"upstream_km2":1.2623015719998096,"hand_m":2.185699462890625,"area_in_meters":110.38829803466797,"confidence":0.7516000270843506}},{"type":"Feature","geometry":null,"properties":{"risk_score":1.1928882961028775,"verdict":"RED_BLOCKS_DRAINAGE","lost_frac":0,"flow_frac":1.0,"upstream_km2":3.05856990814209,"hand_m":50,"area_in_meters":205.89410400390625,"confidence":0.8141000270843506}},{"type":"Feature","geometry":null,"properties":{"risk_score":1.0015619133127636,"verdict":"RED_BLOCKS_DRAINAGE","lost_frac":0,"flow_frac":1.0,"upstream_km2":2.241877317428589,"hand_m":50,"area_in_meters":91.64869689941406,"confidence":0.8141000270843506}},{"type":"Feature","geometry":null,"properties":{"risk_score":33.12085379987909,"verdict":"RED_BLOCKS_DRAINAGE","lost_frac":0,"flow_frac":0.7180094786729858,"upstream_km2":4.760686905955304,"hand_m":0.648591968120557,"area_in_meters":1433.24853515625,"confidence":0.8197000026702881}},{"type":"Feature","geometry":null,"properties":{"risk_score":1.9758507251855266,"verdict":"RED_BLOCKS_DRAINAGE","lost_frac":0,"flow_frac":1.0,"upstream_km2":9.178502082824707,"hand_m":50,"area_in_meters":107.02770233154297,"confidence":0.7739999890327454}},{"type":"Feature","geometry":null,"properties":{"risk_score":1.0124383803323538,"verdict":"RED_BLOCKS_DRAINAGE","lost_frac":0,"flow_frac":1.0,"upstream_km2":2.2835495471954346,"hand_m":50,"area_in_meters":45.80630111694336,"confidence":0.7739999890327454}},{"type":"Feature","geometry":null,"properties":{"risk_score":1.0379858295247464,"verdict":"RED_BLOCKS_DRAINAGE","lost_frac":0,"flow_frac":1.0,"upstream_km2":2.3835513591766357,"hand_m":50,"area_in_meters":92.19599914550781,"confidence":0.7739999890327454}},{"type":"Feature","geometry":null,"properties":{"risk_score":1.0082505075556958,"verdict":"RED_BLOCKS_DRAINAGE","lost_frac":0,"flow_frac":1.0,"upstream_km2":2.2674410343170166,"hand_m":50,"area_in_meters":237.52310180664062,"confidence":0.8364999890327454}},{"type":"Feature","geometry":null,"properties":{"risk_score":4.462602477385513,"verdict":"RED_BLOCKS_DRAINAGE","lost_frac":0,"flow_frac":1.0,"upstream_km2":187.76751708984375,"hand_m":50,"area_in_meters":82.7842025756836,"confidence":0.8364999890327454}},{"type":"Feature","geometry":null,"properties":{"risk_score":1.2254810334339632,"verdict":"RED_BLOCKS_DRAINAGE","lost_frac":0,"flow_frac":1.0,"upstream_km2":3.2169196605682373,"hand_m":50,"area_in_meters":73.76860046386719,"confidence":0.8364999890327454}},{"type":"Feature","geometry":null,"properties":{"risk_score":2.7086593503592282,"verdict":"RED_BLOCKS_DRAINAGE","lost_frac":0,"flow_frac":1.0,"upstream_km2":23.06668472290039,"hand_m":50,"area_in_meters":78.87220001220703,"confidence":0.7059000134468079}},{"type":"Feature","geometry":null,"properties":{"risk_score":1.0015619133127636,"verdict":"RED_BLOCKS_DRAINAGE","lost_frac":0,"flow_frac":1.0,"upstream_km2":2.241877317428589,"hand_m":50,"area_in_meters":134.7519989013672,"confidence":0.7059000134468079}},{"type":"Feature","geometry":null,"properties":{"risk_score":100.98337609846423,"verdict":"RED_BLOCKS_DRAINAGE","lost_frac":0,"flow_frac":0.9545454545454546,"upstream_km2":14.75333670708774,"hand_m":0.13181651722301135,"area_in_meters":78.09829711914062,"confidence":0.7684000134468079}},{"type":"Feature","geometry":null,"properties":{"risk_score":35.58802430719884,"verdict":"RED_BLOCKS_DRAINAGE","lost_frac":0,"flow_frac":0.9473684210526315,"upstream_km2":2.1638013819526685,"hand_m":0.3315783048930921,"area_in_meters":71.64900207519531,"confidence":0.7684000134468079}},{"type":"Feature","geometry":null,"properties":{"risk_score":2.711688025763225,"verdict":"RED_BLOCKS_DRAINAGE","lost_frac":0,"flow_frac":1.0,"upstream_km2":23.152433395385742,"hand_m":50,"area_in_meters":132.41580200195312,"confidence":0.8309000134468079}},{"type":"Feature","geometry":null,"properties":{"risk_score":2.7574605196361532,"verdict":"RED_BLOCKS_DRAINAGE","lost_frac":0,"flow_frac":1.0,"upstream_km2":24.486186981201172,"hand_m":50,"area_in_meters":90.98040008544922,"confidence":0.8309000134468079}},{"type":"Feature","geometry":null,"properties":{"risk_score":1.9758507251855266,"verdict":"RED_BLOCKS_DRAINAGE","lost_frac":0,"flow_frac":1.0,"upstream_km2":9.178502082824707,"hand_m":50,"area_in_meters":148.60629272460938,"confidence":0.8934000134468079}},{"type":"Feature","geometry":null,"properties":{"risk_score":7.794936148842773,"verdict":"RED_BLOCKS_DRAINAGE","lost_frac":0,"flow_frac":0.5857142857142857,"upstream_km2":1.6289752812790022,"hand_m":2.154290771484375,"area_in_meters":220.5919952392578,"confidence":0.8934000134468079}},{"type":"Feature","geometry":null,"properties":{"risk_score":2.775003731661603,"verdict":"RED_BLOCKS_DRAINAGE","lost_frac":0,"flow_frac":1.0,"upstream_km2":25.016681671142578,"hand_m":50,"area_in_meters":50.96839904785156,"confidence":0.7226999998092651}},{"type":"Feature","geometry":null,"properties":{"risk_score":1.1104182891191237,"verdict":"RED_BLOCKS_DRAINAGE","lost_frac":0,"flow_frac":1.0,"upstream_km2":2.6839466094970703,"hand_m":50,"area_in_meters":145.6656036376953,"confidence":0.7226999998092651}},{"type":"Feature","geometry":null,"properties":{"risk_score":2.711688025763225,"verdict":"RED_BLOCKS_DRAINAGE","lost_frac":0,"flow_frac":1.0,"upstream_km2":23.152433395385742,"hand_m":50,"area_in_meters":58.66310119628906,"confidence":0.7226999998092651}},{"type":"Feature","geometry":null,"properties":{"risk_score":11.694431914156391,"verdict":"AMBER_PARTIAL","lost_frac":0,"flow_frac":0.47368421052631576,"upstream_km2":1.5281905084848404,"hand_m":0.6315853721217105,"area_in_meters":78.66000366210938,"confidence":0.7851999998092651}},{"type":"Feature","geometry":null,"properties":{"risk_score":2.6396542749297622,"verdict":"RED_BLOCKS_DRAINAGE","lost_frac":0,"flow_frac":1.0,"upstream_km2":21.193391799926758,"hand_m":50,"area_in_meters":130.81289672851562,"confidence":0.8476999998092651}},{"type":"Feature","geometry":null,"properties":{"risk_score":3.8697451511441634,"verdict":"AMBER_PARTIAL","lost_frac":0,"flow_frac":0.16,"upstream_km2":1.1044018752127887,"hand_m":0.33602050781250004,"area_in_meters":84.62249755859375,"confidence":0.7282999753952026}},{"type":"Feature","geometry":null,"properties":{"risk_score":1.2271810506247398,"verdict":"RED_BLOCKS_DRAINAGE","lost_frac":0,"flow_frac":1.0,"upstream_km2":3.225346565246582,"hand_m":50,"area_in_meters":98.87789916992188,"confidence":0.7907999753952026}},{"type":"Feature","geometry":null,"properties":{"risk_score":47.34412771526996,"verdict":"RED_BLOCKS_DRAINAGE","lost_frac":0,"flow_frac":0.8,"upstream_km2":23.255484630540014,"hand_m":1.339990234375,"area_in_meters":136.45230102539062,"confidence":0.8421000242233276}},{"type":"Feature","geometry":null,"properties":{"risk_score":1.2254810334339632,"verdict":"RED_BLOCKS_DRAINAGE","lost_frac":0,"flow_frac":1.0,"upstream_km2":3.2169196605682373,"hand_m":50,"area_in_meters":115.26820373535156,"confidence":0.8421000242233276}},{"type":"Feature","geometry":null,"properties":{"risk_score":1.3148783772171446,"verdict":"RED_BLOCKS_DRAINAGE","lost_frac":0,"flow_frac":1.0,"upstream_km2":3.683688163757324,"hand_m":50,"area_in_meters":212.8253936767578,"confidence":0.8421000242233276}},{"type":"Feature","geometry":null,"properties":{"risk_score":18.970742912637007,"verdict":"AMBER_PARTIAL","lost_frac":0,"flow_frac":0.3333333333333333,"upstream_km2":24.340574080124497,"hand_m":1.4666341145833335,"area_in_meters":346.95550537109375,"confidence":0.9046000242233276}},{"type":"Feature","geometry":null,"properties":{"risk_score":1.0483981008233028,"verdict":"RED_BLOCKS_DRAINAGE","lost_frac":0,"flow_frac":1.0,"upstream_km2":2.4251770973205566,"hand_m":50,"area_in_meters":85.3187026977539,"confidence":0.7394999861717224}},{"type":"Feature","geometry":null,"properties":{"risk_score":37.60321733060531,"verdict":"RED_BLOCKS_DRAINAGE","lost_frac":0,"flow_frac":0.6071428571428571,"upstream_km2":14.099705980824574,"hand_m":0.9035666329520089,"area_in_meters":111.14839935302734,"confidence":0.8644999861717224}},{"type":"Feature","geometry":null,"properties":{"risk_score":1.0379858295247464,"verdict":"RED_BLOCKS_DRAINAGE","lost_frac":0,"flow_frac":1.0,"upstream_km2":2.3835513591766357,"hand_m":50,"area_in_meters":62.76190185546875,"confidence":0.7339000105857849}},{"type":"Feature","geometry":null,"properties":{"risk_score":52.34532495209508,"verdict":"RED_BLOCKS_DRAINAGE","lost_frac":0,"flow_frac":0.8714285714285713,"upstream_km2":5.797926720990134,"hand_m":0.3857142857142857,"area_in_meters":231.7834014892578,"confidence":0.7964000105857849}},{"type":"Feature","geometry":null,"properties":{"risk_score":1.9114071389629308,"verdict":"RED_BLOCKS_DRAINAGE","lost_frac":0,"flow_frac":1.0,"upstream_km2":8.4366455078125,"hand_m":50,"area_in_meters":69.62899780273438,"confidence":0.7964000105857849}},{"type":"Feature","geometry":null,"properties":{"risk_score":22.824101932306988,"verdict":"RED_BLOCKS_DRAINAGE","lost_frac":0,"flow_frac":0.5870445344129553,"upstream_km2":2.9583782160028753,"hand_m":0.5368370643028846,"area_in_meters":803.5582275390625,"confidence":0.8589000105857849}},{"type":"Feature","geometry":null,"properties":{"risk_score":2.713301454758145,"verdict":"RED_BLOCKS_DRAINAGE","lost_frac":0,"flow_frac":1.0,"upstream_km2":23.198237890946242,"hand_m":50,"area_in_meters":298.7538146972656,"confidence":0.9214000105857849}},{"type":"Feature","geometry":null,"properties":{"risk_score":1.3284082940579385,"verdict":"RED_BLOCKS_DRAINAGE","lost_frac":0,"flow_frac":1.0,"upstream_km2":3.758698940277099,"hand_m":50,"area_in_meters":186.90980529785156,"confidence":0.9214000105857849}},{"type":"Feature","geometry":null,"properties":{"risk_score":1.027435735880982,"verdict":"RED_BLOCKS_DRAINAGE","lost_frac":0,"flow_frac":1.0,"upstream_km2":2.341890573501587,"hand_m":50,"area_in_meters":309.0389099121094,"confidence":0.7506999969482422}},{"type":"Feature","geometry":null,"properties":{"risk_score":1.8140496831345745,"verdict":"RED_BLOCKS_DRAINAGE","lost_frac":0,"flow_frac":1.0,"upstream_km2":7.4171552658081055,"hand_m":50,"area_in_meters":146.66600036621094,"confidence":0.7506999969482422}},{"type":"Feature","geometry":null,"properties":{"risk_score":7.1392832845077665,"verdict":"AMBER_PARTIAL","lost_frac":0,"flow_frac":0.28,"upstream_km2":0.9574097764492034,"hand_m":0.14396484375000002,"area_in_meters":94.5479965209961,"confidence":0.8131999969482422}},{"type":"Feature","geometry":null,"properties":{"risk_score":2.726258167272088,"verdict":"RED_BLOCKS_DRAINAGE","lost_frac":0,"flow_frac":1.0,"upstream_km2":23.569236755371094,"hand_m":50,"area_in_meters":70.12110137939453,"confidence":0.8131999969482422}},{"type":"Feature","geometry":null,"properties":{"risk_score":1.04829138235193,"verdict":"RED_BLOCKS_DRAINAGE","lost_frac":0,"flow_frac":1.0,"upstream_km2":2.424747876007191,"hand_m":50,"area_in_meters":468.9580993652344,"confidence":0.8756999969482422}},{"type":"Feature","geometry":null,"properties":{"risk_score":32.73602561102471,"verdict":"AMBER_PARTIAL","lost_frac":0,"flow_frac":0.5,"upstream_km2":11.972177498042582,"hand_m":0.699981689453125,"area_in_meters":115.43350219726562,"confidence":0.8756999969482422}},{"type":"Feature","geometry":null,"properties":{"risk_score":2.9306628158809724,"verdict":"RED_BLOCKS_DRAINAGE","lost_frac":0,"flow_frac":1.0,"upstream_km2":30.234750133449747,"hand_m":50,"area_in_meters":242.78219604492188,"confidence":0.8756999969482422}},{"type":"Feature","geometry":null,"properties":{"risk_score":2.75429674242124,"verdict":"RED_BLOCKS_DRAINAGE","lost_frac":0,"flow_frac":1.0,"upstream_km2":24.391674294191247,"hand_m":50,"area_in_meters":223.06210327148438,"confidence":0.8756999969482422}},{"type":"Feature","geometry":null,"properties":{"risk_score":3.6650265116495264,"verdict":"RED_BLOCKS_DRAINAGE","lost_frac":0,"flow_frac":1.0,"upstream_km2":72.9883804321289,"hand_m":50,"area_in_meters":395.8110046386719,"confidence":0.9381999969482422}},{"type":"Feature","geometry":null,"properties":{"risk_score":49.995362503432204,"verdict":"RED_BLOCKS_DRAINAGE","lost_frac":0,"flow_frac":0.65,"upstream_km2":19.30350511930883,"hand_m":0.7,"area_in_meters":203.7158966064453,"confidence":0.7562999725341797}},{"type":"Feature","geometry":null,"properties":{"risk_score":2.641571239096296,"verdict":"RED_BLOCKS_DRAINAGE","lost_frac":0,"flow_frac":1.0,"upstream_km2":21.243408203125,"hand_m":50,"area_in_meters":915.6011962890625,"confidence":0.8187999725341797}},{"type":"Feature","geometry":null,"properties":{"risk_score":4.459853263694232,"verdict":"RED_BLOCKS_DRAINAGE","lost_frac":0,"flow_frac":1.0,"upstream_km2":187.15907287597656,"hand_m":50,"area_in_meters":100.49359893798828,"confidence":0.8187999725341797}},{"type":"Feature","geometry":null,"properties":{"risk_score":26.056128340299356,"verdict":"RED_BLOCKS_DRAINAGE","lost_frac":0,"flow_frac":0.6086956521739131,"upstream_km2":15.418531729677772,"hand_m":1.839135211447011,"area_in_meters":75.88710021972656,"confidence":0.8812999725341797}},{"type":"Feature","geometry":null,"properties":{"risk_score":16.131979699750605,"verdict":"RED_BLOCKS_DRAINAGE","lost_frac":0,"flow_frac":0.6666666666666666,"upstream_km2":4.947548324863115,"hand_m":2.20001220703125,"area_in_meters":180.397705078125,"confidence":0.7451000213623047}},{"type":"Feature","geometry":null,"properties":{"risk_score":2.860333540653563,"verdict":"RED_BLOCKS_DRAINAGE","lost_frac":0,"flow_frac":1.0,"upstream_km2":27.758756637573242,"hand_m":50,"area_in_meters":160.9010009765625,"confidence":0.7451000213623047}},{"type":"Feature","geometry":null,"properties":{"risk_score":1.0124383803323538,"verdict":"RED_BLOCKS_DRAINAGE","lost_frac":0,"flow_frac":1.0,"upstream_km2":2.2835495471954346,"hand_m":50,"area_in_meters":218.9925994873047,"confidence":0.8076000213623047}},{"type":"Feature","geometry":null,"properties":{"risk_score":1.1858824641106303,"verdict":"RED_BLOCKS_DRAINAGE","lost_frac":0,"flow_frac":1.0,"upstream_km2":3.0253167152404785,"hand_m":50,"area_in_meters":461.8583068847656,"confidence":0.8076000213623047}},{"type":"Feature","geometry":null,"properties":{"risk_score":2.734882007150012,"verdict":"RED_BLOCKS_DRAINAGE","lost_frac":0,"flow_frac":1.0,"upstream_km2":23.819316864013672,"hand_m":50,"area_in_meters":141.86990356445312,"confidence":0.761900007724762}},{"type":"Feature","geometry":null,"properties":{"risk_score":1.0483981008233028,"verdict":"RED_BLOCKS_DRAINAGE","lost_frac":0,"flow_frac":1.0,"upstream_km2":2.4251770973205566,"hand_m":50,"area_in_meters":44.24720001220703,"confidence":0.824400007724762}},{"type":"Feature","geometry":null,"properties":{"risk_score":2.9139885607176033,"verdict":"RED_BLOCKS_DRAINAGE","lost_frac":0,"flow_frac":1.0,"upstream_km2":29.62909507751465,"hand_m":50,"area_in_meters":74.96479797363281,"confidence":0.824400007724762}},{"type":"Feature","geometry":null,"properties":{"risk_score":2.8586042575984894,"verdict":"RED_BLOCKS_DRAINAGE","lost_frac":0,"flow_frac":1.0,"upstream_km2":27.700414657592773,"hand_m":50,"area_in_meters":60.04650115966797,"confidence":0.824400007724762}},{"type":"Feature","geometry":null,"properties":{"risk_score":4.593091600130734,"verdict":"RED_BLOCKS_DRAINAGE","lost_frac":0,"flow_frac":1.0,"upstream_km2":219.02737426757812,"hand_m":50,"area_in_meters":567.0422973632812,"confidence":0.886900007724762}},{"type":"Feature","geometry":null,"properties":{"risk_score":1.08093138689451,"verdict":"RED_BLOCKS_DRAINAGE","lost_frac":0,"flow_frac":1.0,"upstream_km2":2.558565855026245,"hand_m":50,"area_in_meters":97.97650146484375,"confidence":0.7674999833106995}},{"type":"Feature","geometry":null,"properties":{"risk_score":13.607934229730093,"verdict":"AMBER_PARTIAL","lost_frac":0,"flow_frac":0.4,"upstream_km2":30.89089925847948,"hand_m":3.4199707031250006,"area_in_meters":194.1199951171875,"confidence":0.7674999833106995}},{"type":"Feature","geometry":null,"properties":{"risk_score":2.7266342162737613,"verdict":"RED_BLOCKS_DRAINAGE","lost_frac":0,"flow_frac":1.0,"upstream_km2":23.580088957300724,"hand_m":50,"area_in_meters":191.3824005126953,"confidence":0.8299999833106995}},{"type":"Feature","geometry":null,"properties":{"risk_score":2.754860412434083,"verdict":"RED_BLOCKS_DRAINAGE","lost_frac":0,"flow_frac":1.0,"upstream_km2":24.40848731994629,"hand_m":50,"area_in_meters":267.5450134277344,"confidence":0.8299999833106995}},{"type":"Feature","geometry":null,"properties":{"risk_score":1.0769333773081167,"verdict":"RED_BLOCKS_DRAINAGE","lost_frac":0,"flow_frac":1.0,"upstream_km2":2.541897773742676,"hand_m":50,"area_in_meters":119.89179992675781,"confidence":0.8299999833106995}},{"type":"Feature","geometry":null,"properties":{"risk_score":60.16310935996142,"verdict":"RED_BLOCKS_DRAINAGE","lost_frac":0,"flow_frac":0.8333333333333334,"upstream_km2":6.351064673314491,"hand_m":0.20000203450520831,"area_in_meters":79.6697006225586,"confidence":0.8299999833106995}},{"type":"Feature","geometry":null,"properties":{"risk_score":2.626707973705372,"verdict":"RED_BLOCKS_DRAINAGE","lost_frac":0,"flow_frac":1.0,"upstream_km2":20.858535766601562,"hand_m":50,"area_in_meters":129.04029846191406,"confidence":0.7786999940872192}},{"type":"Feature","geometry":null,"properties":{"risk_score":71.94318476608225,"verdict":"RED_BLOCKS_DRAINAGE","lost_frac":0,"flow_frac":0.7857142857142857,"upstream_km2":18.428614292825973,"hand_m":0.4071480887276786,"area_in_meters":48.46200180053711,"confidence":0.7786999940872192}},{"type":"Feature","geometry":null,"properties":{"risk_score":97.05677894400408,"verdict":"RED_BLOCKS_DRAINAGE","lost_frac":0,"flow_frac":0.7368421052631579,"upstream_km2":21.48407224943175,"hand_m":0.026325426603618425,"area_in_meters":68.65160369873047,"confidence":0.7786999940872192}},{"type":"Feature","geometry":null,"properties":{"risk_score":2.9254975009148967,"verdict":"RED_BLOCKS_DRAINAGE","lost_frac":0,"flow_frac":1.0,"upstream_km2":30.045862197875977,"hand_m":50,"area_in_meters":108.90550231933594,"confidence":0.7786999940872192}},{"type":"Feature","geometry":null,"properties":{"risk_score":2.410000006003811,"verdict":"RED_BLOCKS_DRAINAGE","lost_frac":0,"flow_frac":1.0,"upstream_km2":15.947279930114746,"hand_m":50,"area_in_meters":108.14009857177734,"confidence":0.8411999940872192}},{"type":"Feature","geometry":null,"properties":{"risk_score":2.726258167272088,"verdict":"RED_BLOCKS_DRAINAGE","lost_frac":0,"flow_frac":1.0,"upstream_km2":23.569236755371094,"hand_m":50,"area_in_meters":67.3938980102539,"confidence":0.8411999940872192}},{"type":"Feature","geometry":null,"properties":{"risk_score":1.2871678626620489,"verdict":"RED_BLOCKS_DRAINAGE","lost_frac":0,"flow_frac":1.0,"upstream_km2":3.5337295532226562,"hand_m":50,"area_in_meters":77.27040100097656,"confidence":0.8411999940872192}},{"type":"Feature","geometry":null,"properties":{"risk_score":17.23686168593344,"verdict":"AMBER_PARTIAL","lost_frac":0,"flow_frac":0.32432432432432434,"upstream_km2":23.734312051026205,"hand_m":1.6215968776393583,"area_in_meters":117.57460021972656,"confidence":0.9036999940872192}},{"type":"Feature","geometry":null,"properties":{"risk_score":1.8334655301663123,"verdict":"RED_BLOCKS_DRAINAGE","lost_frac":0,"flow_frac":1.0,"upstream_km2":7.611274242401123,"hand_m":50,"area_in_meters":128.75999450683594,"confidence":0.8356000185012817}},{"type":"Feature","geometry":null,"properties":{"risk_score":2.8949125718045425,"verdict":"RED_BLOCKS_DRAINAGE","lost_frac":0,"flow_frac":1.0,"upstream_km2":28.950592041015625,"hand_m":50,"area_in_meters":41.9031982421875,"confidence":0.8356000185012817}},{"type":"Feature","geometry":null,"properties":{"risk_score":57.369713876287406,"verdict":"RED_BLOCKS_DRAINAGE","lost_frac":0,"flow_frac":0.8333333333333334,"upstream_km2":8.200405972699325,"hand_m":0.399993896484375,"area_in_meters":209.731201171875,"confidence":0.8981000185012817}},{"type":"Feature","geometry":null,"properties":{"risk_score":1.2221083421189252,"verdict":"RED_BLOCKS_DRAINAGE","lost_frac":0,"flow_frac":1.0,"upstream_km2":3.2002511024475098,"hand_m":50,"area_in_meters":105.39620208740234,"confidence":0.727400004863739}},{"type":"Feature","geometry":null,"properties":{"risk_score":182.3418055272607,"verdict":"RED_BLOCKS_DRAINAGE","lost_frac":0,"flow_frac":0.8857142857142857,"upstream_km2":166.26169778108596,"hand_m":0.0800013950892857,"area_in_meters":121.27989959716797,"confidence":0.727400004863739}},{"type":"Feature","geometry":null,"properties":{"risk_score":2.1032280440847284,"verdict":"RED_BLOCKS_DRAINAGE","lost_frac":0,"flow_frac":1.0,"upstream_km2":10.820784568786621,"hand_m":50,"area_in_meters":241.97239685058594,"confidence":0.789900004863739}},{"type":"Feature","geometry":null,"properties":{"risk_score":27.466928347746727,"verdict":"AMBER_PARTIAL","lost_frac":0,"flow_frac":0.4067796610169491,"upstream_km2":12.05745786377939,"hand_m":0.6525640972590041,"area_in_meters":207.7480010986328,"confidence":0.852400004863739}},{"type":"Feature","geometry":null,"properties":{"risk_score":4.462602477385513,"verdict":"RED_BLOCKS_DRAINAGE","lost_frac":0,"flow_frac":1.0,"upstream_km2":187.76751708984375,"hand_m":50,"area_in_meters":92.70909881591797,"confidence":0.852400004863739}},{"type":"Feature","geometry":null,"properties":{"risk_score":1.1947297997953303,"verdict":"RED_BLOCKS_DRAINAGE","lost_frac":0,"flow_frac":1.0,"upstream_km2":3.0673561096191406,"hand_m":50,"area_in_meters":160.05929565429688,"confidence":0.914900004863739}},{"type":"Feature","geometry":null,"properties":{"risk_score":2.1718419093465227,"verdict":"RED_BLOCKS_DRAINAGE","lost_frac":0,"flow_frac":1.0,"upstream_km2":11.812662124633789,"hand_m":50,"area_in_meters":64.95549774169922,"confidence":0.7329999804496765}},{"type":"Feature","geometry":null,"properties":{"risk_score":101.6760503089976,"verdict":"RED_BLOCKS_DRAINAGE","lost_frac":0,"flow_frac":0.775,"upstream_km2":146.23226360469124,"hand_m":0.6525054931640625,"area_in_meters":142.40289306640625,"confidence":0.7329999804496765}},{"type":"Feature","geometry":null,"properties":{"risk_score":18.352713621886974,"verdict":"AMBER_PARTIAL","lost_frac":0,"flow_frac":0.47058823529411764,"upstream_km2":1.574168233310475,"hand_m":0.052928251378676475,"area_in_meters":58.40999984741211,"confidence":0.7329999804496765}},{"type":"Feature","geometry":null,"properties":{"risk_score":3.728574108386732,"verdict":"RED_BLOCKS_DRAINAGE","lost_frac":0,"flow_frac":1.0,"upstream_km2":78.7210105613426,"hand_m":50,"area_in_meters":200.31149291992188,"confidence":0.7329999804496765}},{"type":"Feature","geometry":null,"properties":{"risk_score":1.2338736348166532,"verdict":"RED_BLOCKS_DRAINAGE","lost_frac":0,"flow_frac":1.0,"upstream_km2":3.258685350418091,"hand_m":50,"area_in_meters":137.83290100097656,"confidence":0.7954999804496765}},{"type":"Feature","geometry":null,"properties":{"risk_score":2.7122756430907033,"verdict":"RED_BLOCKS_DRAINAGE","lost_frac":0,"flow_frac":1.0,"upstream_km2":23.169105529785156,"hand_m":50,"area_in_meters":152.2366943359375,"confidence":0.7954999804496765}},{"type":"Feature","geometry":null,"properties":{"risk_score":124.71374295120053,"verdict":"RED_BLOCKS_DRAINAGE","lost_frac":0,"flow_frac":0.967741935483871,"upstream_km2":23.69657887827845,"hand_m":0.08064516129032258,"area_in_meters":112.04720306396484,"confidence":0.8579999804496765}},{"type":"Feature","geometry":null,"properties":{"risk_score":2.621823912984877,"verdict":"RED_BLOCKS_DRAINAGE","lost_frac":0,"flow_frac":1.0,"upstream_km2":20.7335262298584,"hand_m":50,"area_in_meters":335.7351989746094,"confidence":0.8579999804496765}},{"type":"Feature","geometry":null,"properties":{"risk_score":1.1894785743601444,"verdict":"RED_BLOCKS_DRAINAGE","lost_frac":0,"flow_frac":1.0,"upstream_km2":3.042351484298706,"hand_m":50,"area_in_meters":64.44349670410156,"confidence":0.8579999804496765}},{"type":"Feature","geometry":null,"properties":{"risk_score":2.188302536470105,"verdict":"RED_BLOCKS_DRAINAGE","lost_frac":0,"flow_frac":1.0,"upstream_km2":12.062740325927734,"hand_m":50,"area_in_meters":317.3109130859375,"confidence":0.9204999804496765}},{"type":"Feature","geometry":null,"properties":{"risk_score":1.8115163384390682,"verdict":"RED_BLOCKS_DRAINAGE","lost_frac":0,"flow_frac":1.0,"upstream_km2":7.392151832580566,"hand_m":50,"area_in_meters":47.88999938964844,"confidence":0.7843000292778015}},{"type":"Feature","geometry":null,"properties":{"risk_score":2.1068234388346068,"verdict":"RED_BLOCKS_DRAINAGE","lost_frac":0,"flow_frac":1.0,"upstream_km2":10.87079906463623,"hand_m":50,"area_in_meters":229.58990478515625,"confidence":0.9093000292778015}},{"type":"Feature","geometry":null,"properties":{"risk_score":3.6670388295008918,"verdict":"RED_BLOCKS_DRAINAGE","lost_frac":0,"flow_frac":1.0,"upstream_km2":73.1634292602539,"hand_m":50,"area_in_meters":122.23490142822266,"confidence":0.9093000292778015}},{"type":"Feature","geometry":null,"properties":{"risk_score":1.9807186124503784,"verdict":"RED_BLOCKS_DRAINAGE","lost_frac":0,"flow_frac":1.0,"upstream_km2":9.23685359954834,"hand_m":50,"area_in_meters":42.207298278808594,"confidence":0.7386000156402588}},{"type":"Feature","geometry":null,"properties":{"risk_score":12.781069490958641,"verdict":"AMBER_PARTIAL","lost_frac":0,"flow_frac":0.28125,"upstream_km2":6.569192843162455,"hand_m":0.9343662261962891,"area_in_meters":248.256103515625,"confidence":0.8011000156402588}},{"type":"Feature","geometry":null,"properties":{"risk_score":1.9779404050100857,"verdict":"RED_BLOCKS_DRAINAGE","lost_frac":0,"flow_frac":1.0,"upstream_km2":9.203510284423828,"hand_m":50,"area_in_meters":50.8130989074707,"confidence":0.8011000156402588}},{"type":"Feature","geometry":null,"properties":{"risk_score":1.131273360867122,"verdict":"RED_BLOCKS_DRAINAGE","lost_frac":0,"flow_frac":1.0,"upstream_km2":2.775282144546509,"hand_m":50,"area_in_meters":214.5198974609375,"confidence":0.8636000156402588}},{"type":"Feature","geometry":null,"properties":{"risk_score":85.53274024874389,"verdict":"RED_BLOCKS_DRAINAGE","lost_frac":0,"flow_frac":0.8461538461538461,"upstream_km2":25.960712894367486,"hand_m":0.4153864933894231,"area_in_meters":359.92449951171875,"confidence":0.7441999912261963}},{"type":"Feature","geometry":null,"properties":{"risk_score":1.0082505075556958,"verdict":"RED_BLOCKS_DRAINAGE","lost_frac":0,"flow_frac":1.0,"upstream_km2":2.2674410343170166,"hand_m":50,"area_in_meters":229.2938995361328,"confidence":0.8066999912261963}},{"type":"Feature","geometry":null,"properties":{"risk_score":1.2254810334339632,"verdict":"RED_BLOCKS_DRAINAGE","lost_frac":0,"flow_frac":1.0,"upstream_km2":3.2169196605682373,"hand_m":50,"area_in_meters":144.54159545898438,"confidence":0.8066999912261963}},{"type":"Feature","geometry":null,"properties":{"risk_score":101.98297967921235,"verdict":"RED_BLOCKS_DRAINAGE","lost_frac":0,"flow_frac":0.8571428571428571,"upstream_km2":23.76107318592923,"hand_m":0.17143031529017855,"area_in_meters":79.18910217285156,"confidence":0.8066999912261963}},{"type":"Feature","geometry":null,"properties":{"risk_score":3.6650265116495264,"verdict":"RED_BLOCKS_DRAINAGE","lost_frac":0,"flow_frac":1.0,"upstream_km2":72.9883804321289,"hand_m":50,"area_in_meters":234.2924041748047,"confidence":0.8179000020027161}},{"type":"Feature","geometry":null,"properties":{"risk_score":4.708601931705293,"verdict":"AMBER_PARTIAL","lost_frac":0,"flow_frac":0.20833333333333334,"upstream_km2":15.222235299646854,"hand_m":4.354166666666667,"area_in_meters":89.31420135498047,"confidence":0.8179000020027161}},{"type":"Feature","geometry":null,"properties":{"risk_score":141.57853362048863,"verdict":"RED_BLOCKS_DRAINAGE","lost_frac":0,"flow_frac":0.96875,"upstream_km2":28.243176998599665,"hand_m":0.0031261444091796875,"area_in_meters":109.98280334472656,"confidence":0.8179000020027161}},{"type":"Feature","geometry":null,"properties":{"risk_score":2.707563243983808,"verdict":"RED_BLOCKS_DRAINAGE","lost_frac":0,"flow_frac":1.0,"upstream_km2":23.03572654724121,"hand_m":50,"area_in_meters":136.3000946044922,"confidence":0.7609999775886536}},{"type":"Feature","geometry":null,"properties":{"risk_score":33.76258411684553,"verdict":"AMBER_PARTIAL","lost_frac":0,"flow_frac":0.46987951807228917,"upstream_km2":34.3075953016888,"hand_m":1.1541939241340362,"area_in_meters":299.385009765625,"confidence":0.8234999775886536}},{"type":"Feature","geometry":null,"properties":{"risk_score":1.0769333773081167,"verdict":"RED_BLOCKS_DRAINAGE","lost_frac":0,"flow_frac":1.0,"upstream_km2":2.541897773742676,"hand_m":50,"area_in_meters":99.59989929199219,"confidence":0.8859999775886536}},{"type":"Feature","geometry":null,"properties":{"risk_score":2.7984145408371424,"verdict":"RED_BLOCKS_DRAINAGE","lost_frac":0,"flow_frac":1.0,"upstream_km2":25.74184799194336,"hand_m":50,"area_in_meters":195.8948974609375,"confidence":0.8859999775886536}},{"type":"Feature","geometry":null,"properties":{"risk_score":4.30266739063001,"verdict":"AMBER_PARTIAL","lost_frac":0,"flow_frac":0.23333333333333334,"upstream_km2":11.29717161177347,"hand_m":4.910005696614584,"area_in_meters":101.68370056152344,"confidence":0.7498000264167786}},{"type":"Feature","geometry":null,"properties":{"risk_score":4.009372114278015,"verdict":"RED_BLOCKS_DRAINAGE","lost_frac":0,"flow_frac":1.0,"upstream_km2":109.86125183105469,"hand_m":50,"area_in_meters":142.993896484375,"confidence":0.8123000264167786}},{"type":"Feature","geometry":null,"properties":{"risk_score":22.843329516545072,"verdict":"AMBER_PARTIAL","lost_frac":0,"flow_frac":0.2619047619047619,"upstream_km2":7.641717910034848,"hand_m":0.07383655366443452,"area_in_meters":141.50230407714844,"confidence":0.8748000264167786}},{"type":"Feature","geometry":null,"properties":{"risk_score":22.60491172388877,"verdict":"AMBER_PARTIAL","lost_frac":0,"flow_frac":0.4660194174757281,"upstream_km2":14.289959990889628,"hand_m":1.4417540911331916,"area_in_meters":358.6836853027344,"confidence":0.8748000264167786}},{"type":"Feature","geometry":null,"properties":{"risk_score":3.843937572299861,"verdict":"GREEN_CLEAR","lost_frac":0,"flow_frac":0.14226519337016574,"upstream_km2":3.4744682011119914,"hand_m":1.4084120270955627,"area_in_meters":2487.24658203125,"confidence":0.8748000264167786}},{"type":"Feature","geometry":null,"properties":{"risk_score":1.8673459269416826,"verdict":"RED_BLOCKS_DRAINAGE","lost_frac":0,"flow_frac":1.0,"upstream_km2":7.960792541503906,"hand_m":50,"area_in_meters":45.875099182128906,"confidence":0.7041000127792358}},{"type":"Feature","geometry":null,"properties":{"risk_score":3.6644506389741767,"verdict":"RED_BLOCKS_DRAINAGE","lost_frac":0,"flow_frac":1.0,"upstream_km2":72.93836212158203,"hand_m":50,"area_in_meters":148.28439331054688,"confidence":0.7666000127792358}},{"type":"Feature","geometry":null,"properties":{"risk_score":112.31410305704166,"verdict":"RED_BLOCKS_DRAINAGE","lost_frac":0,"flow_frac":0.9230769230769231,"upstream_km2":23.27762106648431,"hand_m":0.13846059945913464,"area_in_meters":97.8291015625,"confidence":0.8291000127792358}},{"type":"Feature","geometry":null,"properties":{"risk_score":1.2221083421189252,"verdict":"RED_BLOCKS_DRAINAGE","lost_frac":0,"flow_frac":1.0,"upstream_km2":3.2002511024475098,"hand_m":50,"area_in_meters":125.30290222167969,"confidence":0.8291000127792358}},{"type":"Feature","geometry":null,"properties":{"risk_score":1.2637833980004423,"verdict":"GREEN_CLEAR","lost_frac":0,"flow_frac":0.1,"upstream_km2":2.995417169854045,"hand_m":3.7600097656250004,"area_in_meters":74.37960052490234,"confidence":0.8291000127792358}},{"type":"Feature","geometry":null,"properties":{"risk_score":1.7329064030356987,"verdict":"RED_BLOCKS_DRAINAGE","lost_frac":0,"flow_frac":1.0,"upstream_km2":6.65212869644165,"hand_m":50,"area_in_meters":256.9740905761719,"confidence":0.8916000127792358}},{"type":"Feature","geometry":null,"properties":{"risk_score":2.7478633657411784,"verdict":"RED_BLOCKS_DRAINAGE","lost_frac":0,"flow_frac":1.0,"upstream_km2":24.2005672454834,"hand_m":50,"area_in_meters":128.0308074951172,"confidence":0.7721999883651733}},{"type":"Feature","geometry":null,"properties":{"risk_score":2.850611716318838,"verdict":"AMBER_PARTIAL","lost_frac":0,"flow_frac":0.3829787234042553,"upstream_km2":0.8472760069441604,"hand_m":2.5808456096243346,"area_in_meters":182.0861053466797,"confidence":0.8971999883651733}},{"type":"Feature","geometry":null,"properties":{"risk_score":50.080747431871664,"verdict":"RED_BLOCKS_DRAINAGE","lost_frac":0,"flow_frac":0.7377049180327868,"upstream_km2":8.19989101588726,"hand_m":0.41968173668032793,"area_in_meters":227.94769287109375,"confidence":0.7778000235557556}},{"type":"Feature","geometry":null,"properties":{"risk_score":1.2050599037414342,"verdict":"RED_BLOCKS_DRAINAGE","lost_frac":0,"flow_frac":1.0,"upstream_km2":3.116997003555298,"hand_m":50,"area_in_meters":57.31330108642578,"confidence":0.7778000235557556}},{"type":"Feature","geometry":null,"properties":{"risk_score":1.0627945256030502,"verdict":"RED_BLOCKS_DRAINAGE","lost_frac":0,"flow_frac":1.0,"upstream_km2":2.4835753440856934,"hand_m":50,"area_in_meters":171.07569885253906,"confidence":0.7778000235557556}},{"type":"Feature","geometry":null,"properties":{"risk_score":1.2338736348166532,"verdict":"RED_BLOCKS_DRAINAGE","lost_frac":0,"flow_frac":1.0,"upstream_km2":3.258685350418091,"hand_m":50,"area_in_meters":71.47029876708984,"confidence":0.8403000235557556}},{"type":"Feature","geometry":null,"properties":{"risk_score":1.0789346998056413,"verdict":"RED_BLOCKS_DRAINAGE","lost_frac":0,"flow_frac":1.0,"upstream_km2":2.550231695175171,"hand_m":50,"area_in_meters":42.49140167236328,"confidence":0.7208999991416931}},{"type":"Feature","geometry":null,"properties":{"risk_score":2.7181296218205406,"verdict":"RED_BLOCKS_DRAINAGE","lost_frac":0,"flow_frac":1.0,"upstream_km2":23.335826873779297,"hand_m":50,"area_in_meters":44.77090072631836,"confidence":0.7208999991416931}},{"type":"Feature","geometry":null,"properties":{"risk_score":1.2338736348166532,"verdict":"RED_BLOCKS_DRAINAGE","lost_frac":0,"flow_frac":1.0,"upstream_km2":3.258685350418091,"hand_m":50,"area_in_meters":69.49949645996094,"confidence":0.7833999991416931}},{"type":"Feature","geometry":null,"properties":{"risk_score":2.734882007150012,"verdict":"RED_BLOCKS_DRAINAGE","lost_frac":0,"flow_frac":1.0,"upstream_km2":23.819316864013672,"hand_m":50,"area_in_meters":172.6840057373047,"confidence":0.7833999991416931}},{"type":"Feature","geometry":null,"properties":{"risk_score":25.539746091290656,"verdict":"AMBER_PARTIAL","lost_frac":0,"flow_frac":0.4444444444444444,"upstream_km2":3.0418543627278676,"hand_m":0.055575900607638895,"area_in_meters":126.70559692382812,"confidence":0.7833999991416931}},{"type":"Feature","geometry":null,"properties":{"risk_score":2.625733414849012,"verdict":"RED_BLOCKS_DRAINAGE","lost_frac":0,"flow_frac":1.0,"upstream_km2":20.833534240722656,"hand_m":50,"area_in_meters":172.5489044189453,"confidence":0.9083999991416931}},{"type":"Feature","geometry":null,"properties":{"risk_score":79.07706332056644,"verdict":"RED_BLOCKS_DRAINAGE","lost_frac":0,"flow_frac":0.8809523809523809,"upstream_km2":7.096829801132636,"hand_m":0.011901855468749998,"area_in_meters":158.63490295410156,"confidence":0.7889999747276306}},{"type":"Feature","geometry":null,"properties":{"risk_score":1.8673459269416826,"verdict":"RED_BLOCKS_DRAINAGE","lost_frac":0,"flow_frac":1.0,"upstream_km2":7.960792541503906,"hand_m":50,"area_in_meters":91.57980346679688,"confidence":0.7889999747276306}},{"type":"Feature","geometry":null,"properties":{"risk_score":29.067286815254516,"verdict":"RED_BLOCKS_DRAINAGE","lost_frac":0,"flow_frac":0.8,"upstream_km2":2.626951289176941,"hand_m":0.539990234375,"area_in_meters":146.42190551757812,"confidence":0.8514999747276306}},{"type":"Feature","geometry":null,"properties":{"risk_score":2.711688025763225,"verdict":"RED_BLOCKS_DRAINAGE","lost_frac":0,"flow_frac":1.0,"upstream_km2":23.152433395385742,"hand_m":50,"area_in_meters":310.305908203125,"confidence":0.8514999747276306}},{"type":"Feature","geometry":null,"properties":{"risk_score":2.711688025763225,"verdict":"RED_BLOCKS_DRAINAGE","lost_frac":0,"flow_frac":1.0,"upstream_km2":23.152433395385742,"hand_m":50,"area_in_meters":144.44639587402344,"confidence":0.8514999747276306}},{"type":"Feature","geometry":null,"properties":{"risk_score":17.412969846251798,"verdict":"AMBER_PARTIAL","lost_frac":0,"flow_frac":0.3103448275862069,"upstream_km2":22.64179222786735,"hand_m":1.4482590247844829,"area_in_meters":295.7213134765625,"confidence":0.9139999747276306}},{"type":"Feature","geometry":null,"properties":{"risk_score":2.268044569782755,"verdict":"AMBER_PARTIAL","lost_frac":0,"flow_frac":0.15748031496062992,"upstream_km2":1.724210831454009,"hand_m":2.0220678134227366,"area_in_meters":453.8760070800781,"confidence":0.7321000099182129}},{"type":"Feature","geometry":null,"properties":{"risk_score":1.0400836295383193,"verdict":"RED_BLOCKS_DRAINAGE","lost_frac":0,"flow_frac":1.0,"upstream_km2":2.391896963119507,"hand_m":50,"area_in_meters":48.309898376464844,"confidence":0.7321000099182129}},{"type":"Feature","geometry":null,"properties":{"risk_score":1.218722239743642,"verdict":"RED_BLOCKS_DRAINAGE","lost_frac":0,"flow_frac":1.0,"upstream_km2":3.1835825443267822,"hand_m":50,"area_in_meters":63.45940017700195,"confidence":0.7321000099182129}},{"type":"Feature","geometry":null,"properties":{"risk_score":1.7528822732789648,"verdict":"RED_BLOCKS_DRAINAGE","lost_frac":0,"flow_frac":1.0,"upstream_km2":6.833754539489746,"hand_m":50,"area_in_meters":125.02749633789062,"confidence":0.7946000099182129}},{"type":"Feature","geometry":null,"properties":{"risk_score":1.0483981008233028,"verdict":"RED_BLOCKS_DRAINAGE","lost_frac":0,"flow_frac":1.0,"upstream_km2":2.4251770973205566,"hand_m":50,"area_in_meters":64.14810180664062,"confidence":0.7946000099182129}},{"type":"Feature","geometry":null,"properties":{"risk_score":23.417868694377987,"verdict":"RED_BLOCKS_DRAINAGE","lost_frac":0,"flow_frac":0.5490196078431372,"upstream_km2":42.49227325744269,"hand_m":2.8411709654564947,"area_in_meters":171.61849975585938,"confidence":0.7946000099182129}},{"type":"Feature","geometry":null,"properties":{"risk_score":2.795489839364128,"verdict":"RED_BLOCKS_DRAINAGE","lost_frac":0,"flow_frac":1.0,"upstream_km2":25.65015983581543,"hand_m":50,"area_in_meters":159.06280517578125,"confidence":0.7946000099182129}},{"type":"Feature","geometry":null,"properties":{"risk_score":2.7574605196361532,"verdict":"RED_BLOCKS_DRAINAGE","lost_frac":0,"flow_frac":1.0,"upstream_km2":24.486186981201172,"hand_m":50,"area_in_meters":214.74630737304688,"confidence":0.8571000099182129}},{"type":"Feature","geometry":null,"properties":{"risk_score":13.41083565880427,"verdict":"AMBER_PARTIAL","lost_frac":0,"flow_frac":0.4528301886792453,"upstream_km2":9.601568970565667,"hand_m":2.4622641509433962,"area_in_meters":188.327392578125,"confidence":0.8571000099182129}},{"type":"Feature","geometry":null,"properties":{"risk_score":1.1929829868770292,"verdict":"RED_BLOCKS_DRAINAGE","lost_frac":0,"flow_frac":1.0,"upstream_km2":3.059021234512329,"hand_m":50,"area_in_meters":48.13309860229492,"confidence":0.7376999855041504}},{"type":"Feature","geometry":null,"properties":{"risk_score":1.7961561780654347,"verdict":"RED_BLOCKS_DRAINAGE","lost_frac":0,"flow_frac":1.0,"upstream_km2":7.242133617401123,"hand_m":50,"area_in_meters":280.447998046875,"confidence":0.8001999855041504}},{"type":"Feature","geometry":null,"properties":{"risk_score":1.8140496831345745,"verdict":"RED_BLOCKS_DRAINAGE","lost_frac":0,"flow_frac":1.0,"upstream_km2":7.4171552658081055,"hand_m":50,"area_in_meters":98.49359893798828,"confidence":0.8001999855041504}},{"type":"Feature","geometry":null,"properties":{"risk_score":1.9779404050100857,"verdict":"RED_BLOCKS_DRAINAGE","lost_frac":0,"flow_frac":1.0,"upstream_km2":9.203510284423828,"hand_m":50,"area_in_meters":178.88119506835938,"confidence":0.8001999855041504}},{"type":"Feature","geometry":null,"properties":{"risk_score":2.7877308653496096,"verdict":"RED_BLOCKS_DRAINAGE","lost_frac":0,"flow_frac":1.0,"upstream_km2":25.40843963623047,"hand_m":50,"area_in_meters":74.1323013305664,"confidence":0.8626999855041504}},{"type":"Feature","geometry":null,"properties":{"risk_score":2.439272393804348,"verdict":"AMBER_PARTIAL","lost_frac":0,"flow_frac":0.24,"upstream_km2":0.7404996218904853,"hand_m":1.36799072265625,"area_in_meters":269.00299072265625,"confidence":0.9251999855041504}},{"type":"Feature","geometry":null,"properties":{"risk_score":2.701543355946107,"verdict":"GREEN_CLEAR","lost_frac":0,"flow_frac":0.12903225806451613,"upstream_km2":3.8701633272632474,"hand_m":2.28387451171875,"area_in_meters":106.80609893798828,"confidence":0.7544999718666077}},{"type":"Feature","geometry":null,"properties":{"risk_score":2.734882007150012,"verdict":"RED_BLOCKS_DRAINAGE","lost_frac":0,"flow_frac":1.0,"upstream_km2":23.819316864013672,"hand_m":50,"area_in_meters":75.87760162353516,"confidence":0.7544999718666077}},{"type":"Feature","geometry":null,"properties":{"risk_score":61.85057105712632,"verdict":"RED_BLOCKS_DRAINAGE","lost_frac":0,"flow_frac":0.6,"upstream_km2":14.695046504959466,"hand_m":0.15998535156250002,"area_in_meters":44.68579864501953,"confidence":0.7544999718666077}},{"type":"Feature","geometry":null,"properties":{"risk_score":1.3387969416595396,"verdict":"RED_BLOCKS_DRAINAGE","lost_frac":0,"flow_frac":1.0,"upstream_km2":3.817108631134033,"hand_m":50,"area_in_meters":151.193603515625,"confidence":0.8169999718666077}},{"type":"Feature","geometry":null,"properties":{"risk_score":1.337412253325868,"verdict":"RED_BLOCKS_DRAINAGE","lost_frac":0,"flow_frac":1.0,"upstream_km2":3.809282064437866,"hand_m":50,"area_in_meters":317.13079833984375,"confidence":0.8169999718666077}},{"type":"Feature","geometry":null,"properties":{"risk_score":1.8584066403129404,"verdict":"RED_BLOCKS_DRAINAGE","lost_frac":0,"flow_frac":1.0,"upstream_km2":7.867218017578125,"hand_m":50,"area_in_meters":99.79979705810547,"confidence":0.8169999718666077}},{"type":"Feature","geometry":null,"properties":{"risk_score":3.317326458865645,"verdict":"RED_BLOCKS_DRAINAGE","lost_frac":0,"flow_frac":1.0,"upstream_km2":48.18543243408203,"hand_m":50,"area_in_meters":308.46319580078125,"confidence":0.7433000206947327}},{"type":"Feature","geometry":null,"properties":{"risk_score":1.1553618013596088,"verdict":"RED_BLOCKS_DRAINAGE","lost_frac":0,"flow_frac":1.0,"upstream_km2":2.8836002349853516,"hand_m":50,"area_in_meters":86.94940185546875,"confidence":0.7488999962806702}},{"type":"Feature","geometry":null,"properties":{"risk_score":35.974088615846945,"verdict":"RED_BLOCKS_DRAINAGE","lost_frac":0,"flow_frac":0.6265060240963856,"upstream_km2":3.1409177048558212,"hand_m":0.07470335443335843,"area_in_meters":269.1465148925781,"confidence":0.7488999962806702}},{"type":"Feature","geometry":null,"properties":{"risk_score":2.8608269530142323,"verdict":"RED_BLOCKS_DRAINAGE","lost_frac":0,"flow_frac":1.0,"upstream_km2":27.77542495727539,"hand_m":50,"area_in_meters":76.08190155029297,"confidence":0.8113999962806702}},{"type":"Feature","geometry":null,"properties":{"risk_score":1.0769333773081167,"verdict":"RED_BLOCKS_DRAINAGE","lost_frac":0,"flow_frac":1.0,"upstream_km2":2.541897773742676,"hand_m":50,"area_in_meters":151.86709594726562,"confidence":0.8113999962806702}},{"type":"Feature","geometry":null,"properties":{"risk_score":1.08093138689451,"verdict":"RED_BLOCKS_DRAINAGE","lost_frac":0,"flow_frac":1.0,"upstream_km2":2.558565855026245,"hand_m":50,"area_in_meters":97.23419952392578,"confidence":0.8113999962806702}},{"type":"Feature","geometry":null,"properties":{"risk_score":1.2050599037414342,"verdict":"RED_BLOCKS_DRAINAGE","lost_frac":0,"flow_frac":1.0,"upstream_km2":3.116997003555298,"hand_m":50,"area_in_meters":130.56069946289062,"confidence":0.8113999962806702}},{"type":"Feature","geometry":null,"properties":{"risk_score":2.7195868167943518,"verdict":"RED_BLOCKS_DRAINAGE","lost_frac":0,"flow_frac":1.0,"upstream_km2":23.377506256103516,"hand_m":50,"area_in_meters":77.38899993896484,"confidence":0.8738999962806702}},{"type":"Feature","geometry":null,"properties":{"risk_score":1.452397973416359,"verdict":"GREEN_CLEAR","lost_frac":0,"flow_frac":0.08823529411764706,"upstream_km2":2.713863779818091,"hand_m":2.4617758358226105,"area_in_meters":110.8864974975586,"confidence":0.8738999962806702}},{"type":"Feature","geometry":null,"properties":{"risk_score":1.2050599037414342,"verdict":"RED_BLOCKS_DRAINAGE","lost_frac":0,"flow_frac":1.0,"upstream_km2":3.116997003555298,"hand_m":50,"area_in_meters":122.49009704589844,"confidence":0.8738999962806702}},{"type":"Feature","geometry":null,"properties":{"risk_score":1.2050599037414342,"verdict":"RED_BLOCKS_DRAINAGE","lost_frac":0,"flow_frac":1.0,"upstream_km2":3.116997003555298,"hand_m":50,"area_in_meters":85.05960083007812,"confidence":0.7031999826431274}},{"type":"Feature","geometry":null,"properties":{"risk_score":7.049826381815826,"verdict":"RED_BLOCKS_DRAINAGE","lost_frac":0,"flow_frac":0.584507042253521,"upstream_km2":1.244559347760719,"hand_m":1.911257461762764,"area_in_meters":495.5588073730469,"confidence":0.8281999826431274}},{"type":"Feature","geometry":null,"properties":{"risk_score":12.203015765047148,"verdict":"AMBER_PARTIAL","lost_frac":0,"flow_frac":0.1875,"upstream_km2":4.709438936784863,"hand_m":0.16250991821289062,"area_in_meters":207.00360107421875,"confidence":0.8281999826431274}},{"type":"Feature","geometry":null,"properties":{"risk_score":1.2204267331745546,"verdict":"RED_BLOCKS_DRAINAGE","lost_frac":0,"flow_frac":1.0,"upstream_km2":3.191964864730835,"hand_m":50,"area_in_meters":184.10499572753906,"confidence":0.8906999826431274}},{"type":"Feature","geometry":null,"properties":{"risk_score":2.9151464477716975,"verdict":"RED_BLOCKS_DRAINAGE","lost_frac":0,"flow_frac":1.0,"upstream_km2":29.6707706451416,"hand_m":50,"area_in_meters":268.51080322265625,"confidence":0.8226000070571899}},{"type":"Feature","geometry":null,"properties":{"risk_score":1.218722239743642,"verdict":"RED_BLOCKS_DRAINAGE","lost_frac":0,"flow_frac":1.0,"upstream_km2":3.1835825443267822,"hand_m":50,"area_in_meters":103.95220184326172,"confidence":0.8226000070571899}},{"type":"Feature","geometry":null,"properties":{"risk_score":7.780426773361388,"verdict":"RED_BLOCKS_DRAINAGE","lost_frac":0,"flow_frac":0.590909090909091,"upstream_km2":1.8149280401624062,"hand_m":2.41362138227983,"area_in_meters":244.7664031982422,"confidence":0.8851000070571899}},{"type":"Feature","geometry":null,"properties":{"risk_score":2.7994755610117856,"verdict":"RED_BLOCKS_DRAINAGE","lost_frac":0,"flow_frac":1.0,"upstream_km2":25.775188446044922,"hand_m":50,"area_in_meters":81.45649719238281,"confidence":0.8851000070571899}},{"type":"Feature","geometry":null,"properties":{"risk_score":1.1104182891191237,"verdict":"RED_BLOCKS_DRAINAGE","lost_frac":0,"flow_frac":1.0,"upstream_km2":2.6839466094970703,"hand_m":50,"area_in_meters":50.90840148925781,"confidence":0.7088000178337097}},{"type":"Feature","geometry":null,"properties":{"risk_score":28.212220087329843,"verdict":"RED_BLOCKS_DRAINAGE","lost_frac":0,"flow_frac":0.64,"upstream_km2":4.730643800273538,"hand_m":0.72,"area_in_meters":80.86019897460938,"confidence":0.7088000178337097}},{"type":"Feature","geometry":null,"properties":{"risk_score":2.9285979457085785,"verdict":"RED_BLOCKS_DRAINAGE","lost_frac":0,"flow_frac":1.0,"upstream_km2":30.159103393554688,"hand_m":50,"area_in_meters":85.66670227050781,"confidence":0.7088000178337097}},{"type":"Feature","geometry":null,"properties":{"risk_score":2.728566428327632,"verdict":"RED_BLOCKS_DRAINAGE","lost_frac":0,"flow_frac":1.0,"upstream_km2":23.63592529296875,"hand_m":50,"area_in_meters":195.71600341796875,"confidence":0.7713000178337097}},{"type":"Feature","geometry":null,"properties":{"risk_score":1.0400836295383193,"verdict":"RED_BLOCKS_DRAINAGE","lost_frac":0,"flow_frac":1.0,"upstream_km2":2.391896963119507,"hand_m":50,"area_in_meters":141.1488037109375,"confidence":0.7713000178337097}},{"type":"Feature","geometry":null,"properties":{"risk_score":22.957686043815908,"verdict":"RED_BLOCKS_DRAINAGE","lost_frac":0,"flow_frac":0.7843137254901961,"upstream_km2":1.6624998538846185,"hand_m":0.45293591069240197,"area_in_meters":204.80250549316406,"confidence":0.7713000178337097}},{"type":"Feature","geometry":null,"properties":{"risk_score":2.785038840051561,"verdict":"RED_BLOCKS_DRAINAGE","lost_frac":0,"flow_frac":1.0,"upstream_km2":25.32508659362793,"hand_m":50,"area_in_meters":144.0782928466797,"confidence":0.8338000178337097}},{"type":"Feature","geometry":null,"properties":{"risk_score":1.8058181734407701,"verdict":"RED_BLOCKS_DRAINAGE","lost_frac":0,"flow_frac":1.0,"upstream_km2":7.336183547973633,"hand_m":50,"area_in_meters":178.73080444335938,"confidence":0.8338000178337097}},{"type":"Feature","geometry":null,"properties":{"risk_score":4.649783745607844,"verdict":"AMBER_PARTIAL","lost_frac":0,"flow_frac":0.1895910780669145,"upstream_km2":5.632068327832344,"hand_m":2.3502056589800184,"area_in_meters":885.1754150390625,"confidence":0.8963000178337097}},{"type":"Feature","geometry":null,"properties":{"risk_score":2.625733414849012,"verdict":"RED_BLOCKS_DRAINAGE","lost_frac":0,"flow_frac":1.0,"upstream_km2":20.833534240722656,"hand_m":50,"area_in_meters":108.84130096435547,"confidence":0.7768999934196472}},{"type":"Feature","geometry":null,"properties":{"risk_score":1.2271810506247398,"verdict":"RED_BLOCKS_DRAINAGE","lost_frac":0,"flow_frac":1.0,"upstream_km2":3.225346565246582,"hand_m":50,"area_in_meters":111.00080108642578,"confidence":0.7768999934196472}},{"type":"Feature","geometry":null,"properties":{"risk_score":1.2100557425554919,"verdict":"RED_BLOCKS_DRAINAGE","lost_frac":0,"flow_frac":1.0,"upstream_km2":3.141221200866538,"hand_m":50,"area_in_meters":1633.692626953125,"confidence":0.9018999934196472}},{"type":"Feature","geometry":null,"properties":{"risk_score":4.5901835501261115,"verdict":"RED_BLOCKS_DRAINAGE","lost_frac":0,"flow_frac":1.0,"upstream_km2":218.2772674560547,"hand_m":50,"area_in_meters":301.8197937011719,"confidence":0.9018999934196472}},{"type":"Feature","geometry":null,"properties":{"risk_score":2.846430192581938,"verdict":"RED_BLOCKS_DRAINAGE","lost_frac":0,"flow_frac":1.0,"upstream_km2":27.293025970458984,"hand_m":50,"area_in_meters":52.99599838256836,"confidence":0.8561999797821045}},{"type":"Feature","geometry":null,"properties":{"risk_score":2.1729492559045873,"verdict":"RED_BLOCKS_DRAINAGE","lost_frac":0,"flow_frac":1.0,"upstream_km2":11.829334259033203,"hand_m":50,"area_in_meters":46.492698669433594,"confidence":0.8561999797821045}},{"type":"Feature","geometry":null,"properties":{"risk_score":2.115504649023835,"verdict":"AMBER_PARTIAL","lost_frac":0,"flow_frac":0.20689655172413793,"upstream_km2":2.043608950740048,"hand_m":3.727547481142241,"area_in_meters":96.04910278320312,"confidence":0.8561999797821045}},{"type":"Feature","geometry":null,"properties":{"risk_score":2.8590987292321377,"verdict":"RED_BLOCKS_DRAINAGE","lost_frac":0,"flow_frac":1.0,"upstream_km2":27.717084884643555,"hand_m":50,"area_in_meters":66.98899841308594,"confidence":0.7200000286102295}},{"type":"Feature","geometry":null,"properties":{"risk_score":2.625733414849012,"verdict":"RED_BLOCKS_DRAINAGE","lost_frac":0,"flow_frac":1.0,"upstream_km2":20.833534240722656,"hand_m":50,"area_in_meters":122.9740982055664,"confidence":0.7825000286102295}},{"type":"Feature","geometry":null,"properties":{"risk_score":5.966006355502055,"verdict":"AMBER_PARTIAL","lost_frac":0,"flow_frac":0.4933333333333333,"upstream_km2":1.258225486551722,"hand_m":1.9253271484375,"area_in_meters":229.13980102539062,"confidence":0.8450000286102295}},{"type":"Feature","geometry":null,"properties":{"risk_score":31.33619464852821,"verdict":"RED_BLOCKS_DRAINAGE","lost_frac":0,"flow_frac":0.511764705882353,"upstream_km2":15.226522208032586,"hand_m":0.9764705882352942,"area_in_meters":591.6998901367188,"confidence":0.9075000286102295}},{"type":"Feature","geometry":null,"properties":{"risk_score":77.72018214157956,"verdict":"RED_BLOCKS_DRAINAGE","lost_frac":0,"flow_frac":0.8157894736842105,"upstream_km2":22.652977853327204,"hand_m":0.4420985171669408,"area_in_meters":135.33810424804688,"confidence":0.9075000286102295}},{"type":"Feature","geometry":null,"properties":{"risk_score":4.5901835501261115,"verdict":"RED_BLOCKS_DRAINAGE","lost_frac":0,"flow_frac":1.0,"upstream_km2":218.2772674560547,"hand_m":50,"area_in_meters":45.22589874267578,"confidence":0.725600004196167}},{"type":"Feature","geometry":null,"properties":{"risk_score":2.8608269530142323,"verdict":"RED_BLOCKS_DRAINAGE","lost_frac":0,"flow_frac":1.0,"upstream_km2":27.77542495727539,"hand_m":50,"area_in_meters":62.48910140991211,"confidence":0.788100004196167}},{"type":"Feature","geometry":null,"properties":{"risk_score":1.5305396083603726,"verdict":"RED_BLOCKS_DRAINAGE","lost_frac":0,"flow_frac":1.0,"upstream_km2":5.033581733703613,"hand_m":50,"area_in_meters":229.302001953125,"confidence":0.788100004196167}},{"type":"Feature","geometry":null,"properties":{"risk_score":3.6670388295008918,"verdict":"RED_BLOCKS_DRAINAGE","lost_frac":0,"flow_frac":1.0,"upstream_km2":73.1634292602539,"hand_m":50,"area_in_meters":94.69650268554688,"confidence":0.850600004196167}},{"type":"Feature","geometry":null,"properties":{"risk_score":2.7120730622267066,"verdict":"RED_BLOCKS_DRAINAGE","lost_frac":0,"flow_frac":1.0,"upstream_km2":23.16335651792329,"hand_m":50,"area_in_meters":92.16780090332031,"confidence":0.850600004196167}},{"type":"Feature","geometry":null,"properties":{"risk_score":2.728566428327632,"verdict":"RED_BLOCKS_DRAINAGE","lost_frac":0,"flow_frac":1.0,"upstream_km2":23.63592529296875,"hand_m":50,"area_in_meters":154.81619262695312,"confidence":0.7423999905586243}},{"type":"Feature","geometry":null,"properties":{"risk_score":1.9758507251855266,"verdict":"RED_BLOCKS_DRAINAGE","lost_frac":0,"flow_frac":1.0,"upstream_km2":9.178502082824707,"hand_m":50,"area_in_meters":202.91180419921875,"confidence":0.7423999905586243}},{"type":"Feature","geometry":null,"properties":{"risk_score":85.57721628657681,"verdict":"RED_BLOCKS_DRAINAGE","lost_frac":0,"flow_frac":0.68,"upstream_km2":18.895290005207062,"hand_m":0.031992187500000005,"area_in_meters":82.10260009765625,"confidence":0.8048999905586243}},{"type":"Feature","geometry":null,"properties":{"risk_score":1.1947297997953303,"verdict":"RED_BLOCKS_DRAINAGE","lost_frac":0,"flow_frac":1.0,"upstream_km2":3.0673561096191406,"hand_m":50,"area_in_meters":226.4698028564453,"confidence":0.8673999905586243}},{"type":"Feature","geometry":null,"properties":{"risk_score":1.0400836295383193,"verdict":"RED_BLOCKS_DRAINAGE","lost_frac":0,"flow_frac":1.0,"upstream_km2":2.391896963119507,"hand_m":50,"area_in_meters":201.6851043701172,"confidence":0.8673999905586243}},{"type":"Feature","geometry":null,"properties":{"risk_score":2.8167941825157206,"verdict":"RED_BLOCKS_DRAINAGE","lost_frac":0,"flow_frac":1.0,"upstream_km2":26.325305938720703,"hand_m":50,"area_in_meters":54.286800384521484,"confidence":0.7993000149726868}},{"type":"Feature","geometry":null,"properties":{"risk_score":1.8058181734407701,"verdict":"RED_BLOCKS_DRAINAGE","lost_frac":0,"flow_frac":1.0,"upstream_km2":7.336183547973633,"hand_m":50,"area_in_meters":106.8302001953125,"confidence":0.7993000149726868}},{"type":"Feature","geometry":null,"properties":{"risk_score":6.055612795806091,"verdict":"AMBER_PARTIAL","lost_frac":0,"flow_frac":0.3636363636363636,"upstream_km2":3.97044727756557,"hand_m":3.1818181818181817,"area_in_meters":1464.15625,"confidence":0.8618000149726868}},{"type":"Feature","geometry":null,"properties":{"risk_score":1.2338736348166532,"verdict":"RED_BLOCKS_DRAINAGE","lost_frac":0,"flow_frac":1.0,"upstream_km2":3.258685350418091,"hand_m":50,"area_in_meters":101.1852035522461,"confidence":0.7591999769210815}},{"type":"Feature","geometry":null,"properties":{"risk_score":2.74869303397396,"verdict":"RED_BLOCKS_DRAINAGE","lost_frac":0,"flow_frac":1.0,"upstream_km2":24.22513198852539,"hand_m":50,"area_in_meters":143.53179931640625,"confidence":0.7591999769210815}},{"type":"Feature","geometry":null,"properties":{"risk_score":1.0483981008233028,"verdict":"RED_BLOCKS_DRAINAGE","lost_frac":0,"flow_frac":1.0,"upstream_km2":2.4251770973205566,"hand_m":50,"area_in_meters":58.15660095214844,"confidence":0.7591999769210815}},{"type":"Feature","geometry":null,"properties":{"risk_score":2.844154411326068,"verdict":"RED_BLOCKS_DRAINAGE","lost_frac":0,"flow_frac":1.0,"upstream_km2":27.217514038085938,"hand_m":50,"area_in_meters":124.20449829101562,"confidence":0.8216999769210815}},{"type":"Feature","geometry":null,"properties":{"risk_score":2.7310682428083584,"verdict":"RED_BLOCKS_DRAINAGE","lost_frac":0,"flow_frac":1.0,"upstream_km2":23.708410263061523,"hand_m":50,"area_in_meters":174.00439453125,"confidence":0.8216999769210815}},{"type":"Feature","geometry":null,"properties":{"risk_score":1.0483981008233028,"verdict":"RED_BLOCKS_DRAINAGE","lost_frac":0,"flow_frac":1.0,"upstream_km2":2.4251770973205566,"hand_m":50,"area_in_meters":51.29629898071289,"confidence":0.8216999769210815}},{"type":"Feature","geometry":null,"properties":{"risk_score":1.846162477510915,"verdict":"RED_BLOCKS_DRAINAGE","lost_frac":0,"flow_frac":0.95,"upstream_km2":8.797104740142823,"hand_m":50,"area_in_meters":159.99940490722656,"confidence":0.8216999769210815}},{"type":"Feature","geometry":null,"properties":{"risk_score":4.46264012909215,"verdict":"RED_BLOCKS_DRAINAGE","lost_frac":0,"flow_frac":1.0,"upstream_km2":187.77586364746094,"hand_m":50,"area_in_meters":88.39009857177734,"confidence":0.8841999769210815}},{"type":"Feature","geometry":null,"properties":{"risk_score":2.621823912984877,"verdict":"RED_BLOCKS_DRAINAGE","lost_frac":0,"flow_frac":1.0,"upstream_km2":20.7335262298584,"hand_m":50,"area_in_meters":186.12869262695312,"confidence":0.8841999769210815}},{"type":"Feature","geometry":null,"properties":{"risk_score":2.1718419093465227,"verdict":"RED_BLOCKS_DRAINAGE","lost_frac":0,"flow_frac":1.0,"upstream_km2":11.812662124633789,"hand_m":50,"area_in_meters":87.88069915771484,"confidence":0.7480000257492065}},{"type":"Feature","geometry":null,"properties":{"risk_score":11.215393670216299,"verdict":"AMBER_PARTIAL","lost_frac":0,"flow_frac":0.5,"upstream_km2":1.533678079023957,"hand_m":0.79998779296875,"area_in_meters":79.90609741210938,"confidence":0.7480000257492065}},{"type":"Feature","geometry":null,"properties":{"risk_score":6.412119704951562,"verdict":"AMBER_PARTIAL","lost_frac":0,"flow_frac":0.3157894736842105,"upstream_km2":3.7360178883138455,"hand_m":2.3263324938322367,"area_in_meters":64.95850372314453,"confidence":0.7480000257492065}},{"type":"Feature","geometry":null,"properties":{"risk_score":4.593123902663648,"verdict":"RED_BLOCKS_DRAINAGE","lost_frac":0,"flow_frac":1.0,"upstream_km2":219.0357208251953,"hand_m":50,"area_in_meters":82.10289764404297,"confidence":0.7480000257492065}},{"type":"Feature","geometry":null,"properties":{"risk_score":2.7537424114100904,"verdict":"RED_BLOCKS_DRAINAGE","lost_frac":0,"flow_frac":1.0,"upstream_km2":24.375150680541992,"hand_m":50,"area_in_meters":103.71730041503906,"confidence":0.7480000257492065}},{"type":"Feature","geometry":null,"properties":{"risk_score":20.482418473933524,"verdict":"AMBER_PARTIAL","lost_frac":0,"flow_frac":0.46756152125279643,"upstream_km2":12.734196171739558,"hand_m":1.5973154362416107,"area_in_meters":1568.531982421875,"confidence":0.8105000257492065}},{"type":"Feature","geometry":null,"properties":{"risk_score":126.17851051086132,"verdict":"RED_BLOCKS_DRAINAGE","lost_frac":0,"flow_frac":0.9786096256684491,"upstream_km2":22.706319023182683,"hand_m":0.06631094376671123,"area_in_meters":634.177490234375,"confidence":0.753600001335144}},{"type":"Feature","geometry":null,"properties":{"risk_score":1.9768962060937305,"verdict":"RED_BLOCKS_DRAINAGE","lost_frac":0,"flow_frac":1.0,"upstream_km2":9.191006183624268,"hand_m":50,"area_in_meters":184.7427978515625,"confidence":0.816100001335144}},{"type":"Feature","geometry":null,"properties":{"risk_score":2.843060959588776,"verdict":"RED_BLOCKS_DRAINAGE","lost_frac":0,"flow_frac":1.0,"upstream_km2":27.181304295857746,"hand_m":50,"area_in_meters":198.4510040283203,"confidence":0.878600001335144}},{"type":"Feature","geometry":null,"properties":{"risk_score":2.7057893747707973,"verdict":"RED_BLOCKS_DRAINAGE","lost_frac":0,"flow_frac":1.0,"upstream_km2":22.98571014404297,"hand_m":50,"area_in_meters":144.84359741210938,"confidence":0.7078999876976013}},{"type":"Feature","geometry":null,"properties":{"risk_score":1.3687935160706701,"verdict":"GREEN_CLEAR","lost_frac":0,"flow_frac":0.09523809523809523,"upstream_km2":0.43457640281745363,"hand_m":0.0904541015625,"area_in_meters":71.81410217285156,"confidence":0.7703999876976013}},{"type":"Feature","geometry":null,"properties":{"risk_score":1.218722239743642,"verdict":"RED_BLOCKS_DRAINAGE","lost_frac":0,"flow_frac":1.0,"upstream_km2":3.1835825443267822,"hand_m":50,"area_in_meters":150.143798828125,"confidence":0.7703999876976013}},{"type":"Feature","geometry":null,"properties":{"risk_score":16.088467486668392,"verdict":"RED_BLOCKS_DRAINAGE","lost_frac":0,"flow_frac":0.6666666666666667,"upstream_km2":1.9279561961690586,"hand_m":0.9333292643229167,"area_in_meters":198.1436004638672,"confidence":0.8328999876976013}},{"type":"Feature","geometry":null,"properties":{"risk_score":1.1929829868770292,"verdict":"RED_BLOCKS_DRAINAGE","lost_frac":0,"flow_frac":1.0,"upstream_km2":3.059021234512329,"hand_m":50,"area_in_meters":424.9888916015625,"confidence":0.8953999876976013}},{"type":"Feature","geometry":null,"properties":{"risk_score":2.728566428327632,"verdict":"RED_BLOCKS_DRAINAGE","lost_frac":0,"flow_frac":1.0,"upstream_km2":23.63592529296875,"hand_m":50,"area_in_meters":194.33970642089844,"confidence":0.8953999876976013}},{"type":"Feature","geometry":null,"properties":{"risk_score":2.8927771974096195,"verdict":"RED_BLOCKS_DRAINAGE","lost_frac":0,"flow_frac":1.0,"upstream_km2":28.875581741333008,"hand_m":50,"area_in_meters":126.3644027709961,"confidence":0.8953999876976013}},{"type":"Feature","geometry":null,"properties":{"risk_score":2.842658767376706,"verdict":"RED_BLOCKS_DRAINAGE","lost_frac":0,"flow_frac":1.0,"upstream_km2":27.167997360229492,"hand_m":50,"area_in_meters":67.59839630126953,"confidence":0.7023000121116638}},{"type":"Feature","geometry":null,"properties":{"risk_score":2.707563243983808,"verdict":"RED_BLOCKS_DRAINAGE","lost_frac":0,"flow_frac":1.0,"upstream_km2":23.03572654724121,"hand_m":50,"area_in_meters":95.9928970336914,"confidence":0.7648000121116638}},{"type":"Feature","geometry":null,"properties":{"risk_score":2.775003731661603,"verdict":"RED_BLOCKS_DRAINAGE","lost_frac":0,"flow_frac":1.0,"upstream_km2":25.016681671142578,"hand_m":50,"area_in_meters":92.11710357666016,"confidence":0.7648000121116638}},{"type":"Feature","geometry":null,"properties":{"risk_score":2.795489839364128,"verdict":"RED_BLOCKS_DRAINAGE","lost_frac":0,"flow_frac":1.0,"upstream_km2":25.65015983581543,"hand_m":50,"area_in_meters":157.26060485839844,"confidence":0.8273000121116638}},{"type":"Feature","geometry":null,"properties":{"risk_score":2.903884871707073,"verdict":"RED_BLOCKS_DRAINAGE","lost_frac":0,"flow_frac":1.0,"upstream_km2":29.26782989501953,"hand_m":50,"area_in_meters":52.00590133666992,"confidence":0.8273000121116638}},{"type":"Feature","geometry":null,"properties":{"risk_score":1.4787186442729034,"verdict":"RED_BLOCKS_DRAINAGE","lost_frac":0,"flow_frac":0.5870967741935483,"upstream_km2":18.254633737379503,"hand_m":50,"area_in_meters":546.9556884765625,"confidence":0.8898000121116638}},{"type":"Feature","geometry":null,"properties":{"risk_score":2.898223586455044,"verdict":"RED_BLOCKS_DRAINAGE","lost_frac":0,"flow_frac":1.0,"upstream_km2":29.067272186279297,"hand_m":50,"area_in_meters":52.054500579833984,"confidence":0.7190999984741211}},{"type":"Feature","geometry":null,"properties":{"risk_score":2.7785612222822476,"verdict":"RED_BLOCKS_DRAINAGE","lost_frac":0,"flow_frac":1.0,"upstream_km2":25.12559700012207,"hand_m":50,"area_in_meters":40.194000244140625,"confidence":0.7190999984741211}},{"type":"Feature","geometry":null,"properties":{"risk_score":21.128605517627992,"verdict":"AMBER_PARTIAL","lost_frac":0,"flow_frac":0.4666666666666667,"upstream_km2":10.996974950221679,"hand_m":1.3833414713541665,"area_in_meters":102.8281021118164,"confidence":0.7246999740600586}},{"type":"Feature","geometry":null,"properties":{"risk_score":1.0015619133127636,"verdict":"RED_BLOCKS_DRAINAGE","lost_frac":0,"flow_frac":1.0,"upstream_km2":2.241877317428589,"hand_m":50,"area_in_meters":236.5373992919922,"confidence":0.7871999740600586}},{"type":"Feature","geometry":null,"properties":{"risk_score":6.569981505968012,"verdict":"AMBER_PARTIAL","lost_frac":0,"flow_frac":0.46551724137931033,"upstream_km2":1.4127917768401574,"hand_m":1.710351352033944,"area_in_meters":200.98829650878906,"confidence":0.8496999740600586}},{"type":"Feature","geometry":null,"properties":{"risk_score":1.228660729322178,"verdict":"RED_BLOCKS_DRAINAGE","lost_frac":0,"flow_frac":0.9696969696969698,"upstream_km2":3.427909666954568,"hand_m":50,"area_in_meters":122.73590087890625,"confidence":0.8496999740600586}},{"type":"Feature","geometry":null,"properties":{"risk_score":3.7279770049497825,"verdict":"RED_BLOCKS_DRAINAGE","lost_frac":0,"flow_frac":1.0,"upstream_km2":78.66513061523438,"hand_m":50,"area_in_meters":171.75759887695312,"confidence":0.9121999740600586}},{"type":"Feature","geometry":null,"properties":{"risk_score":2.74869303397396,"verdict":"RED_BLOCKS_DRAINAGE","lost_frac":0,"flow_frac":1.0,"upstream_km2":24.22513198852539,"hand_m":50,"area_in_meters":178.0675048828125,"confidence":0.7135000228881836}},{"type":"Feature","geometry":null,"properties":{"risk_score":2.7103643806935214,"verdict":"RED_BLOCKS_DRAINAGE","lost_frac":0,"flow_frac":1.0,"upstream_km2":23.114920479910715,"hand_m":50,"area_in_meters":111.0427017211914,"confidence":0.7760000228881836}},{"type":"Feature","geometry":null,"properties":{"risk_score":17.212414235184763,"verdict":"RED_BLOCKS_DRAINAGE","lost_frac":0,"flow_frac":0.5757575757575758,"upstream_km2":1.5142795434503844,"hand_m":0.3393887606534091,"area_in_meters":118.9729995727539,"confidence":0.7760000228881836}},{"type":"Feature","geometry":null,"properties":{"risk_score":1.7528822732789648,"verdict":"RED_BLOCKS_DRAINAGE","lost_frac":0,"flow_frac":1.0,"upstream_km2":6.833754539489746,"hand_m":50,"area_in_meters":131.4739990234375,"confidence":0.7760000228881836}},{"type":"Feature","geometry":null,"properties":{"risk_score":2.1718419093465227,"verdict":"RED_BLOCKS_DRAINAGE","lost_frac":0,"flow_frac":1.0,"upstream_km2":11.812662124633789,"hand_m":50,"area_in_meters":62.28670120239258,"confidence":0.8385000228881836}},{"type":"Feature","geometry":null,"properties":{"risk_score":2.626707973705372,"verdict":"RED_BLOCKS_DRAINAGE","lost_frac":0,"flow_frac":1.0,"upstream_km2":20.858535766601562,"hand_m":50,"area_in_meters":68.20670318603516,"confidence":0.8385000228881836}},{"type":"Feature","geometry":null,"properties":{"risk_score":4.721804252833618,"verdict":"AMBER_PARTIAL","lost_frac":0,"flow_frac":0.42857142857142855,"upstream_km2":1.3691755346953869,"hand_m":2.400006975446429,"area_in_meters":105.40889739990234,"confidence":0.7358999848365784}},{"type":"Feature","geometry":null,"properties":{"risk_score":22.096046570123804,"verdict":"RED_BLOCKS_DRAINAGE","lost_frac":0,"flow_frac":0.5483870967741935,"upstream_km2":26.55145574036625,"hand_m":2.5741990612399195,"area_in_meters":103.33699798583984,"confidence":0.7983999848365784}},{"type":"Feature","geometry":null,"properties":{"risk_score":1.1104182891191237,"verdict":"RED_BLOCKS_DRAINAGE","lost_frac":0,"flow_frac":1.0,"upstream_km2":2.6839466094970703,"hand_m":50,"area_in_meters":192.00430297851562,"confidence":0.7983999848365784}},{"type":"Feature","geometry":null,"properties":{"risk_score":1.8032596472328442,"verdict":"RED_BLOCKS_DRAINAGE","lost_frac":0,"flow_frac":1.0,"upstream_km2":7.3111748695373535,"hand_m":50,"area_in_meters":109.79309844970703,"confidence":0.7983999848365784}},{"type":"Feature","geometry":null,"properties":{"risk_score":2.746734327379937,"verdict":"RED_BLOCKS_DRAINAGE","lost_frac":0,"flow_frac":1.0,"upstream_km2":24.167177200317383,"hand_m":50,"area_in_meters":110.814697265625,"confidence":0.7303000092506409}},{"type":"Feature","geometry":null,"properties":{"risk_score":1.5497172488981485,"verdict":"AMBER_PARTIAL","lost_frac":0,"flow_frac":0.16666666666666666,"upstream_km2":1.1156344111077487,"hand_m":2.5,"area_in_meters":52.100799560546875,"confidence":0.7303000092506409}},{"type":"Feature","geometry":null,"properties":{"risk_score":2.7984145408371424,"verdict":"RED_BLOCKS_DRAINAGE","lost_frac":0,"flow_frac":1.0,"upstream_km2":25.74184799194336,"hand_m":50,"area_in_meters":124.8041000366211,"confidence":0.8553000092506409}},{"type":"Feature","geometry":null,"properties":{"risk_score":4.5901835501261115,"verdict":"RED_BLOCKS_DRAINAGE","lost_frac":0,"flow_frac":1.0,"upstream_km2":218.2772674560547,"hand_m":50,"area_in_meters":334.0083923339844,"confidence":0.9178000092506409}},{"type":"Feature","geometry":null,"properties":{"risk_score":2.860333540653563,"verdict":"RED_BLOCKS_DRAINAGE","lost_frac":0,"flow_frac":1.0,"upstream_km2":27.758756637573242,"hand_m":50,"area_in_meters":68.6166000366211,"confidence":0.7470999956130981}},{"type":"Feature","geometry":null,"properties":{"risk_score":45.99481178463174,"verdict":"RED_BLOCKS_DRAINAGE","lost_frac":0,"flow_frac":0.8823529411764706,"upstream_km2":2.8247314702500317,"hand_m":0.11764705882352941,"area_in_meters":55.73830032348633,"confidence":0.7470999956130981}},{"type":"Feature","geometry":null,"properties":{"risk_score":4.462602477385513,"verdict":"RED_BLOCKS_DRAINAGE","lost_frac":0,"flow_frac":1.0,"upstream_km2":187.76751708984375,"hand_m":50,"area_in_meters":49.97529983520508,"confidence":0.7470999956130981}},{"type":"Feature","geometry":null,"properties":{"risk_score":3.0539561107648066,"verdict":"GREEN_CLEAR","lost_frac":0,"flow_frac":0.12,"upstream_km2":3.10035751670599,"hand_m":1.407978515625,"area_in_meters":86.00430297851562,"confidence":0.8720999956130981}},{"type":"Feature","geometry":null,"properties":{"risk_score":96.62584006545826,"verdict":"RED_BLOCKS_DRAINAGE","lost_frac":0,"flow_frac":0.8035714285714286,"upstream_km2":22.32281213815856,"hand_m":0.13749040876116073,"area_in_meters":186.23980712890625,"confidence":0.8720999956130981}},{"type":"Feature","geometry":null,"properties":{"risk_score":2.7984145408371424,"verdict":"RED_BLOCKS_DRAINAGE","lost_frac":0,"flow_frac":1.0,"upstream_km2":25.74184799194336,"hand_m":50,"area_in_meters":130.45799255371094,"confidence":0.8720999956130981}},{"type":"Feature","geometry":null,"properties":{"risk_score":1.8168169333870148,"verdict":"RED_BLOCKS_DRAINAGE","lost_frac":0,"flow_frac":1.0,"upstream_km2":7.444552421569824,"hand_m":50,"area_in_meters":76.77899932861328,"confidence":0.7526999711990356}},{"type":"Feature","geometry":null,"properties":{"risk_score":2.728566428327632,"verdict":"RED_BLOCKS_DRAINAGE","lost_frac":0,"flow_frac":1.0,"upstream_km2":23.63592529296875,"hand_m":50,"area_in_meters":138.53610229492188,"confidence":0.8151999711990356}},{"type":"Feature","geometry":null,"properties":{"risk_score":45.81822702206813,"verdict":"RED_BLOCKS_DRAINAGE","lost_frac":0,"flow_frac":0.8750000000000001,"upstream_km2":2.82426190469414,"hand_m":0.1125030517578125,"area_in_meters":195.25909423828125,"confidence":0.8151999711990356}},{"type":"Feature","geometry":null,"properties":{"risk_score":2.8444058565509076,"verdict":"RED_BLOCKS_DRAINAGE","lost_frac":0,"flow_frac":1.0,"upstream_km2":27.225847244262695,"hand_m":50,"area_in_meters":107.69640350341797,"confidence":0.8151999711990356}},{"type":"Feature","geometry":null,"properties":{"risk_score":2.9424738532717676,"verdict":"RED_BLOCKS_DRAINAGE","lost_frac":0,"flow_frac":1.0,"upstream_km2":30.670991897583008,"hand_m":50,"area_in_meters":141.785400390625,"confidence":0.8776999711990356}},{"type":"Feature","geometry":null,"properties":{"risk_score":1.0789346998056413,"verdict":"RED_BLOCKS_DRAINAGE","lost_frac":0,"flow_frac":1.0,"upstream_km2":2.550231695175171,"hand_m":50,"area_in_meters":117.1583023071289,"confidence":0.8776999711990356}},{"type":"Feature","geometry":null,"properties":{"risk_score":2.7877308653496096,"verdict":"RED_BLOCKS_DRAINAGE","lost_frac":0,"flow_frac":1.0,"upstream_km2":25.40843963623047,"hand_m":50,"area_in_meters":143.79660034179688,"confidence":0.8040000200271606}},{"type":"Feature","geometry":null,"properties":{"risk_score":36.048798922545025,"verdict":"AMBER_PARTIAL","lost_frac":0,"flow_frac":0.5,"upstream_km2":13.241835528053345,"hand_m":0.600006103515625,"area_in_meters":97.28959655761719,"confidence":0.8040000200271606}},{"type":"Feature","geometry":null,"properties":{"risk_score":1.7822664623711828,"verdict":"RED_BLOCKS_DRAINAGE","lost_frac":0,"flow_frac":1.0,"upstream_km2":7.1087870597839355,"hand_m":50,"area_in_meters":164.7362060546875,"confidence":0.8040000200271606}},{"type":"Feature","geometry":null,"properties":{"risk_score":9.909237565148594,"verdict":"AMBER_PARTIAL","lost_frac":0,"flow_frac":0.2714285714285714,"upstream_km2":5.636600698264582,"hand_m":1.2514299665178572,"area_in_meters":490.7723083496094,"confidence":0.8665000200271606}},{"type":"Feature","geometry":null,"properties":{"risk_score":64.20485565520309,"verdict":"RED_BLOCKS_DRAINAGE","lost_frac":0,"flow_frac":0.7567567567567568,"upstream_km2":20.041471752463966,"hand_m":0.5594564901815879,"area_in_meters":156.1143035888672,"confidence":0.8665000200271606}},{"type":"Feature","geometry":null,"properties":{"risk_score":3.50532984702976,"verdict":"GREEN_CLEAR","lost_frac":0,"flow_frac":0.13138686131386862,"upstream_km2":10.342804860031356,"hand_m":2.953305877908303,"area_in_meters":452.6585998535156,"confidence":0.7583000063896179}},{"type":"Feature","geometry":null,"properties":{"risk_score":18.21414512089149,"verdict":"AMBER_PARTIAL","lost_frac":0,"flow_frac":0.40566037735849064,"upstream_km2":11.28712443308026,"hand_m":1.4263933289725828,"area_in_meters":351.9092102050781,"confidence":0.8833000063896179}},{"type":"Feature","geometry":null,"properties":{"risk_score":14.378493694414079,"verdict":"AMBER_PARTIAL","lost_frac":0,"flow_frac":0.4027777777777778,"upstream_km2":9.420918493272945,"hand_m":1.8514107598198786,"area_in_meters":215.2707977294922,"confidence":0.8833000063896179}},{"type":"Feature","geometry":null,"properties":{"risk_score":1.184110060343759,"verdict":"RED_BLOCKS_DRAINAGE","lost_frac":0,"flow_frac":1.0,"upstream_km2":3.0169472694396973,"hand_m":50,"area_in_meters":42.05220031738281,"confidence":0.7013999819755554}},{"type":"Feature","geometry":null,"properties":{"risk_score":2.707563243983808,"verdict":"RED_BLOCKS_DRAINAGE","lost_frac":0,"flow_frac":1.0,"upstream_km2":23.03572654724121,"hand_m":50,"area_in_meters":155.27639770507812,"confidence":0.7638999819755554}},{"type":"Feature","geometry":null,"properties":{"risk_score":41.46827120009935,"verdict":"AMBER_PARTIAL","lost_frac":0,"flow_frac":0.4666666666666667,"upstream_km2":9.735094751991953,"hand_m":0.16002604166666667,"area_in_meters":214.52430725097656,"confidence":0.8263999819755554}},{"type":"Feature","geometry":null,"properties":{"risk_score":2.9139885607176033,"verdict":"RED_BLOCKS_DRAINAGE","lost_frac":0,"flow_frac":1.0,"upstream_km2":29.62909507751465,"hand_m":50,"area_in_meters":55.911800384521484,"confidence":0.8263999819755554}},{"type":"Feature","geometry":null,"properties":{"risk_score":2.747299872103771,"verdict":"RED_BLOCKS_DRAINAGE","lost_frac":0,"flow_frac":1.0,"upstream_km2":24.183897018432617,"hand_m":50,"area_in_meters":153.05819702148438,"confidence":0.8263999819755554}},{"type":"Feature","geometry":null,"properties":{"risk_score":1.0463346721211475,"verdict":"RED_BLOCKS_DRAINAGE","lost_frac":0,"flow_frac":1.0,"upstream_km2":2.4168875217437744,"hand_m":50,"area_in_meters":71.76029968261719,"confidence":0.7125999927520752}},{"type":"Feature","geometry":null,"properties":{"risk_score":2.842658767376706,"verdict":"RED_BLOCKS_DRAINAGE","lost_frac":0,"flow_frac":1.0,"upstream_km2":27.167997360229492,"hand_m":50,"area_in_meters":83.39089965820312,"confidence":0.7750999927520752}},{"type":"Feature","geometry":null,"properties":{"risk_score":4.322624350607426,"verdict":"AMBER_PARTIAL","lost_frac":0,"flow_frac":0.4,"upstream_km2":1.2618010703474287,"hand_m":2.27999267578125,"area_in_meters":305.87091064453125,"confidence":0.7750999927520752}},{"type":"Feature","geometry":null,"properties":{"risk_score":65.40974520662523,"verdict":"RED_BLOCKS_DRAINAGE","lost_frac":0,"flow_frac":0.7264957264957265,"upstream_km2":17.740995216589326,"hand_m":0.41367072733039534,"area_in_meters":417.9664001464844,"confidence":0.8375999927520752}},{"type":"Feature","geometry":null,"properties":{"risk_score":1.2338736348166532,"verdict":"RED_BLOCKS_DRAINAGE","lost_frac":0,"flow_frac":1.0,"upstream_km2":3.258685350418091,"hand_m":50,"area_in_meters":102.9126968383789,"confidence":0.8375999927520752}},{"type":"Feature","geometry":null,"properties":{"risk_score":2.9424738532717676,"verdict":"RED_BLOCKS_DRAINAGE","lost_frac":0,"flow_frac":1.0,"upstream_km2":30.670991897583008,"hand_m":50,"area_in_meters":58.94060134887695,"confidence":0.7070000171661377}},{"type":"Feature","geometry":null,"properties":{"risk_score":2.7279899493783475,"verdict":"RED_BLOCKS_DRAINAGE","lost_frac":0,"flow_frac":1.0,"upstream_km2":23.619253158569336,"hand_m":50,"area_in_meters":96.80059814453125,"confidence":0.8320000171661377}},{"type":"Feature","geometry":null,"properties":{"risk_score":1.8032596472328442,"verdict":"RED_BLOCKS_DRAINAGE","lost_frac":0,"flow_frac":1.0,"upstream_km2":7.3111748695373535,"hand_m":50,"area_in_meters":81.00959777832031,"confidence":0.8320000171661377}},{"type":"Feature","geometry":null,"properties":{"risk_score":1.0124383803323538,"verdict":"RED_BLOCKS_DRAINAGE","lost_frac":0,"flow_frac":1.0,"upstream_km2":2.2835495471954346,"hand_m":50,"area_in_meters":54.828800201416016,"confidence":0.723800003528595}},{"type":"Feature","geometry":null,"properties":{"risk_score":2.104801872965572,"verdict":"GREEN_CLEAR","lost_frac":0,"flow_frac":0.125,"upstream_km2":1.2140137464739384,"hand_m":1.049957275390625,"area_in_meters":53.42879867553711,"confidence":0.723800003528595}},{"type":"Feature","geometry":null,"properties":{"risk_score":1.2204267331745546,"verdict":"RED_BLOCKS_DRAINAGE","lost_frac":0,"flow_frac":1.0,"upstream_km2":3.191964864730835,"hand_m":50,"area_in_meters":46.45140075683594,"confidence":0.786300003528595}},{"type":"Feature","geometry":null,"properties":{"risk_score":35.195793360434216,"verdict":"AMBER_PARTIAL","lost_frac":0,"flow_frac":0.41463414634146345,"upstream_km2":10.157688723286478,"hand_m":0.2341249047256098,"area_in_meters":132.75360107421875,"confidence":0.786300003528595}},{"type":"Feature","geometry":null,"properties":{"risk_score":14.341802969144693,"verdict":"AMBER_PARTIAL","lost_frac":0,"flow_frac":0.5,"upstream_km2":3.276050563901663,"hand_m":1.20001220703125,"area_in_meters":120.177001953125,"confidence":0.848800003528595}},{"type":"Feature","geometry":null,"properties":{"risk_score":34.56370884537827,"verdict":"RED_BLOCKS_DRAINAGE","lost_frac":0,"flow_frac":0.92,"upstream_km2":2.111053236722946,"hand_m":0.3119970703125,"area_in_meters":160.1634063720703,"confidence":0.848800003528595}},{"type":"Feature","geometry":null,"properties":{"risk_score":1.187636287842247,"verdict":"RED_BLOCKS_DRAINAGE","lost_frac":0,"flow_frac":1.0,"upstream_km2":3.0336155891418457,"hand_m":50,"area_in_meters":104.85970306396484,"confidence":0.911300003528595}},{"type":"Feature","geometry":null,"properties":{"risk_score":2.7271244655376394,"verdict":"RED_BLOCKS_DRAINAGE","lost_frac":0,"flow_frac":1.0,"upstream_km2":23.5942440032959,"hand_m":50,"area_in_meters":394.614013671875,"confidence":0.911300003528595}},{"type":"Feature","geometry":null,"properties":{"risk_score":2.1327294797726206,"verdict":"RED_BLOCKS_DRAINAGE","lost_frac":0,"flow_frac":1.0,"upstream_km2":11.237481117248535,"hand_m":50,"area_in_meters":43.25699996948242,"confidence":0.7293999791145325}},{"type":"Feature","geometry":null,"properties":{"risk_score":2.7537424114100904,"verdict":"RED_BLOCKS_DRAINAGE","lost_frac":0,"flow_frac":1.0,"upstream_km2":24.375150680541992,"hand_m":50,"area_in_meters":66.96540069580078,"confidence":0.7918999791145325}},{"type":"Feature","geometry":null,"properties":{"risk_score":2.7984145408371424,"verdict":"RED_BLOCKS_DRAINAGE","lost_frac":0,"flow_frac":1.0,"upstream_km2":25.74184799194336,"hand_m":50,"area_in_meters":61.486900329589844,"confidence":0.8543999791145325}},{"type":"Feature","geometry":null,"properties":{"risk_score":1.7675004036108388,"verdict":"RED_BLOCKS_DRAINAGE","lost_frac":0,"flow_frac":1.0,"upstream_km2":6.9693922996521,"hand_m":50,"area_in_meters":44.48320007324219,"confidence":0.8543999791145325}},{"type":"Feature","geometry":null,"properties":{"risk_score":2.746734327379937,"verdict":"RED_BLOCKS_DRAINAGE","lost_frac":0,"flow_frac":1.0,"upstream_km2":24.167177200317383,"hand_m":50,"area_in_meters":63.303199768066406,"confidence":0.7182000279426575}},{"type":"Feature","geometry":null,"properties":{"risk_score":2.8378574242611347,"verdict":"RED_BLOCKS_DRAINAGE","lost_frac":0,"flow_frac":1.0,"upstream_km2":27.009624481201172,"hand_m":50,"area_in_meters":175.36740112304688,"confidence":0.7807000279426575}},{"type":"Feature","geometry":null,"properties":{"risk_score":2.8927771974096195,"verdict":"RED_BLOCKS_DRAINAGE","lost_frac":0,"flow_frac":1.0,"upstream_km2":28.875581741333008,"hand_m":50,"area_in_meters":149.6916961669922,"confidence":0.8432000279426575}},{"type":"Feature","geometry":null,"properties":{"risk_score":1.8962278063645228,"verdict":"RED_BLOCKS_DRAINAGE","lost_frac":0,"flow_frac":1.0,"upstream_km2":8.26992416381836,"hand_m":50,"area_in_meters":43.63029861450195,"confidence":0.8432000279426575}},{"type":"Feature","geometry":null,"properties":{"risk_score":2.711688025763225,"verdict":"RED_BLOCKS_DRAINAGE","lost_frac":0,"flow_frac":1.0,"upstream_km2":23.152433395385742,"hand_m":50,"area_in_meters":55.033199310302734,"confidence":0.8432000279426575}},{"type":"Feature","geometry":null,"properties":{"risk_score":2.7279899493783475,"verdict":"RED_BLOCKS_DRAINAGE","lost_frac":0,"flow_frac":1.0,"upstream_km2":23.619253158569336,"hand_m":50,"area_in_meters":175.0758056640625,"confidence":0.8432000279426575}},{"type":"Feature","geometry":null,"properties":{"risk_score":1.2871678626620489,"verdict":"RED_BLOCKS_DRAINAGE","lost_frac":0,"flow_frac":1.0,"upstream_km2":3.5337295532226562,"hand_m":50,"area_in_meters":125.77780151367188,"confidence":0.7975000143051147}},{"type":"Feature","geometry":null,"properties":{"risk_score":2.412926746774036,"verdict":"RED_BLOCKS_DRAINAGE","lost_frac":0,"flow_frac":1.0,"upstream_km2":16.005626678466797,"hand_m":50,"area_in_meters":119.6885986328125,"confidence":0.8600000143051147}},{"type":"Feature","geometry":null,"properties":{"risk_score":2.384922637330153,"verdict":"RED_BLOCKS_DRAINAGE","lost_frac":0,"flow_frac":1.0,"upstream_km2":15.455479621887207,"hand_m":50,"area_in_meters":94.22820281982422,"confidence":0.8030999898910522}},{"type":"Feature","geometry":null,"properties":{"risk_score":1.441642934773142,"verdict":"RED_BLOCKS_DRAINAGE","lost_frac":0,"flow_frac":0.8533333333333333,"upstream_km2":6.271213725904623,"hand_m":50,"area_in_meters":267.30450439453125,"confidence":0.8030999898910522}},{"type":"Feature","geometry":null,"properties":{"risk_score":89.48231026389857,"verdict":"RED_BLOCKS_DRAINAGE","lost_frac":0,"flow_frac":0.7631578947368421,"upstream_km2":15.907171515061668,"hand_m":0.04737131219161184,"area_in_meters":132.48240661621094,"confidence":0.8655999898910522}},{"type":"Feature","geometry":null,"properties":{"risk_score":24.366799072529847,"verdict":"RED_BLOCKS_DRAINAGE","lost_frac":0,"flow_frac":0.5591397849462365,"upstream_km2":43.275387313847816,"hand_m":2.7774139732442875,"area_in_meters":338.5810852050781,"confidence":0.9280999898910522}},{"type":"Feature","geometry":null,"properties":{"risk_score":1.7207611418853623,"verdict":"RED_BLOCKS_DRAINAGE","lost_frac":0,"flow_frac":1.0,"upstream_km2":6.543765544891357,"hand_m":50,"area_in_meters":227.06959533691406,"confidence":0.9280999898910522}},{"type":"Feature","geometry":null,"properties":{"risk_score":78.59487739069687,"verdict":"RED_BLOCKS_DRAINAGE","lost_frac":0,"flow_frac":0.7746478873239436,"upstream_km2":60.93965564122502,"hand_m":0.7662026848591549,"area_in_meters":252.60049438476562,"confidence":0.7462000250816345}},{"type":"Feature","geometry":null,"properties":{"risk_score":2.860333540653563,"verdict":"RED_BLOCKS_DRAINAGE","lost_frac":0,"flow_frac":1.0,"upstream_km2":27.758756637573242,"hand_m":50,"area_in_meters":58.06890106201172,"confidence":0.8087000250816345}},{"type":"Feature","geometry":null,"properties":{"risk_score":1.2050599037414342,"verdict":"RED_BLOCKS_DRAINAGE","lost_frac":0,"flow_frac":1.0,"upstream_km2":3.116997003555298,"hand_m":50,"area_in_meters":129.9080047607422,"confidence":0.8087000250816345}},{"type":"Feature","geometry":null,"properties":{"risk_score":1.7675004036108388,"verdict":"RED_BLOCKS_DRAINAGE","lost_frac":0,"flow_frac":1.0,"upstream_km2":6.9693922996521,"hand_m":50,"area_in_meters":94.93389892578125,"confidence":0.814300000667572}},{"type":"Feature","geometry":null,"properties":{"risk_score":69.86589834141466,"verdict":"RED_BLOCKS_DRAINAGE","lost_frac":0,"flow_frac":0.625,"upstream_km2":30.26906340476126,"hand_m":0.33748626708984375,"area_in_meters":54.53850173950195,"confidence":0.814300000667572}},{"type":"Feature","geometry":null,"properties":{"risk_score":1.195904208833811,"verdict":"RED_BLOCKS_DRAINAGE","lost_frac":0,"flow_frac":1.0,"upstream_km2":3.0729693928543402,"hand_m":50,"area_in_meters":174.47470092773438,"confidence":0.814300000667572}},{"type":"Feature","geometry":null,"properties":{"risk_score":34.59658880837313,"verdict":"RED_BLOCKS_DRAINAGE","lost_frac":0,"flow_frac":0.5535714285714286,"upstream_km2":14.2398303847128,"hand_m":0.8928571428571429,"area_in_meters":194.9613037109375,"confidence":0.876800000667572}},{"type":"Feature","geometry":null,"properties":{"risk_score":1.9779404050100857,"verdict":"RED_BLOCKS_DRAINAGE","lost_frac":0,"flow_frac":1.0,"upstream_km2":9.203510284423828,"hand_m":50,"area_in_meters":97.14199829101562,"confidence":0.876800000667572}},{"type":"Feature","geometry":null,"properties":{"risk_score":2.730232969294118,"verdict":"RED_BLOCKS_DRAINAGE","lost_frac":0,"flow_frac":1.0,"upstream_km2":23.684186232717416,"hand_m":50,"area_in_meters":205.77040100097656,"confidence":0.876800000667572}},{"type":"Feature","geometry":null,"properties":{"risk_score":16.410704094916234,"verdict":"RED_BLOCKS_DRAINAGE","lost_frac":0,"flow_frac":0.6181818181818182,"upstream_km2":3.2694095408882604,"hand_m":1.3745594371448862,"area_in_meters":190.97610473632812,"confidence":0.7573999762535095}},{"type":"Feature","geometry":null,"properties":{"risk_score":2.726258167272088,"verdict":"RED_BLOCKS_DRAINAGE","lost_frac":0,"flow_frac":1.0,"upstream_km2":23.569236755371094,"hand_m":50,"area_in_meters":127.40599822998047,"confidence":0.8823999762535095}},{"type":"Feature","geometry":null,"properties":{"risk_score":2.746734327379937,"verdict":"RED_BLOCKS_DRAINAGE","lost_frac":0,"flow_frac":1.0,"upstream_km2":24.167177200317383,"hand_m":50,"area_in_meters":64.30180358886719,"confidence":0.7005000114440918}},{"type":"Feature","geometry":null,"properties":{"risk_score":2.709248925736882,"verdict":"RED_BLOCKS_DRAINAGE","lost_frac":0,"flow_frac":1.0,"upstream_km2":23.08335304260254,"hand_m":50,"area_in_meters":40.156700134277344,"confidence":0.7630000114440918}},{"type":"Feature","geometry":null,"properties":{"risk_score":2.707563243983808,"verdict":"RED_BLOCKS_DRAINAGE","lost_frac":0,"flow_frac":1.0,"upstream_km2":23.03572654724121,"hand_m":50,"area_in_meters":124.32420349121094,"confidence":0.7630000114440918}},{"type":"Feature","geometry":null,"properties":{"risk_score":1.0789346998056413,"verdict":"RED_BLOCKS_DRAINAGE","lost_frac":0,"flow_frac":1.0,"upstream_km2":2.550231695175171,"hand_m":50,"area_in_meters":123.4656982421875,"confidence":0.7630000114440918}},{"type":"Feature","geometry":null,"properties":{"risk_score":1.8140496831345745,"verdict":"RED_BLOCKS_DRAINAGE","lost_frac":0,"flow_frac":1.0,"upstream_km2":7.4171552658081055,"hand_m":50,"area_in_meters":139.52769470214844,"confidence":0.8255000114440918}},{"type":"Feature","geometry":null,"properties":{"risk_score":1.08093138689451,"verdict":"RED_BLOCKS_DRAINAGE","lost_frac":0,"flow_frac":1.0,"upstream_km2":2.558565855026245,"hand_m":50,"area_in_meters":97.62870025634766,"confidence":0.8255000114440918}},{"type":"Feature","geometry":null,"properties":{"risk_score":1.0463235607414698,"verdict":"RED_BLOCKS_DRAINAGE","lost_frac":0,"flow_frac":1.0,"upstream_km2":2.4168429374694824,"hand_m":50,"area_in_meters":114.37989807128906,"confidence":0.8255000114440918}},{"type":"Feature","geometry":null,"properties":{"risk_score":1.8506120877901737,"verdict":"RED_BLOCKS_DRAINAGE","lost_frac":0,"flow_frac":1.0,"upstream_km2":7.786424160003662,"hand_m":50,"area_in_meters":119.464599609375,"confidence":0.7685999870300293}},{"type":"Feature","geometry":null,"properties":{"risk_score":5.698732591027205,"verdict":"GREEN_CLEAR","lost_frac":0,"flow_frac":0.06147540983606558,"upstream_km2":11.618442608348904,"hand_m":0.18771637463178792,"area_in_meters":846.8713989257812,"confidence":0.8310999870300293}},{"type":"Feature","geometry":null,"properties":{"risk_score":1.8140496831345745,"verdict":"RED_BLOCKS_DRAINAGE","lost_frac":0,"flow_frac":1.0,"upstream_km2":7.4171552658081055,"hand_m":50,"area_in_meters":414.7373962402344,"confidence":0.8935999870300293}},{"type":"Feature","geometry":null,"properties":{"risk_score":3.727263939838414,"verdict":"RED_BLOCKS_DRAINAGE","lost_frac":0,"flow_frac":1.0,"upstream_km2":78.59844970703125,"hand_m":50,"area_in_meters":121.67900085449219,"confidence":0.7228999733924866}},{"type":"Feature","geometry":null,"properties":{"risk_score":2.860333540653563,"verdict":"RED_BLOCKS_DRAINAGE","lost_frac":0,"flow_frac":1.0,"upstream_km2":27.758756637573242,"hand_m":50,"area_in_meters":113.05059814453125,"confidence":0.7228999733924866}},{"type":"Feature","geometry":null,"properties":{"risk_score":1.1964730367849845,"verdict":"RED_BLOCKS_DRAINAGE","lost_frac":0,"flow_frac":1.0,"upstream_km2":3.075690984725952,"hand_m":50,"area_in_meters":73.36759948730469,"confidence":0.7853999733924866}},{"type":"Feature","geometry":null,"properties":{"risk_score":2.1032280440847284,"verdict":"RED_BLOCKS_DRAINAGE","lost_frac":0,"flow_frac":1.0,"upstream_km2":10.820784568786621,"hand_m":50,"area_in_meters":128.1085968017578,"confidence":0.7853999733924866}},{"type":"Feature","geometry":null,"properties":{"risk_score":17.756003082313654,"verdict":"RED_BLOCKS_DRAINAGE","lost_frac":0,"flow_frac":0.6842105263157895,"upstream_km2":2.723255082670795,"hand_m":1.1999961451480263,"area_in_meters":68.97949981689453,"confidence":0.8478999733924866}},{"type":"Feature","geometry":null,"properties":{"risk_score":2.7122756430907033,"verdict":"RED_BLOCKS_DRAINAGE","lost_frac":0,"flow_frac":1.0,"upstream_km2":23.169105529785156,"hand_m":50,"area_in_meters":183.4698944091797,"confidence":0.8478999733924866}},{"type":"Feature","geometry":null,"properties":{"risk_score":6.6280999128698435,"verdict":"AMBER_PARTIAL","lost_frac":0,"flow_frac":0.15303430079155672,"upstream_km2":4.29643252177087,"hand_m":0.6715846401405837,"area_in_meters":3909.2294921875,"confidence":0.9728999733924866}},{"type":"Feature","geometry":null,"properties":{"risk_score":2.7195868167943518,"verdict":"RED_BLOCKS_DRAINAGE","lost_frac":0,"flow_frac":1.0,"upstream_km2":23.377506256103516,"hand_m":50,"area_in_meters":61.113800048828125,"confidence":0.7117000222206116}},{"type":"Feature","geometry":null,"properties":{"risk_score":2.709248925736882,"verdict":"RED_BLOCKS_DRAINAGE","lost_frac":0,"flow_frac":1.0,"upstream_km2":23.08335304260254,"hand_m":50,"area_in_meters":68.7135009765625,"confidence":0.7117000222206116}},{"type":"Feature","geometry":null,"properties":{"risk_score":2.7181296218205406,"verdict":"RED_BLOCKS_DRAINAGE","lost_frac":0,"flow_frac":1.0,"upstream_km2":23.335826873779297,"hand_m":50,"area_in_meters":65.32469940185547,"confidence":0.7742000222206116}},{"type":"Feature","geometry":null,"properties":{"risk_score":7.164268256691754,"verdict":"AMBER_PARTIAL","lost_frac":0,"flow_frac":0.4090909090909091,"upstream_km2":1.2982447083023463,"hand_m":1.063629150390625,"area_in_meters":77.55870056152344,"confidence":0.7742000222206116}},{"type":"Feature","geometry":null,"properties":{"risk_score":2.9424738532717676,"verdict":"RED_BLOCKS_DRAINAGE","lost_frac":0,"flow_frac":1.0,"upstream_km2":30.670991897583008,"hand_m":50,"area_in_meters":212.13949584960938,"confidence":0.8367000222206116}},{"type":"Feature","geometry":null,"properties":{"risk_score":2.410000006003811,"verdict":"RED_BLOCKS_DRAINAGE","lost_frac":0,"flow_frac":1.0,"upstream_km2":15.947279930114746,"hand_m":50,"area_in_meters":118.54290008544922,"confidence":0.8367000222206116}},{"type":"Feature","geometry":null,"properties":{"risk_score":1.2871678626620489,"verdict":"RED_BLOCKS_DRAINAGE","lost_frac":0,"flow_frac":1.0,"upstream_km2":3.5337295532226562,"hand_m":50,"area_in_meters":106.32859802246094,"confidence":0.8992000222206116}},{"type":"Feature","geometry":null,"properties":{"risk_score":4.392365340101712,"verdict":"AMBER_PARTIAL","lost_frac":0,"flow_frac":0.3953488372093023,"upstream_km2":0.9309031074476795,"hand_m":1.5720782612645348,"area_in_meters":157.4597930908203,"confidence":0.8992000222206116}},{"type":"Feature","geometry":null,"properties":{"risk_score":1.098078658861313,"verdict":"AMBER_PARTIAL","lost_frac":0,"flow_frac":0.15873015873015872,"upstream_km2":0.4925708278924936,"hand_m":1.5142754448784723,"area_in_meters":193.81109619140625,"confidence":0.7172999978065491}},{"type":"Feature","geometry":null,"properties":{"risk_score":2.734882007150012,"verdict":"RED_BLOCKS_DRAINAGE","lost_frac":0,"flow_frac":1.0,"upstream_km2":23.819316864013672,"hand_m":50,"area_in_meters":164.0518035888672,"confidence":0.7797999978065491}},{"type":"Feature","geometry":null,"properties":{"risk_score":1.0463346721211475,"verdict":"RED_BLOCKS_DRAINAGE","lost_frac":0,"flow_frac":1.0,"upstream_km2":2.4168875217437744,"hand_m":50,"area_in_meters":55.77840042114258,"confidence":0.7797999978065491}},{"type":"Feature","geometry":null,"properties":{"risk_score":2.860333540653563,"verdict":"RED_BLOCKS_DRAINAGE","lost_frac":0,"flow_frac":1.0,"upstream_km2":27.758756637573242,"hand_m":50,"area_in_meters":80.6449966430664,"confidence":0.7797999978065491}},{"type":"Feature","geometry":null,"properties":{"risk_score":2.625733414849012,"verdict":"RED_BLOCKS_DRAINAGE","lost_frac":0,"flow_frac":1.0,"upstream_km2":20.833534240722656,"hand_m":50,"area_in_meters":65.28459930419922,"confidence":0.7797999978065491}},{"type":"Feature","geometry":null,"properties":{"risk_score":2.726258167272088,"verdict":"RED_BLOCKS_DRAINAGE","lost_frac":0,"flow_frac":1.0,"upstream_km2":23.569236755371094,"hand_m":50,"area_in_meters":142.59730529785156,"confidence":0.8422999978065491}},{"type":"Feature","geometry":null,"properties":{"risk_score":2.109211985532776,"verdict":"RED_BLOCKS_DRAINAGE","lost_frac":0,"flow_frac":1.0,"upstream_km2":10.904142379760742,"hand_m":50,"area_in_meters":265.6130065917969,"confidence":0.8422999978065491}},{"type":"Feature","geometry":null,"properties":{"risk_score":5.12491662645237,"verdict":"AMBER_PARTIAL","lost_frac":0,"flow_frac":0.3,"upstream_km2":8.9070658701472,"hand_m":4.83001708984375,"area_in_meters":138.02920532226562,"confidence":0.8422999978065491}},{"type":"Feature","geometry":null,"properties":{"risk_score":1.1947297997953303,"verdict":"RED_BLOCKS_DRAINAGE","lost_frac":0,"flow_frac":1.0,"upstream_km2":3.0673561096191406,"hand_m":50,"area_in_meters":274.1654968261719,"confidence":0.8422999978065491}},{"type":"Feature","geometry":null,"properties":{"risk_score":18.855287744817687,"verdict":"AMBER_PARTIAL","lost_frac":0,"flow_frac":0.396551724137931,"upstream_km2":10.203088139199876,"hand_m":1.206896551724138,"area_in_meters":189.2344970703125,"confidence":0.9047999978065491}},{"type":"Feature","geometry":null,"properties":{"risk_score":1.1928882961028775,"verdict":"RED_BLOCKS_DRAINAGE","lost_frac":0,"flow_frac":1.0,"upstream_km2":3.05856990814209,"hand_m":50,"area_in_meters":79.29630279541016,"confidence":0.7285000085830688}},{"type":"Feature","geometry":null,"properties":{"risk_score":2.734882007150012,"verdict":"RED_BLOCKS_DRAINAGE","lost_frac":0,"flow_frac":1.0,"upstream_km2":23.819316864013672,"hand_m":50,"area_in_meters":45.747501373291016,"confidence":0.7910000085830688}},{"type":"Feature","geometry":null,"properties":{"risk_score":1.1998643987684332,"verdict":"RED_BLOCKS_DRAINAGE","lost_frac":0,"flow_frac":1.0,"upstream_km2":3.0919549465179443,"hand_m":50,"area_in_meters":41.63690185546875,"confidence":0.7910000085830688}},{"type":"Feature","geometry":null,"properties":{"risk_score":1.0453586607723226,"verdict":"RED_BLOCKS_DRAINAGE","lost_frac":0,"flow_frac":1.0,"upstream_km2":2.412973506110055,"hand_m":50,"area_in_meters":99.32890319824219,"confidence":0.7910000085830688}},{"type":"Feature","geometry":null,"properties":{"risk_score":85.93693908184964,"verdict":"RED_BLOCKS_DRAINAGE","lost_frac":0,"flow_frac":0.9393939393939394,"upstream_km2":10.165484641932629,"hand_m":0.14545602509469696,"area_in_meters":119.94539642333984,"confidence":0.8535000085830688}},{"type":"Feature","geometry":null,"properties":{"risk_score":1.1894785743601444,"verdict":"RED_BLOCKS_DRAINAGE","lost_frac":0,"flow_frac":1.0,"upstream_km2":3.042351484298706,"hand_m":50,"area_in_meters":90.01789855957031,"confidence":0.7340999841690063}},{"type":"Feature","geometry":null,"properties":{"risk_score":137.11420809793108,"verdict":"RED_BLOCKS_DRAINAGE","lost_frac":0,"flow_frac":0.9186046511627907,"upstream_km2":67.0481442391634,"hand_m":0.2279059831486192,"area_in_meters":318.0987854003906,"confidence":0.9215999841690063}},{"type":"Feature","geometry":null,"properties":{"risk_score":11.10477952403609,"verdict":"RED_BLOCKS_DRAINAGE","lost_frac":0,"flow_frac":0.6666666666666667,"upstream_km2":1.8529662775496643,"hand_m":1.7333374023437502,"area_in_meters":128.764892578125,"confidence":0.7508999705314636}},{"type":"Feature","geometry":null,"properties":{"risk_score":3.195969868997154,"verdict":"AMBER_PARTIAL","lost_frac":0,"flow_frac":0.4,"upstream_km2":0.8283904492855071,"hand_m":2.27999267578125,"area_in_meters":91.37850189208984,"confidence":0.8133999705314636}},{"type":"Feature","geometry":null,"properties":{"risk_score":17.1118871774068,"verdict":"RED_BLOCKS_DRAINAGE","lost_frac":0,"flow_frac":0.6122448979591837,"upstream_km2":1.9089313052138501,"hand_m":0.6591884068080357,"area_in_meters":517.289794921875,"confidence":0.8758999705314636}},{"type":"Feature","geometry":null,"properties":{"risk_score":2.726258167272088,"verdict":"RED_BLOCKS_DRAINAGE","lost_frac":0,"flow_frac":1.0,"upstream_km2":23.569236755371094,"hand_m":50,"area_in_meters":131.75889587402344,"confidence":0.7397000193595886}},{"type":"Feature","geometry":null,"properties":{"risk_score":44.19268526684513,"verdict":"RED_BLOCKS_DRAINAGE","lost_frac":0,"flow_frac":0.5471698113207547,"upstream_km2":39.94993449227428,"hand_m":0.996204304245283,"area_in_meters":183.4152069091797,"confidence":0.7397000193595886}},{"type":"Feature","geometry":null,"properties":{"risk_score":7.1592409585637755,"verdict":"AMBER_PARTIAL","lost_frac":0,"flow_frac":0.44642857142857145,"upstream_km2":1.3628066024476928,"hand_m":1.328584943498884,"area_in_meters":159.20260620117188,"confidence":0.8022000193595886}},{"type":"Feature","geometry":null,"properties":{"risk_score":1.184110060343759,"verdict":"RED_BLOCKS_DRAINAGE","lost_frac":0,"flow_frac":1.0,"upstream_km2":3.0169472694396973,"hand_m":50,"area_in_meters":174.10870361328125,"confidence":0.8022000193595886}},{"type":"Feature","geometry":null,"properties":{"risk_score":2.7122756430907033,"verdict":"RED_BLOCKS_DRAINAGE","lost_frac":0,"flow_frac":1.0,"upstream_km2":23.169105529785156,"hand_m":50,"area_in_meters":74.67790222167969,"confidence":0.7452999949455261}},{"type":"Feature","geometry":null,"properties":{"risk_score":4.595989870710401,"verdict":"RED_BLOCKS_DRAINAGE","lost_frac":0,"flow_frac":1.0,"upstream_km2":219.7775115966797,"hand_m":50,"area_in_meters":88.88890075683594,"confidence":0.8077999949455261}},{"type":"Feature","geometry":null,"properties":{"risk_score":2.9462753010329727,"verdict":"RED_BLOCKS_DRAINAGE","lost_frac":0,"flow_frac":1.0,"upstream_km2":30.81269073486328,"hand_m":50,"area_in_meters":78.13369750976562,"confidence":0.8077999949455261}},{"type":"Feature","geometry":null,"properties":{"risk_score":3.3325852259071977,"verdict":"AMBER_PARTIAL","lost_frac":0,"flow_frac":0.3333333333333333,"upstream_km2":0.7917427817980448,"hand_m":1.5333251953125,"area_in_meters":261.705810546875,"confidence":0.8077999949455261}},{"type":"Feature","geometry":null,"properties":{"risk_score":1.0147431240022355,"verdict":"RED_BLOCKS_DRAINAGE","lost_frac":0,"flow_frac":1.0,"upstream_km2":2.2924485206604004,"hand_m":50,"area_in_meters":182.34300231933594,"confidence":0.8077999949455261}},{"type":"Feature","geometry":null,"properties":{"risk_score":2.726258167272088,"verdict":"RED_BLOCKS_DRAINAGE","lost_frac":0,"flow_frac":1.0,"upstream_km2":23.569236755371094,"hand_m":50,"area_in_meters":125.98190307617188,"confidence":0.8077999949455261}},{"type":"Feature","geometry":null,"properties":{"risk_score":2.7122756430907033,"verdict":"RED_BLOCKS_DRAINAGE","lost_frac":0,"flow_frac":1.0,"upstream_km2":23.169105529785156,"hand_m":50,"area_in_meters":115.18800354003906,"confidence":0.8245999813079834}},{"type":"Feature","geometry":null,"properties":{"risk_score":38.86115209242212,"verdict":"RED_BLOCKS_DRAINAGE","lost_frac":0,"flow_frac":0.90625,"upstream_km2":2.780572868010495,"hand_m":0.3468761444091797,"area_in_meters":243.6707000732422,"confidence":0.8245999813079834}},{"type":"Feature","geometry":null,"properties":{"risk_score":13.320200329156028,"verdict":"AMBER_PARTIAL","lost_frac":0,"flow_frac":0.33729216152019004,"upstream_km2":10.345659418224034,"hand_m":1.6710244221811905,"area_in_meters":1452.2984619140625,"confidence":0.8190000057220459}},{"type":"Feature","geometry":null,"properties":{"risk_score":2.797617907238475,"verdict":"RED_BLOCKS_DRAINAGE","lost_frac":0,"flow_frac":1.0,"upstream_km2":25.716842651367188,"hand_m":50,"area_in_meters":64.56060028076172,"confidence":0.8190000057220459}},{"type":"Feature","geometry":null,"properties":{"risk_score":1.8334655301663123,"verdict":"RED_BLOCKS_DRAINAGE","lost_frac":0,"flow_frac":1.0,"upstream_km2":7.611274242401123,"hand_m":50,"area_in_meters":256.4126892089844,"confidence":0.8302000164985657}},{"type":"Feature","geometry":null,"properties":{"risk_score":2.7994755610117856,"verdict":"RED_BLOCKS_DRAINAGE","lost_frac":0,"flow_frac":1.0,"upstream_km2":25.775188446044922,"hand_m":50,"area_in_meters":111.35559844970703,"confidence":0.8302000164985657}},{"type":"Feature","geometry":null,"properties":{"risk_score":1.2777942516459824,"verdict":"RED_BLOCKS_DRAINAGE","lost_frac":0,"flow_frac":1.0,"upstream_km2":3.484097719192505,"hand_m":50,"area_in_meters":81.25189971923828,"confidence":0.7107999920845032}},{"type":"Feature","geometry":null,"properties":{"risk_score":2.860333540653563,"verdict":"RED_BLOCKS_DRAINAGE","lost_frac":0,"flow_frac":1.0,"upstream_km2":27.758756637573242,"hand_m":50,"area_in_meters":91.35549926757812,"confidence":0.7732999920845032}},{"type":"Feature","geometry":null,"properties":{"risk_score":4.595989870710401,"verdict":"RED_BLOCKS_DRAINAGE","lost_frac":0,"flow_frac":1.0,"upstream_km2":219.7775115966797,"hand_m":50,"area_in_meters":71.39530181884766,"confidence":0.7732999920845032}},{"type":"Feature","geometry":null,"properties":{"risk_score":22.153726443039872,"verdict":"RED_BLOCKS_DRAINAGE","lost_frac":0,"flow_frac":0.625,"upstream_km2":4.66534939641133,"hand_m":1.125,"area_in_meters":57.12590026855469,"confidence":0.8357999920845032}},{"type":"Feature","geometry":null,"properties":{"risk_score":2.7195868167943518,"verdict":"RED_BLOCKS_DRAINAGE","lost_frac":0,"flow_frac":1.0,"upstream_km2":23.377506256103516,"hand_m":50,"area_in_meters":90.78279876708984,"confidence":0.8982999920845032}},{"type":"Feature","geometry":null,"properties":{"risk_score":2.74869303397396,"verdict":"RED_BLOCKS_DRAINAGE","lost_frac":0,"flow_frac":1.0,"upstream_km2":24.22513198852539,"hand_m":50,"area_in_meters":460.1243896484375,"confidence":0.7900999784469604}},{"type":"Feature","geometry":null,"properties":{"risk_score":1.2102075795824938,"verdict":"RED_BLOCKS_DRAINAGE","lost_frac":0,"flow_frac":1.0,"upstream_km2":3.1419596672058105,"hand_m":50,"area_in_meters":47.45640182495117,"confidence":0.7900999784469604}},{"type":"Feature","geometry":null,"properties":{"risk_score":1.2271810506247398,"verdict":"RED_BLOCKS_DRAINAGE","lost_frac":0,"flow_frac":1.0,"upstream_km2":3.225346565246582,"hand_m":50,"area_in_meters":98.29740142822266,"confidence":0.7900999784469604}},{"type":"Feature","geometry":null,"properties":{"risk_score":2.754950157303483,"verdict":"RED_BLOCKS_DRAINAGE","lost_frac":0,"flow_frac":1.0,"upstream_km2":24.411165237426758,"hand_m":50,"area_in_meters":106.37909698486328,"confidence":0.7900999784469604}},{"type":"Feature","geometry":null,"properties":{"risk_score":2.9151464477716975,"verdict":"RED_BLOCKS_DRAINAGE","lost_frac":0,"flow_frac":1.0,"upstream_km2":29.6707706451416,"hand_m":50,"area_in_meters":81.80349731445312,"confidence":0.7164000272750854}},{"type":"Feature","geometry":null,"properties":{"risk_score":1.1929829868770292,"verdict":"RED_BLOCKS_DRAINAGE","lost_frac":0,"flow_frac":1.0,"upstream_km2":3.059021234512329,"hand_m":50,"area_in_meters":379.97979736328125,"confidence":0.7789000272750854}},{"type":"Feature","geometry":null,"properties":{"risk_score":1.8367002131628545,"verdict":"RED_BLOCKS_DRAINAGE","lost_frac":0,"flow_frac":1.0,"upstream_km2":7.644046783447266,"hand_m":50,"area_in_meters":58.425201416015625,"confidence":0.8414000272750854}},{"type":"Feature","geometry":null,"properties":{"risk_score":2.7195868167943518,"verdict":"RED_BLOCKS_DRAINAGE","lost_frac":0,"flow_frac":1.0,"upstream_km2":23.377506256103516,"hand_m":50,"area_in_meters":351.79058837890625,"confidence":0.8414000272750854}},{"type":"Feature","geometry":null,"properties":{"risk_score":2.625733414849012,"verdict":"RED_BLOCKS_DRAINAGE","lost_frac":0,"flow_frac":1.0,"upstream_km2":20.833534240722656,"hand_m":50,"area_in_meters":248.5612030029297,"confidence":0.8414000272750854}},{"type":"Feature","geometry":null,"properties":{"risk_score":32.626871612630275,"verdict":"RED_BLOCKS_DRAINAGE","lost_frac":0,"flow_frac":0.5593220338983051,"upstream_km2":5.151399588212371,"hand_m":0.3525369935116526,"area_in_meters":182.49220275878906,"confidence":0.8414000272750854}},{"type":"Feature","geometry":null,"properties":{"risk_score":2.7271244655376394,"verdict":"RED_BLOCKS_DRAINAGE","lost_frac":0,"flow_frac":1.0,"upstream_km2":23.5942440032959,"hand_m":50,"area_in_meters":85.54399871826172,"confidence":0.9039000272750854}},{"type":"Feature","geometry":null,"properties":{"risk_score":2.728566428327632,"verdict":"RED_BLOCKS_DRAINAGE","lost_frac":0,"flow_frac":1.0,"upstream_km2":23.63592529296875,"hand_m":50,"area_in_meters":156.70790100097656,"confidence":0.784500002861023}},{"type":"Feature","geometry":null,"properties":{"risk_score":1.5478733584161595,"verdict":"AMBER_PARTIAL","lost_frac":0,"flow_frac":0.1857142857142857,"upstream_km2":5.15424516344709,"hand_m":8.468541608537945,"area_in_meters":235.7397003173828,"confidence":0.784500002861023}},{"type":"Feature","geometry":null,"properties":{"risk_score":1.7842709910769687,"verdict":"RED_BLOCKS_DRAINAGE","lost_frac":0,"flow_frac":1.0,"upstream_km2":7.127897262573242,"hand_m":50,"area_in_meters":65.66179656982422,"confidence":0.784500002861023}},{"type":"Feature","geometry":null,"properties":{"risk_score":1.131273360867122,"verdict":"RED_BLOCKS_DRAINAGE","lost_frac":0,"flow_frac":1.0,"upstream_km2":2.775282144546509,"hand_m":50,"area_in_meters":405.2196044921875,"confidence":0.909500002861023}},{"type":"Feature","geometry":null,"properties":{"risk_score":3.0509063472680795,"verdict":"AMBER_PARTIAL","lost_frac":0,"flow_frac":0.17073170731707318,"upstream_km2":13.43266529503574,"hand_m":5.487816787347561,"area_in_meters":137.42129516601562,"confidence":0.7387999892234802}},{"type":"Feature","geometry":null,"properties":{"risk_score":84.37309276560926,"verdict":"RED_BLOCKS_DRAINAGE","lost_frac":0,"flow_frac":0.7916666666666666,"upstream_km2":16.51474374210617,"hand_m":0.16667683919270831,"area_in_meters":168.99920654296875,"confidence":0.8012999892234802}},{"type":"Feature","geometry":null,"properties":{"risk_score":1.4993306573611072,"verdict":"RED_BLOCKS_DRAINAGE","lost_frac":0,"flow_frac":0.6296296296296297,"upstream_km2":15.385429603082166,"hand_m":50,"area_in_meters":261.63238525390625,"confidence":0.8012999892234802}},{"type":"Feature","geometry":null,"properties":{"risk_score":1.2586067108826682,"verdict":"RED_BLOCKS_DRAINAGE","lost_frac":0,"flow_frac":1.0,"upstream_km2":3.384190559387207,"hand_m":50,"area_in_meters":56.2504997253418,"confidence":0.8637999892234802}},{"type":"Feature","geometry":null,"properties":{"risk_score":1.8140496831345745,"verdict":"RED_BLOCKS_DRAINAGE","lost_frac":0,"flow_frac":1.0,"upstream_km2":7.4171552658081055,"hand_m":50,"area_in_meters":103.89559936523438,"confidence":0.8637999892234802}},{"type":"Feature","geometry":null,"properties":{"risk_score":1.8140496831345745,"verdict":"RED_BLOCKS_DRAINAGE","lost_frac":0,"flow_frac":1.0,"upstream_km2":7.4171552658081055,"hand_m":50,"area_in_meters":41.39550018310547,"confidence":0.7332000136375427}},{"type":"Feature","geometry":null,"properties":{"risk_score":2.625733414849012,"verdict":"RED_BLOCKS_DRAINAGE","lost_frac":0,"flow_frac":1.0,"upstream_km2":20.833534240722656,"hand_m":50,"area_in_meters":63.21189880371094,"confidence":0.7332000136375427}},{"type":"Feature","geometry":null,"properties":{"risk_score":59.09175582682259,"verdict":"RED_BLOCKS_DRAINAGE","lost_frac":0,"flow_frac":0.7142857142857142,"upstream_km2":17.306046906193448,"hand_m":0.5261913481212797,"area_in_meters":139.00509643554688,"confidence":0.7332000136375427}},{"type":"Feature","geometry":null,"properties":{"risk_score":1.9758507251855266,"verdict":"RED_BLOCKS_DRAINAGE","lost_frac":0,"flow_frac":1.0,"upstream_km2":9.178502082824707,"hand_m":50,"area_in_meters":167.46170043945312,"confidence":0.7957000136375427}},{"type":"Feature","geometry":null,"properties":{"risk_score":2.900675722840846,"verdict":"RED_BLOCKS_DRAINAGE","lost_frac":0,"flow_frac":1.0,"upstream_km2":29.15397834777832,"hand_m":50,"area_in_meters":249.0675048828125,"confidence":0.8582000136375427}},{"type":"Feature","geometry":null,"properties":{"risk_score":1.8058181734407701,"verdict":"RED_BLOCKS_DRAINAGE","lost_frac":0,"flow_frac":1.0,"upstream_km2":7.336183547973633,"hand_m":50,"area_in_meters":120.39939880371094,"confidence":0.8582000136375427}},{"type":"Feature","geometry":null,"properties":{"risk_score":6.959210248659925,"verdict":"RED_BLOCKS_DRAINAGE","lost_frac":0,"flow_frac":0.5423728813559322,"upstream_km2":1.9836649855093682,"hand_m":2.700011172537076,"area_in_meters":233.26429748535156,"confidence":0.8582000136375427}}]}